Run configuration:
  solver: iterations=200 tol=0.001 time_limit_s=120 seed=42
  master: solver=cplex Q=2 T_minutes=660 slot_res=30 (slots=22) trip_dur_min=30 Emax=150.0 L=30.0 eps=0.01 conc_pen=0.25 delta_chg=35.0
  subproblem: solver=cplex_direct S=15.0 Wmax=60 p=50.0 fill_eps=1e-06 (slot_res=30)
  demand_file: setups/base.yaml
Initialized master problem.
[MW] enabled=True alpha=0.3 eps=0.001

=== Iteration 1 ===
Solving Master (MP)...
[SCHEDULE] master gap-tied: time_limit_s=102 mipgap=0.05 g_bd=0.05
[MP] Wrote LP: Report\master_iter_001_cuts_000_20260806_051148.lp
2026-08-06 05:11:48,164 INFO | mobauto2_benders.benders.solver | iter=1 master status=SolveStatus.OPTIMAL obj=0 lb=0
Solver log file: C:\Users\fabio\AppData\Local\Temp\tmp0ckqappp.log
MP raw solver: status=ok term=optimal incumbent=0.0 best_bound=0.0
MP solutions: count=1 keys=['Gap', 'Status', 'Message', 'Problem', 'Objective', 'Variable', 'Constraint']
[MP] Solver log: Report\master_iter_001_cuts_000_20260806_051148.log
Shuttle totals (OUT+RET): q0=0, q1=0
MP stats (solver): nodes=0 best_bound=0.0 incumbent=0.0 gap=0.0
MP result: status=SolveStatus.OPTIMAL obj=0 lb=0
[CHECK] MP: first=0 theta=0 mp_total=0 inc_obj=0 best_bound=0
[CHECK] MP bounds: mp_obj=0 mp_best_bound=0 mp_best_integer=0 term=optimal status=ok gap=0
[MP] iter=1 incumbent=0 best_bound=0 gap=0 (src: inc=cplex_api bb=cplex_api gap=cplex_api)
[MP] iter=1 cuts=0 obj=0.000
[MW] core updated (t=0..): min=0.7 max=0.7 mean=0.7
Evaluating Subproblem (SP) at candidate...
2026-08-06 05:11:48,228 INFO | mobauto2_benders.benders.solver | force-added CutType.OPTIMALITY cut 'opt_cut'
2026-08-06 05:11:48,228 INFO | mobauto2_benders.benders.solver | added 1 cut(s)
2026-08-06 05:11:48,228 INFO | mobauto2_benders.benders.solver | bounds: best_lb=0 best_ub=15000 gap=15000 rel=1
SP result: recourse=15000 feasible=True
[SP PIPELINE] iter=1 build=0.000s solve=0.000s extract=0.000s post=0.000s cutgen=0.011s mode=mw lb_valid=True tl_inc=False vars=- bin=- cons=- lp=-
[CHECK] SP: recourse=15000 first=0 sp_total=15000
[CUT TIGHTNESS] raw_line(y)=15000  SP_ub=15000  diff=0
[BENDERS] Added cut #0: const_out=7500, const_ret=7500, nnz=41, slope_range=[-735,-720], raw_pos_dm=0, scale=1
[BENDERS] Eval cut (dir): OUT lhs=0 rhs=7500; RET lhs=0 rhs=7500
Master updated: added 1 cut(s): opt_cut
[CUT SUMMARY] it=1 cand=candidate:idle decision=added skip=None theta_total=0.0 rec_total=15000.0 raw_rhs_total=15000.0 rhs_total=15000.0 lhs_total=0.0
Timing: master=0.067s sp_solve=0.012s cutgen=0.011s cutadd=0.001s cuts_added=1 total_cuts=1
MP stats: nodes=0 best_bound=0.0 incumbent=0.0 gap=0.0
[CHECK] GAP: LB=0 UB=15000 gap=15000 rel=1

=== Iteration 2 ===
Solving Master (MP)...
[SCHEDULE] master gap-tied: time_limit_s=102 mipgap=0.05 g_bd=1
[MIPSTART] x-only start applied: n_out=44 n_ret=44
[MP] Wrote LP: Report\master_iter_002_cuts_001_20260806_051148.lp
Warning:  No solution found from 1 MIP starts.
2026-08-06 05:11:48,373 INFO | mobauto2_benders.benders.solver | iter=2 master status=SolveStatus.OPTIMAL obj=0.22 lb=0.22
Solver log file: C:\Users\fabio\AppData\Local\Temp\tmps335xz1u.log
MP raw solver: status=ok term=optimal incumbent=0.22 best_bound=0.22000000000000003
MP solutions: count=1 keys=['Gap', 'Status', 'Message', 'Problem', 'Objective', 'Variable', 'Constraint']
[MP] Solver log: Report\master_iter_002_cuts_001_20260806_051148.log
Shuttle totals (OUT+RET): q0=12, q1=10
MP stats (solver): nodes=0 best_bound=0.22000000000000003 incumbent=0.22 gap=0.0
MP result: status=SolveStatus.OPTIMAL obj=0.22 lb=0.22
[CHECK] MP: first=0.22 theta=0 mp_total=0.22 inc_obj=0.22 best_bound=0.22
[CHECK] MP bounds: mp_obj=0.22 mp_best_bound=0.22 mp_best_integer=0.22 term=optimal status=ok gap=0
[MP] iter=2 incumbent=0.22 best_bound=0.22 gap=0 (src: inc=cplex_api bb=cplex_api gap=cplex_api)
[MP] iter=2 cuts=1 obj=0.220 last_const=15000.000 last_nnz=41
[MW] core updated (t=0..): min=0.49 max=0.79 mean=0.64
Evaluating Subproblem (SP) at candidate...
2026-08-06 05:11:48,437 INFO | mobauto2_benders.benders.solver | force-added CutType.OPTIMALITY cut 'opt_cut'
2026-08-06 05:11:48,437 INFO | mobauto2_benders.benders.solver | added 1 cut(s)
2026-08-06 05:11:48,437 INFO | mobauto2_benders.benders.solver | bounds: best_lb=0.22 best_ub=5555.22 gap=5555 rel=1
SP result: recourse=5555 feasible=True
[SP PIPELINE] iter=2 build=0.000s solve=0.000s extract=0.000s post=0.000s cutgen=0.011s mode=mw lb_valid=True tl_inc=False vars=- bin=- cons=- lp=-
[CHECK] SP: recourse=5555 first=0.22 sp_total=5555.22
[CUT TIGHTNESS] raw_line(y)=5555  SP_ub=5555  diff=0
[BENDERS] Added cut #1: const_out=6096, const_ret=4604, nnz=26, slope_range=[-735,-15], raw_pos_dm=0, scale=1
[BENDERS] Eval cut (dir): OUT lhs=0 rhs=3171; RET lhs=0 rhs=2384
Master updated: added 1 cut(s): opt_cut
[CUT SUMMARY] it=2 cand=OUT[0,1]|RET[0,2]|OUT[0,3]|RET[0,4]|OUT[0,7]|RET[0,8]|OUT[0,12]|RET[0,13]|OUT[0,16]|RET[0,17]|OUT[0,18]|RET[0,19]|...(+10) decision=added skip=None theta_total=0.0 rec_total=5555.0 raw_rhs_total=5555.0 rhs_total=5555.0 lhs_total=0.0
Timing: master=0.145s sp_solve=0.012s cutgen=0.011s cutadd=0.001s cuts_added=1 total_cuts=2
MP stats: nodes=0 best_bound=0.22000000000000003 incumbent=0.22 gap=0.0
[CHECK] GAP: LB=0.22 UB=5555.22 gap=5555 rel=1

=== Iteration 3 ===
Solving Master (MP)...
[SCHEDULE] master gap-tied: time_limit_s=102 mipgap=0.05 g_bd=1
[MIPSTART] x-only start applied: n_out=44 n_ret=44
[MP] Wrote LP: Report\master_iter_003_cuts_002_20260806_051148.lp
Warning:  No solution found from 1 MIP starts.
2026-08-06 05:11:48,755 INFO | mobauto2_benders.benders.solver | iter=3 master status=SolveStatus.FEASIBLE obj=202.99 lb=193.129
Solver log file: C:\Users\fabio\AppData\Local\Temp\tmpc6y_bvel.log
MP raw solver: status=ok term=optimal incumbent=202.98999999999998 best_bound=193.12929945054944
MP solutions: count=1 keys=['Gap', 'Status', 'Message', 'Problem', 'Objective', 'Variable', 'Constraint']
[MP] Solver log: Report\master_iter_003_cuts_002_20260806_051148.log
Shuttle totals (OUT+RET): q0=12, q1=12
MP stats (solver): nodes=239 best_bound=193.12929945054944 incumbent=202.98999999999998 gap=0.04857727252300944
MP result: status=SolveStatus.FEASIBLE obj=202.99 lb=193.129
[CHECK] MP: first=1.99 theta=201 mp_total=202.99 inc_obj=202.99 best_bound=193.129
[CHECK] MP bounds: mp_obj=202.99 mp_best_bound=193.129 mp_best_integer=202.99 term=optimal status=ok gap=0.0485773
[MP] iter=3 incumbent=202.99 best_bound=193.129 gap=0.0485773 (src: inc=cplex_api bb=cplex_api gap=cplex_api)
[MP] iter=3 cuts=2 obj=202.990 last_const=10700.000 last_nnz=26
[MW] core updated (t=0..): min=0.343 max=1.15 mean=0.612
Evaluating Subproblem (SP) at candidate...
2026-08-06 05:11:48,806 INFO | mobauto2_benders.benders.solver | force-added CutType.OPTIMALITY cut 'opt_cut'
2026-08-06 05:11:48,806 INFO | mobauto2_benders.benders.solver | added 1 cut(s)
2026-08-06 05:11:48,806 INFO | mobauto2_benders.benders.solver | bounds: best_lb=193.129 best_ub=5555.22 gap=5362.09 rel=0.965
SP result: recourse=6615 feasible=True
[SP PIPELINE] iter=3 build=0.000s solve=0.000s extract=0.000s post=0.000s cutgen=0.013s mode=mw lb_valid=True tl_inc=False vars=- bin=- cons=- lp=-
[CHECK] SP: recourse=6615 first=1.99 sp_total=6616.99
[CUT TIGHTNESS] raw_line(y)=6615  SP_ub=6615  diff=-9.09e-13
[BENDERS] Added cut #2: const_out=6923, const_ret=4777, nnz=28, slope_range=[-1.44e+03,-15], raw_pos_dm=0, scale=1
[BENDERS] Eval cut (dir): OUT lhs=201 rhs=4043; RET lhs=0 rhs=2572
Master updated: added 1 cut(s): opt_cut
[CUT SUMMARY] it=3 cand=OUT[0,1]|RET[0,2]|OUT[0,5]|RET[0,6]|OUT[0,8]|RET[0,9]|OUT[0,10]|RET[0,11]|OUT[0,14]|RET[0,15]|OUT[0,18]|RET[0,19]|...(+12) decision=added skip=None theta_total=201.0 rec_total=6615.000019 raw_rhs_total=6615.000018999999 rhs_total=6615.000019000002 lhs_total=201.0
Timing: master=0.318s sp_solve=0.013s cutgen=0.013s cutadd=0.001s cuts_added=1 total_cuts=3
MP stats: nodes=239 best_bound=193.12929945054944 incumbent=202.98999999999998 gap=0.04857727252300944
[CHECK] GAP: LB=193.129 UB=5555.22 gap=5362.09 rel=0.965

=== Iteration 4 ===
Solving Master (MP)...
[SCHEDULE] master gap-tied: time_limit_s=102 mipgap=0.05 g_bd=0.965
[MIPSTART] x-only start applied: n_out=44 n_ret=44
[MP] Wrote LP: Report\master_iter_004_cuts_003_20260806_051148.lp
Warning:  No solution found from 1 MIP starts.
2026-08-06 05:11:49,146 INFO | mobauto2_benders.benders.solver | iter=4 master status=SolveStatus.FEASIBLE obj=248.47 lb=240.368
Solver log file: C:\Users\fabio\AppData\Local\Temp\tmpud4zzcff.log
MP raw solver: status=ok term=optimal incumbent=248.46999999999997 best_bound=240.3683849279647
MP solutions: count=1 keys=['Gap', 'Status', 'Message', 'Problem', 'Objective', 'Variable', 'Constraint']
[MP] Solver log: Report\master_iter_004_cuts_003_20260806_051148.log
Shuttle totals (OUT+RET): q0=12, q1=10
MP stats (solver): nodes=0 best_bound=240.3683849279647 incumbent=248.46999999999997 gap=0.03260600906359721
MP result: status=SolveStatus.FEASIBLE obj=248.47 lb=240.368
[CHECK] MP: first=2.47 theta=246 mp_total=248.47 inc_obj=248.47 best_bound=240.368
[CHECK] MP bounds: mp_obj=248.47 mp_best_bound=240.368 mp_best_integer=248.47 term=optimal status=ok gap=0.032606
[MP] iter=4 incumbent=248.47 best_bound=240.368 gap=0.032606 (src: inc=cplex_api bb=cplex_api gap=cplex_api)
[MP] iter=4 cuts=3 obj=248.470 last_const=11700.000 last_nnz=28
[MW] core updated (t=0..): min=0.24 max=1.26 mean=0.578
Evaluating Subproblem (SP) at candidate...
2026-08-06 05:11:49,223 INFO | mobauto2_benders.benders.solver | force-added CutType.OPTIMALITY cut 'opt_cut'
2026-08-06 05:11:49,223 INFO | mobauto2_benders.benders.solver | added 1 cut(s)
2026-08-06 05:11:49,223 INFO | mobauto2_benders.benders.solver | bounds: best_lb=240.368 best_ub=5555.22 gap=5314.85 rel=0.957
SP result: recourse=7257 feasible=True
[SP PIPELINE] iter=4 build=0.000s solve=0.000s extract=0.000s post=0.000s cutgen=0.012s mode=mw lb_valid=True tl_inc=False vars=- bin=- cons=- lp=-
[CHECK] SP: recourse=7257 first=2.47 sp_total=7259.47
[CUT TIGHTNESS] raw_line(y)=7257  SP_ub=7257  diff=-2.73e-12
[BENDERS] Added cut #3: const_out=9420, const_ret=5802, nnz=31, slope_range=[-1.44e+03,-15], raw_pos_dm=0, scale=1
[BENDERS] Eval cut (dir): OUT lhs=246 rhs=3660; RET lhs=-0 rhs=3597
Master updated: added 1 cut(s): opt_cut
[CUT SUMMARY] it=4 cand=OUT[0,2]|RET[0,3]|OUT[0,5]|RET[0,6]|OUT[0,9]|RET[0,10]|OUT[0,11]|RET[0,13]|OUT[0,16]|RET[0,17]|OUT[0,19]|RET[0,20]|...(+10) decision=added skip=None theta_total=246.0 rec_total=7257.000035 raw_rhs_total=7257.000034999996 rhs_total=7257.000035 lhs_total=246.0
Timing: master=0.332s sp_solve=0.025s cutgen=0.012s cutadd=0.001s cuts_added=1 total_cuts=4
MP stats: nodes=0 best_bound=240.3683849279647 incumbent=248.46999999999997 gap=0.03260600906359721
[CHECK] GAP: LB=240.368 UB=5555.22 gap=5314.85 rel=0.957

=== Iteration 5 ===
Solving Master (MP)...
[SCHEDULE] master gap-tied: time_limit_s=102 mipgap=0.05 g_bd=0.957
[MIPSTART] x-only start applied: n_out=44 n_ret=44
[MP] Wrote LP: Report\master_iter_005_cuts_004_20260806_051149.lp
Warning:  No solution found from 1 MIP starts.
2026-08-06 05:11:49,513 INFO | mobauto2_benders.benders.solver | iter=5 master status=SolveStatus.FEASIBLE obj=953.24 lb=905.869
Solver log file: C:\Users\fabio\AppData\Local\Temp\tmp515ald0o.log
MP raw solver: status=ok term=optimal incumbent=953.2399924957566 best_bound=905.8692958872062
MP solutions: count=1 keys=['Gap', 'Status', 'Message', 'Problem', 'Objective', 'Variable', 'Constraint']
[MP] Solver log: Report\master_iter_005_cuts_004_20260806_051149.log
Shuttle totals (OUT+RET): q0=12, q1=12
MP stats (solver): nodes=52 best_bound=905.8692958872062 incumbent=953.2399924957566 gap=0.04969440747499509
MP result: status=SolveStatus.FEASIBLE obj=953.24 lb=905.869
[CHECK] MP: first=2.24 theta=951 mp_total=953.24 inc_obj=953.24 best_bound=905.869
[CHECK] MP bounds: mp_obj=953.24 mp_best_bound=905.869 mp_best_integer=953.24 term=optimal status=ok gap=0.0496944
[MP] iter=5 incumbent=953.24 best_bound=905.869 gap=0.0496944 (src: inc=cplex_api bb=cplex_api gap=cplex_api)
[MP] iter=5 cuts=4 obj=953.240 last_const=15222.000 last_nnz=31
[MW] core updated (t=0..): min=0.168 max=1.48 mean=0.568
Evaluating Subproblem (SP) at candidate...
2026-08-06 05:11:49,575 INFO | mobauto2_benders.benders.solver | force-added CutType.OPTIMALITY cut 'opt_cut'
2026-08-06 05:11:49,575 INFO | mobauto2_benders.benders.solver | added 1 cut(s)
2026-08-06 05:11:49,575 INFO | mobauto2_benders.benders.solver | bounds: best_lb=905.869 best_ub=5555.22 gap=4649.35 rel=0.837
SP result: recourse=5711 feasible=True
[SP PIPELINE] iter=5 build=0.000s solve=0.000s extract=0.000s post=0.000s cutgen=0.013s mode=mw lb_valid=True tl_inc=False vars=- bin=- cons=- lp=-
[CHECK] SP: recourse=5711 first=2.24 sp_total=5713.24
[CUT TIGHTNESS] raw_line(y)=5711  SP_ub=5711  diff=-2.73e-12
[BENDERS] Added cut #4: const_out=9077, const_ret=5994, nnz=27, slope_range=[-1.44e+03,-15], raw_pos_dm=0, scale=1
[BENDERS] Eval cut (dir): OUT lhs=951 rhs=3317; RET lhs=0 rhs=2394
Master updated: added 1 cut(s): opt_cut
[CUT SUMMARY] it=5 cand=OUT[0,2]|RET[0,3]|OUT[0,5]|RET[0,6]|OUT[0,8]|RET[0,9]|OUT[0,11]|RET[0,12]|OUT[0,15]|RET[0,17]|OUT[0,19]|RET[0,20]|...(+12) decision=added skip=None theta_total=950.9999922131973 rec_total=5711.000056 raw_rhs_total=5710.999431284727 rhs_total=5710.999431284728 lhs_total=950.9999922131973
Timing: master=0.286s sp_solve=0.013s cutgen=0.013s cutadd=0.001s cuts_added=1 total_cuts=5
MP stats: nodes=52 best_bound=905.8692958872062 incumbent=953.2399924957566 gap=0.04969440747499509
[CHECK] GAP: LB=905.869 UB=5555.22 gap=4649.35 rel=0.837

=== Iteration 6 ===
Solving Master (MP)...
[SCHEDULE] master gap-tied: time_limit_s=102 mipgap=0.05 g_bd=0.837
[MIPSTART] x-only start applied: n_out=44 n_ret=44
[MP] Wrote LP: Report\master_iter_006_cuts_005_20260806_051149.lp
Warning:  No solution found from 1 MIP starts.
2026-08-06 05:11:50,014 INFO | mobauto2_benders.benders.solver | iter=6 master status=SolveStatus.FEASIBLE obj=1687.74 lb=1605.14
Solver log file: C:\Users\fabio\AppData\Local\Temp\tmpzc55cgtm.log
MP raw solver: status=ok term=optimal incumbent=1687.7399999999998 best_bound=1605.1368620977612
MP solutions: count=1 keys=['Gap', 'Status', 'Message', 'Problem', 'Objective', 'Variable', 'Constraint']
[MP] Solver log: Report\master_iter_006_cuts_005_20260806_051149.log
Shuttle totals (OUT+RET): q0=12, q1=12
MP stats (solver): nodes=480 best_bound=1605.1368620977612 incumbent=1687.7399999999998 gap=0.048943046856881806
MP result: status=SolveStatus.FEASIBLE obj=1687.74 lb=1605.14
[CHECK] MP: first=1.74 theta=1686 mp_total=1687.74 inc_obj=1687.74 best_bound=1605.14
[CHECK] MP bounds: mp_obj=1687.74 mp_best_bound=1605.14 mp_best_integer=1687.74 term=optimal status=ok gap=0.048943
[MP] iter=6 incumbent=1687.74 best_bound=1605.14 gap=0.048943 (src: inc=cplex_api bb=cplex_api gap=cplex_api)
[MP] iter=6 cuts=5 obj=1687.740 last_const=15071.000 last_nnz=27
[MW] core updated (t=0..): min=0.118 max=1.64 mean=0.561
Evaluating Subproblem (SP) at candidate...
2026-08-06 05:11:50,076 INFO | mobauto2_benders.benders.solver | force-added CutType.OPTIMALITY cut 'opt_cut'
2026-08-06 05:11:50,076 INFO | mobauto2_benders.benders.solver | added 1 cut(s)
2026-08-06 05:11:50,076 INFO | mobauto2_benders.benders.solver | bounds: best_lb=1605.14 best_ub=4950.74 gap=3345.6 rel=0.676
SP result: recourse=4949 feasible=True
[SP PIPELINE] iter=6 build=0.000s solve=0.000s extract=0.000s post=0.000s cutgen=0.011s mode=mw lb_valid=True tl_inc=False vars=- bin=- cons=- lp=-
[CHECK] SP: recourse=4949 first=1.74 sp_total=4950.74
[CUT TIGHTNESS] raw_line(y)=4949  SP_ub=4949  diff=-1.82e-12
[BENDERS] Added cut #5: const_out=9031, const_ret=7453, nnz=27, slope_range=[-1.44e+03,-15], raw_pos_dm=0, scale=1
[BENDERS] Eval cut (dir): OUT lhs=1686 rhs=3271; RET lhs=0 rhs=1678
Master updated: added 1 cut(s): opt_cut
[CUT SUMMARY] it=6 cand=OUT[0,2]|RET[0,3]|OUT[0,5]|RET[0,6]|OUT[0,8]|RET[0,9]|OUT[0,12]|RET[0,13]|OUT[0,16]|RET[0,18]|OUT[0,19]|RET[0,20]|...(+12) decision=added skip=None theta_total=1686.0 rec_total=4949.00006 raw_rhs_total=4949.00006 rhs_total=4949.000059999999 lhs_total=1686.0
Timing: master=0.439s sp_solve=0.012s cutgen=0.011s cutadd=0.001s cuts_added=1 total_cuts=6
MP stats: nodes=480 best_bound=1605.1368620977612 incumbent=1687.7399999999998 gap=0.048943046856881806
[CHECK] GAP: LB=1605.14 UB=4950.74 gap=3345.6 rel=0.676

=== Iteration 7 ===
Solving Master (MP)...
[SCHEDULE] master gap-tied: time_limit_s=102 mipgap=0.05 g_bd=0.676
[MIPSTART] x-only start applied: n_out=44 n_ret=44
[MP] Wrote LP: Report\master_iter_007_cuts_006_20260806_051150.lp
Warning:  No solution found from 1 MIP starts.
2026-08-06 05:11:50,507 INFO | mobauto2_benders.benders.solver | iter=7 master status=SolveStatus.FEASIBLE obj=2586.24 lb=2457.04
Solver log file: C:\Users\fabio\AppData\Local\Temp\tmpsvul7u_d.log
MP raw solver: status=ok term=optimal incumbent=2586.2400300000013 best_bound=2457.044571633538
MP solutions: count=1 keys=['Gap', 'Status', 'Message', 'Problem', 'Objective', 'Variable', 'Constraint']
[MP] Solver log: Report\master_iter_007_cuts_006_20260806_051150.log
Shuttle totals (OUT+RET): q0=12, q1=12
MP stats (solver): nodes=0 best_bound=2457.044571633538 incumbent=2586.2400300000013 gap=0.04995493723235667
MP result: status=SolveStatus.FEASIBLE obj=2586.24 lb=2457.04
[CHECK] MP: first=2.24 theta=2584 mp_total=2586.24 inc_obj=2586.24 best_bound=2457.04
[CHECK] MP bounds: mp_obj=2586.24 mp_best_bound=2457.04 mp_best_integer=2586.24 term=optimal status=ok gap=0.0499549
[MP] iter=7 incumbent=2586.24 best_bound=2457.04 gap=0.0499549 (src: inc=cplex_api bb=cplex_api gap=cplex_api)
[MP] iter=7 cuts=6 obj=2586.240 last_const=16484.000 last_nnz=27
[MW] core updated (t=0..): min=0.0824 max=1.75 mean=0.557
Evaluating Subproblem (SP) at candidate...
2026-08-06 05:11:50,594 INFO | mobauto2_benders.benders.solver | force-added CutType.OPTIMALITY cut 'opt_cut'
2026-08-06 05:11:50,594 INFO | mobauto2_benders.benders.solver | added 1 cut(s)
2026-08-06 05:11:50,594 INFO | mobauto2_benders.benders.solver | bounds: best_lb=2457.04 best_ub=4950.74 gap=2493.7 rel=0.504
SP result: recourse=5566 feasible=True
[SP PIPELINE] iter=7 build=0.000s solve=0.000s extract=0.000s post=0.000s cutgen=0.020s mode=mw lb_valid=True tl_inc=False vars=- bin=- cons=- lp=-
[CHECK] SP: recourse=5566 first=2.24 sp_total=5568.24
[CUT TIGHTNESS] raw_line(y)=5566  SP_ub=5566  diff=-2.73e-12
[BENDERS] Added cut #6: const_out=7663, const_ret=8733, nnz=30, slope_range=[-1.44e+03,-15], raw_pos_dm=0, scale=1
[BENDERS] Eval cut (dir): OUT lhs=2406 rhs=3313; RET lhs=178 rhs=2253
Master updated: added 1 cut(s): opt_cut
[CUT SUMMARY] it=7 cand=OUT[0,1]|RET[0,2]|OUT[0,5]|RET[0,6]|OUT[0,7]|RET[0,8]|OUT[0,10]|RET[0,12]|OUT[0,17]|RET[0,18]|OUT[0,19]|RET[0,20]|...(+12) decision=added skip=None theta_total=2584.00003 rec_total=5566.000045 raw_rhs_total=5566.000044999999 rhs_total=5566.000045000002 lhs_total=2584.00003
Timing: master=0.443s sp_solve=0.014s cutgen=0.020s cutadd=0.001s cuts_added=1 total_cuts=7
MP stats: nodes=0 best_bound=2457.044571633538 incumbent=2586.2400300000013 gap=0.04995493723235667
[CHECK] GAP: LB=2457.04 UB=4950.74 gap=2493.7 rel=0.504

=== Iteration 8 ===
Solving Master (MP)...
[SCHEDULE] master gap-tied: time_limit_s=102 mipgap=0.05 g_bd=0.504
[MIPSTART] x-only start applied: n_out=44 n_ret=44
[MP] Wrote LP: Report\master_iter_008_cuts_007_20260806_051150.lp
2026-08-06 05:11:50,876 INFO | mobauto2_benders.benders.solver | iter=8 master status=SolveStatus.FEASIBLE obj=3260.49 lb=3098.33
Solver log file: C:\Users\fabio\AppData\Local\Temp\tmpl9988fdp.log
MP raw solver: status=ok term=optimal incumbent=3260.4900450000005 best_bound=3098.330273099951
MP solutions: count=1 keys=['Gap', 'Status', 'Message', 'Problem', 'Objective', 'Variable', 'Constraint']
[MP] Solver log: Report\master_iter_008_cuts_007_20260806_051150.log
Shuttle totals (OUT+RET): q0=12, q1=12
MP stats (solver): nodes=834 best_bound=3098.330273099951 incumbent=3260.4900450000005 gap=0.04973478515866614
MP result: status=SolveStatus.FEASIBLE obj=3260.49 lb=3098.33
[CHECK] MP: first=1.49 theta=3259 mp_total=3260.49 inc_obj=3260.49 best_bound=3098.33
[CHECK] MP bounds: mp_obj=3260.49 mp_best_bound=3098.33 mp_best_integer=3260.49 term=optimal status=ok gap=0.0497348
[MP] iter=8 incumbent=3260.49 best_bound=3098.33 gap=0.0497348 (src: inc=cplex_api bb=cplex_api gap=cplex_api)
[MP] iter=8 cuts=7 obj=3260.490 last_const=16396.000 last_nnz=30
[MW] core updated (t=0..): min=0.0576 max=1.82 mean=0.553
Evaluating Subproblem (SP) at candidate...
2026-08-06 05:11:50,941 INFO | mobauto2_benders.benders.solver | force-added CutType.OPTIMALITY cut 'opt_cut'
2026-08-06 05:11:50,941 INFO | mobauto2_benders.benders.solver | added 1 cut(s)
2026-08-06 05:11:50,941 INFO | mobauto2_benders.benders.solver | bounds: best_lb=3098.33 best_ub=4798.49 gap=1700.16 rel=0.354
SP result: recourse=4797 feasible=True
[SP PIPELINE] iter=8 build=0.000s solve=0.000s extract=0.000s post=0.000s cutgen=0.011s mode=mw lb_valid=True tl_inc=False vars=- bin=- cons=- lp=-
[CHECK] SP: recourse=4797 first=1.49 sp_total=4798.49
[CUT TIGHTNESS] raw_line(y)=4797  SP_ub=4797  diff=-2.73e-12
[BENDERS] Added cut #7: const_out=7278, const_ret=8349, nnz=27, slope_range=[-1.44e+03,-15], raw_pos_dm=0, scale=1
[BENDERS] Eval cut (dir): OUT lhs=2506 rhs=2928; RET lhs=753 rhs=1869
Master updated: added 1 cut(s): opt_cut
[CUT SUMMARY] it=8 cand=OUT[0,1]|RET[0,2]|OUT[0,5]|RET[0,6]|OUT[0,7]|RET[0,9]|OUT[0,12]|RET[0,13]|OUT[0,17]|RET[0,18]|OUT[0,19]|RET[0,20]|...(+12) decision=added skip=None theta_total=3259.000045 rec_total=4797.000045 raw_rhs_total=4797.000044999999 rhs_total=4797.000044999998 lhs_total=3259.000045
Timing: master=0.293s sp_solve=0.012s cutgen=0.011s cutadd=0.001s cuts_added=1 total_cuts=8
MP stats: nodes=834 best_bound=3098.330273099951 incumbent=3260.4900450000005 gap=0.04973478515866614
[CHECK] GAP: LB=3098.33 UB=4798.49 gap=1700.16 rel=0.354

=== Iteration 9 ===
Solving Master (MP)...
[SCHEDULE] master gap-tied: time_limit_s=102 mipgap=0.05 g_bd=0.354
[MIPSTART] x-only start applied: n_out=44 n_ret=44
[MP] Wrote LP: Report\master_iter_009_cuts_008_20260806_051150.lp
2026-08-06 05:11:51,232 INFO | mobauto2_benders.benders.solver | iter=9 master status=SolveStatus.FEASIBLE obj=3466.24 lb=3294.81
Solver log file: C:\Users\fabio\AppData\Local\Temp\tmpkdsopzjb.log
MP raw solver: status=ok term=optimal incumbent=3466.24006 best_bound=3294.8133045102745
MP solutions: count=1 keys=['Gap', 'Status', 'Message', 'Problem', 'Objective', 'Variable', 'Constraint']
[MP] Solver log: Report\master_iter_009_cuts_008_20260806_051150.log
Shuttle totals (OUT+RET): q0=12, q1=12
MP stats (solver): nodes=774 best_bound=3294.8133045102745 incumbent=3466.24006 gap=0.04945611167211558
MP result: status=SolveStatus.FEASIBLE obj=3466.24 lb=3294.81
[CHECK] MP: first=2.24 theta=3464 mp_total=3466.24 inc_obj=3466.24 best_bound=3294.81
[CHECK] MP bounds: mp_obj=3466.24 mp_best_bound=3294.81 mp_best_integer=3466.24 term=optimal status=ok gap=0.0494561
[MP] iter=9 incumbent=3466.24 best_bound=3294.81 gap=0.0494561 (src: inc=cplex_api bb=cplex_api gap=cplex_api)
[MP] iter=9 cuts=8 obj=3466.240 last_const=15627.000 last_nnz=27
[MW] core updated (t=0..): min=0.0404 max=1.88 mean=0.551
Evaluating Subproblem (SP) at candidate...
2026-08-06 05:11:51,291 INFO | mobauto2_benders.benders.solver | force-added CutType.OPTIMALITY cut 'opt_cut'
2026-08-06 05:11:51,291 INFO | mobauto2_benders.benders.solver | added 1 cut(s)
2026-08-06 05:11:51,291 INFO | mobauto2_benders.benders.solver | bounds: best_lb=3294.81 best_ub=4798.49 gap=1503.68 rel=0.313
SP result: recourse=5478 feasible=True
[SP PIPELINE] iter=9 build=0.000s solve=0.000s extract=0.000s post=0.000s cutgen=0.012s mode=mw lb_valid=True tl_inc=False vars=- bin=- cons=- lp=-
[CHECK] SP: recourse=5478 first=2.24 sp_total=5480.24
[CUT TIGHTNESS] raw_line(y)=5478  SP_ub=5478  diff=-1.82e-12
[BENDERS] Added cut #8: const_out=9080, const_ret=8638, nnz=29, slope_range=[-1.44e+03,-15], raw_pos_dm=0, scale=1
[BENDERS] Eval cut (dir): OUT lhs=2521 rhs=3320; RET lhs=943 rhs=2158
Master updated: added 1 cut(s): opt_cut
[CUT SUMMARY] it=9 cand=OUT[0,2]|RET[0,3]|OUT[0,5]|RET[0,6]|OUT[0,9]|RET[0,11]|OUT[0,12]|RET[0,13]|OUT[0,17]|RET[0,18]|OUT[0,19]|RET[0,20]|...(+12) decision=added skip=None theta_total=3464.0000599999994 rec_total=5478.00006 raw_rhs_total=5478.000060000002 rhs_total=5478.000060000002 lhs_total=3464.0000599999994
Timing: master=0.285s sp_solve=0.012s cutgen=0.012s cutadd=0.001s cuts_added=1 total_cuts=9
MP stats: nodes=774 best_bound=3294.8133045102745 incumbent=3466.24006 gap=0.04945611167211558
[CHECK] GAP: LB=3294.81 UB=4798.49 gap=1503.68 rel=0.313

=== Iteration 10 ===
Solving Master (MP)...
[SCHEDULE] master gap-tied: time_limit_s=102 mipgap=0.05 g_bd=0.313
[MIPSTART] x-only start applied: n_out=44 n_ret=44
[MP] Wrote LP: Report\master_iter_010_cuts_009_20260806_051151.lp
2026-08-06 05:11:51,674 INFO | mobauto2_benders.benders.solver | iter=10 master status=SolveStatus.FEASIBLE obj=3641.74 lb=3459.65
Solver log file: C:\Users\fabio\AppData\Local\Temp\tmp9mffrsrq.log
MP raw solver: status=ok term=optimal incumbent=3641.740044999997 best_bound=3459.6533895532248
MP solutions: count=1 keys=['Gap', 'Status', 'Message', 'Problem', 'Objective', 'Variable', 'Constraint']
[MP] Solver log: Report\master_iter_010_cuts_009_20260806_051151.log
Shuttle totals (OUT+RET): q0=12, q1=12
MP stats (solver): nodes=1447 best_bound=3459.6533895532248 incumbent=3641.740044999997 gap=0.04999990476990985
MP result: status=SolveStatus.FEASIBLE obj=3641.74 lb=3459.65
[CHECK] MP: first=1.74 theta=3640 mp_total=3641.74 inc_obj=3641.74 best_bound=3459.65
[CHECK] MP bounds: mp_obj=3641.74 mp_best_bound=3459.65 mp_best_integer=3641.74 term=optimal status=ok gap=0.0499999
[MP] iter=10 incumbent=3641.74 best_bound=3459.65 gap=0.0499999 (src: inc=cplex_api bb=cplex_api gap=cplex_api)
[MP] iter=10 cuts=9 obj=3641.740 last_const=17718.000 last_nnz=29
[MW] core updated (t=0..): min=0.0282 max=1.91 mean=0.549
Evaluating Subproblem (SP) at candidate...
2026-08-06 05:11:51,741 INFO | mobauto2_benders.benders.solver | force-added CutType.OPTIMALITY cut 'opt_cut'
2026-08-06 05:11:51,741 INFO | mobauto2_benders.benders.solver | added 1 cut(s)
2026-08-06 05:11:51,741 INFO | mobauto2_benders.benders.solver | bounds: best_lb=3459.65 best_ub=4798.49 gap=1338.84 rel=0.279
SP result: recourse=5275 feasible=True
[SP PIPELINE] iter=10 build=0.000s solve=0.000s extract=0.000s post=0.000s cutgen=0.012s mode=mw lb_valid=True tl_inc=False vars=- bin=- cons=- lp=-
[CHECK] SP: recourse=5275 first=1.74 sp_total=5276.74
[CUT TIGHTNESS] raw_line(y)=5275  SP_ub=5275  diff=-2.73e-12
[BENDERS] Added cut #9: const_out=7565, const_ret=7835, nnz=28, slope_range=[-1.44e+03,-15], raw_pos_dm=0, scale=1
[BENDERS] Eval cut (dir): OUT lhs=2521 rhs=3215; RET lhs=1119 rhs=2060
Master updated: added 1 cut(s): opt_cut
[CUT SUMMARY] it=10 cand=OUT[0,1]|RET[0,2]|OUT[0,5]|RET[0,6]|OUT[0,7]|RET[0,8]|OUT[0,11]|RET[0,12]|OUT[0,16]|RET[0,18]|OUT[0,19]|RET[0,20]|...(+12) decision=added skip=None theta_total=3640.000044999996 rec_total=5275.000045 raw_rhs_total=5275.000044999999 rhs_total=5275.000045000001 lhs_total=3640.000044999996
Timing: master=0.382s sp_solve=0.014s cutgen=0.012s cutadd=0.001s cuts_added=1 total_cuts=10
MP stats: nodes=1447 best_bound=3459.6533895532248 incumbent=3641.740044999997 gap=0.04999990476990985
[CHECK] GAP: LB=3459.65 UB=4798.49 gap=1338.84 rel=0.279

=== Iteration 11 ===
Solving Master (MP)...
[SCHEDULE] master gap-tied: time_limit_s=102 mipgap=0.05 g_bd=0.279
[MIPSTART] x-only start applied: n_out=44 n_ret=44
[MP] Wrote LP: Report\master_iter_011_cuts_010_20260806_051151.lp
2026-08-06 05:11:52,091 INFO | mobauto2_benders.benders.solver | iter=11 master status=SolveStatus.FEASIBLE obj=3659.99 lb=3477.08
Solver log file: C:\Users\fabio\AppData\Local\Temp\tmpy91z9fv_.log
MP raw solver: status=ok term=optimal incumbent=3659.990112169994 best_bound=3477.079544916899
MP solutions: count=1 keys=['Gap', 'Status', 'Message', 'Problem', 'Objective', 'Variable', 'Constraint']
[MP] Solver log: Report\master_iter_011_cuts_010_20260806_051151.log
Shuttle totals (OUT+RET): q0=12, q1=12
MP stats (solver): nodes=1331 best_bound=3477.079544916899 incumbent=3659.990112169994 gap=0.049975699837244376
MP result: status=SolveStatus.FEASIBLE obj=3659.99 lb=3477.08
[CHECK] MP: first=0.99 theta=3659 mp_total=3659.99 inc_obj=3659.99 best_bound=3477.08
[CHECK] MP bounds: mp_obj=3659.99 mp_best_bound=3477.08 mp_best_integer=3659.99 term=optimal status=ok gap=0.0499757
[MP] iter=11 incumbent=3659.99 best_bound=3477.08 gap=0.0499757 (src: inc=cplex_api bb=cplex_api gap=cplex_api)
[MP] iter=11 cuts=10 obj=3659.990 last_const=15400.000 last_nnz=28
[MW] core updated (t=0..): min=0.0198 max=1.91 mean=0.548
Evaluating Subproblem (SP) at candidate...
2026-08-06 05:11:52,158 INFO | mobauto2_benders.benders.solver | force-added CutType.OPTIMALITY cut 'opt_cut'
2026-08-06 05:11:52,158 INFO | mobauto2_benders.benders.solver | added 1 cut(s)
2026-08-06 05:11:52,158 INFO | mobauto2_benders.benders.solver | bounds: best_lb=3477.08 best_ub=4515.99 gap=1038.91 rel=0.23
SP result: recourse=4515 feasible=True
[SP PIPELINE] iter=11 build=0.000s solve=0.000s extract=0.000s post=0.000s cutgen=0.012s mode=mw lb_valid=True tl_inc=False vars=- bin=- cons=- lp=-
[CHECK] SP: recourse=4515 first=0.99 sp_total=4515.99
[CUT TIGHTNESS] raw_line(y)=4515  SP_ub=4515  diff=-9.09e-13
[BENDERS] Added cut #10: const_out=6033, const_ret=8592, nnz=28, slope_range=[-1.44e+03,-15], raw_pos_dm=0, scale=1
[BENDERS] Eval cut (dir): OUT lhs=2510 rhs=2403; RET lhs=1149 rhs=2112
Master updated: added 1 cut(s): opt_cut
[CUT SUMMARY] it=11 cand=OUT[0,1]|RET[0,2]|OUT[0,3]|RET[0,4]|OUT[0,6]|RET[0,7]|OUT[0,10]|RET[0,11]|OUT[0,15]|RET[0,18]|OUT[0,19]|RET[0,20]|...(+12) decision=added skip=None theta_total=3659.000112169993 rec_total=4515.00003 raw_rhs_total=4515.000030000001 rhs_total=4515.000030000001 lhs_total=3659.000112169993
Timing: master=0.353s sp_solve=0.013s cutgen=0.012s cutadd=0.001s cuts_added=1 total_cuts=11
MP stats: nodes=1331 best_bound=3477.079544916899 incumbent=3659.990112169994 gap=0.049975699837244376
[CHECK] GAP: LB=3477.08 UB=4515.99 gap=1038.91 rel=0.23

=== Iteration 12 ===
Solving Master (MP)...
[SCHEDULE] master gap-tied: time_limit_s=102 mipgap=0.05 g_bd=0.23
[MIPSTART] x-only start applied: n_out=44 n_ret=44
[MP] Wrote LP: Report\master_iter_012_cuts_011_20260806_051152.lp
2026-08-06 05:11:52,477 INFO | mobauto2_benders.benders.solver | iter=12 master status=SolveStatus.FEASIBLE obj=3709.99 lb=3524.82
Solver log file: C:\Users\fabio\AppData\Local\Temp\tmp_b8s2ena.log
MP raw solver: status=ok term=optimal incumbent=3709.990060000001 best_bound=3524.8240442829906
MP solutions: count=1 keys=['Gap', 'Status', 'Message', 'Problem', 'Objective', 'Variable', 'Constraint']
[MP] Solver log: Report\master_iter_012_cuts_011_20260806_051152.log
Shuttle totals (OUT+RET): q0=12, q1=12
MP stats (solver): nodes=640 best_bound=3524.8240442829906 incumbent=3709.990060000001 gap=0.049910111003641164
MP result: status=SolveStatus.FEASIBLE obj=3709.99 lb=3524.82
[CHECK] MP: first=1.99 theta=3708 mp_total=3709.99 inc_obj=3709.99 best_bound=3524.82
[CHECK] MP bounds: mp_obj=3709.99 mp_best_bound=3524.82 mp_best_integer=3709.99 term=optimal status=ok gap=0.0499101
[MP] iter=12 incumbent=3709.99 best_bound=3524.82 gap=0.0499101 (src: inc=cplex_api bb=cplex_api gap=cplex_api)
[MP] iter=12 cuts=11 obj=3709.990 last_const=14625.000 last_nnz=28
[MW] core updated (t=0..): min=0.0138 max=1.94 mean=0.547
Evaluating Subproblem (SP) at candidate...
2026-08-06 05:11:52,542 INFO | mobauto2_benders.benders.solver | force-added CutType.OPTIMALITY cut 'opt_cut'
2026-08-06 05:11:52,542 INFO | mobauto2_benders.benders.solver | added 1 cut(s)
2026-08-06 05:11:52,542 INFO | mobauto2_benders.benders.solver | bounds: best_lb=3524.82 best_ub=4515.99 gap=991.166 rel=0.219
SP result: recourse=4794 feasible=True
[SP PIPELINE] iter=12 build=0.000s solve=0.000s extract=0.000s post=0.000s cutgen=0.012s mode=mw lb_valid=True tl_inc=False vars=- bin=- cons=- lp=-
[CHECK] SP: recourse=4794 first=1.99 sp_total=4795.99
[CUT TIGHTNESS] raw_line(y)=4794  SP_ub=4794  diff=-3.64e-12
[BENDERS] Added cut #11: const_out=8596, const_ret=7718, nnz=27, slope_range=[-1.44e+03,-15], raw_pos_dm=0, scale=1
[BENDERS] Eval cut (dir): OUT lhs=2190 rhs=2836; RET lhs=1518 rhs=1958
Master updated: added 1 cut(s): opt_cut
[CUT SUMMARY] it=12 cand=OUT[0,2]|RET[0,3]|OUT[0,5]|RET[0,6]|OUT[0,7]|RET[0,8]|OUT[0,11]|RET[0,12]|OUT[0,16]|RET[0,18]|OUT[0,19]|RET[0,20]|...(+12) decision=added skip=None theta_total=3708.0000600000003 rec_total=4794.00006 raw_rhs_total=4794.0000599999985 rhs_total=4794.000059999999 lhs_total=3708.0000600000003
Timing: master=0.326s sp_solve=0.012s cutgen=0.012s cutadd=0.001s cuts_added=1 total_cuts=12
MP stats: nodes=640 best_bound=3524.8240442829906 incumbent=3709.990060000001 gap=0.049910111003641164
[CHECK] GAP: LB=3524.82 UB=4515.99 gap=991.166 rel=0.219

=== Iteration 13 ===
Solving Master (MP)...
[SCHEDULE] master gap-tied: time_limit_s=102 mipgap=0.05 g_bd=0.219
[MIPSTART] x-only start applied: n_out=44 n_ret=44
[MP] Wrote LP: Report\master_iter_013_cuts_012_20260806_051152.lp
2026-08-06 05:11:52,902 INFO | mobauto2_benders.benders.solver | iter=13 master status=SolveStatus.FEASIBLE obj=3887.99 lb=3695.54
Solver log file: C:\Users\fabio\AppData\Local\Temp\tmp7zzd3txs.log
MP raw solver: status=ok term=optimal incumbent=3887.9901121699977 best_bound=3695.543217565747
MP solutions: count=1 keys=['Gap', 'Status', 'Message', 'Problem', 'Objective', 'Variable', 'Constraint']
[MP] Solver log: Report\master_iter_013_cuts_012_20260806_051152.log
Shuttle totals (OUT+RET): q0=12, q1=12
MP stats (solver): nodes=1029 best_bound=3695.543217565747 incumbent=3887.9901121699977 gap=0.0494977839583125
MP result: status=SolveStatus.FEASIBLE obj=3887.99 lb=3695.54
[CHECK] MP: first=0.99 theta=3887 mp_total=3887.99 inc_obj=3887.99 best_bound=3695.54
[CHECK] MP bounds: mp_obj=3887.99 mp_best_bound=3695.54 mp_best_integer=3887.99 term=optimal status=ok gap=0.0494978
[MP] iter=13 incumbent=3887.99 best_bound=3695.54 gap=0.0494978 (src: inc=cplex_api bb=cplex_api gap=cplex_api)
[MP] iter=13 cuts=12 obj=3887.990 last_const=16314.000 last_nnz=27
[MW] core updated (t=0..): min=0.00969 max=1.96 mean=0.547
Evaluating Subproblem (SP) at candidate...
2026-08-06 05:11:52,976 INFO | mobauto2_benders.benders.solver | force-added CutType.OPTIMALITY cut 'opt_cut'
2026-08-06 05:11:52,976 INFO | mobauto2_benders.benders.solver | added 1 cut(s)
2026-08-06 05:11:52,976 INFO | mobauto2_benders.benders.solver | bounds: best_lb=3695.54 best_ub=4515.99 gap=820.447 rel=0.182
SP result: recourse=4575 feasible=True
[SP PIPELINE] iter=13 build=0.000s solve=0.000s extract=0.000s post=0.000s cutgen=0.011s mode=mw lb_valid=True tl_inc=False vars=- bin=- cons=- lp=-
[CHECK] SP: recourse=4575 first=0.99 sp_total=4575.99
[CUT TIGHTNESS] raw_line(y)=4575  SP_ub=4575  diff=-9.09e-13
[BENDERS] Added cut #12: const_out=6043, const_ret=7892, nnz=28, slope_range=[-1.44e+03,-15], raw_pos_dm=0, scale=1
[BENDERS] Eval cut (dir): OUT lhs=2510 rhs=2458; RET lhs=1377 rhs=2117
Master updated: added 1 cut(s): opt_cut
[CUT SUMMARY] it=13 cand=OUT[0,1]|RET[0,2]|OUT[0,4]|RET[0,5]|OUT[0,6]|RET[0,7]|OUT[0,12]|RET[0,13]|OUT[0,15]|RET[0,18]|OUT[0,19]|RET[0,20]|...(+12) decision=added skip=None theta_total=3887.0001121699966 rec_total=4575.00003 raw_rhs_total=4575.000029999999 rhs_total=4575.000029999999 lhs_total=3887.0001121699966
Timing: master=0.352s sp_solve=0.012s cutgen=0.011s cutadd=0.001s cuts_added=1 total_cuts=13
MP stats: nodes=1029 best_bound=3695.543217565747 incumbent=3887.9901121699977 gap=0.0494977839583125
[CHECK] GAP: LB=3695.54 UB=4515.99 gap=820.447 rel=0.182

=== Iteration 14 ===
Solving Master (MP)...
[SCHEDULE] master gap-tied: time_limit_s=102 mipgap=0.05 g_bd=0.182
[MIPSTART] x-only start applied: n_out=44 n_ret=44
[MP] Wrote LP: Report\master_iter_014_cuts_013_20260806_051152.lp
2026-08-06 05:11:53,426 INFO | mobauto2_benders.benders.solver | iter=14 master status=SolveStatus.FEASIBLE obj=3910.99 lb=3722.08
Solver log file: C:\Users\fabio\AppData\Local\Temp\tmpozpodxsm.log
MP raw solver: status=ok term=optimal incumbent=3910.9900300000013 best_bound=3722.0776423751513
MP solutions: count=1 keys=['Gap', 'Status', 'Message', 'Problem', 'Objective', 'Variable', 'Constraint']
[MP] Solver log: Report\master_iter_014_cuts_013_20260806_051152.log
Shuttle totals (OUT+RET): q0=12, q1=12
MP stats (solver): nodes=1145 best_bound=3722.0776423751513 incumbent=3910.9900300000013 gap=0.04830295811949311
MP result: status=SolveStatus.FEASIBLE obj=3910.99 lb=3722.08
[CHECK] MP: first=1.99 theta=3909 mp_total=3910.99 inc_obj=3910.99 best_bound=3722.08
[CHECK] MP bounds: mp_obj=3910.99 mp_best_bound=3722.08 mp_best_integer=3910.99 term=optimal status=ok gap=0.048303
[MP] iter=14 incumbent=3910.99 best_bound=3722.08 gap=0.048303 (src: inc=cplex_api bb=cplex_api gap=cplex_api)
[MP] iter=14 cuts=13 obj=3910.990 last_const=13935.000 last_nnz=28
[MW] core updated (t=0..): min=0.00678 max=1.97 mean=0.546
Evaluating Subproblem (SP) at candidate...
2026-08-06 05:11:53,543 INFO | mobauto2_benders.benders.solver | force-added CutType.OPTIMALITY cut 'opt_cut'
2026-08-06 05:11:53,543 INFO | mobauto2_benders.benders.solver | added 1 cut(s)
2026-08-06 05:11:53,543 INFO | mobauto2_benders.benders.solver | bounds: best_lb=3722.08 best_ub=4515.99 gap=793.912 rel=0.176
SP result: recourse=4704 feasible=True
[SP PIPELINE] iter=14 build=0.000s solve=0.000s extract=0.000s post=0.000s cutgen=0.022s mode=mw lb_valid=True tl_inc=False vars=- bin=- cons=- lp=-
[CHECK] SP: recourse=4704 first=1.99 sp_total=4705.99
[CUT TIGHTNESS] raw_line(y)=4704  SP_ub=4704  diff=-1.82e-12
[BENDERS] Added cut #13: const_out=8646, const_ret=8298, nnz=28, slope_range=[-1.44e+03,-15], raw_pos_dm=0, scale=1
[BENDERS] Eval cut (dir): OUT lhs=2406 rhs=2886; RET lhs=1503 rhs=1818
Master updated: added 1 cut(s): opt_cut
[CUT SUMMARY] it=14 cand=OUT[0,2]|RET[0,3]|OUT[0,5]|RET[0,6]|OUT[0,7]|RET[0,8]|OUT[0,12]|RET[0,13]|OUT[0,16]|RET[0,18]|OUT[0,19]|RET[0,20]|...(+12) decision=added skip=None theta_total=3909.000030000001 rec_total=4704.00006 raw_rhs_total=4704.00006 rhs_total=4704.000059999997 lhs_total=3909.000030000001
Timing: master=0.450s sp_solve=0.023s cutgen=0.022s cutadd=0.001s cuts_added=1 total_cuts=14
MP stats: nodes=1145 best_bound=3722.0776423751513 incumbent=3910.9900300000013 gap=0.04830295811949311
[CHECK] GAP: LB=3722.08 UB=4515.99 gap=793.912 rel=0.176

=== Iteration 15 ===
Solving Master (MP)...
[SCHEDULE] master gap-tied: time_limit_s=102 mipgap=0.05 g_bd=0.176
[MIPSTART] x-only start applied: n_out=44 n_ret=44
[MP] Wrote LP: Report\master_iter_015_cuts_014_20260806_051153.lp
2026-08-06 05:11:54,763 INFO | mobauto2_benders.benders.solver | iter=15 master status=SolveStatus.FEASIBLE obj=3960.74 lb=3764.17
Solver log file: C:\Users\fabio\AppData\Local\Temp\tmptz5fu23m.log
MP raw solver: status=ok term=optimal incumbent=3960.740060000001 best_bound=3764.165134135658
MP solutions: count=1 keys=['Gap', 'Status', 'Message', 'Problem', 'Objective', 'Variable', 'Constraint']
[MP] Solver log: Report\master_iter_015_cuts_014_20260806_051153.log
Shuttle totals (OUT+RET): q0=12, q1=12
MP stats (solver): nodes=999 best_bound=3764.165134135658 incumbent=3960.740060000001 gap=0.049630857588856304
MP result: status=SolveStatus.FEASIBLE obj=3960.74 lb=3764.17
[CHECK] MP: first=1.74 theta=3959 mp_total=3960.74 inc_obj=3960.74 best_bound=3764.17
[CHECK] MP bounds: mp_obj=3960.74 mp_best_bound=3764.17 mp_best_integer=3960.74 term=optimal status=ok gap=0.0496309
[MP] iter=15 incumbent=3960.74 best_bound=3764.17 gap=0.0496309 (src: inc=cplex_api bb=cplex_api gap=cplex_api)
[MP] iter=15 cuts=14 obj=3960.740 last_const=16944.000 last_nnz=28
[MW] core updated (t=0..): min=0.00475 max=1.98 mean=0.546
Evaluating Subproblem (SP) at candidate...
2026-08-06 05:11:54,895 INFO | mobauto2_benders.benders.solver | force-added CutType.OPTIMALITY cut 'opt_cut'
2026-08-06 05:11:54,895 INFO | mobauto2_benders.benders.solver | added 1 cut(s)
2026-08-06 05:11:54,895 INFO | mobauto2_benders.benders.solver | bounds: best_lb=3764.17 best_ub=4515.99 gap=751.825 rel=0.166
SP result: recourse=4702 feasible=True
[SP PIPELINE] iter=15 build=0.000s solve=0.000s extract=0.000s post=0.000s cutgen=0.025s mode=mw lb_valid=True tl_inc=False vars=- bin=- cons=- lp=-
[CHECK] SP: recourse=4702 first=1.74 sp_total=4703.74
[CUT TIGHTNESS] raw_line(y)=4702  SP_ub=4702  diff=-1.82e-12
[BENDERS] Added cut #14: const_out=8836, const_ret=8106, nnz=27, slope_range=[-1.44e+03,-15], raw_pos_dm=0, scale=1
[BENDERS] Eval cut (dir): OUT lhs=2536 rhs=3076; RET lhs=1423 rhs=1626
Master updated: added 1 cut(s): opt_cut
[CUT SUMMARY] it=15 cand=OUT[0,2]|RET[0,3]|OUT[0,5]|RET[0,6]|OUT[0,8]|RET[0,9]|OUT[0,12]|RET[0,13]|OUT[0,16]|RET[0,18]|OUT[0,19]|RET[0,20]|...(+12) decision=added skip=None theta_total=3959.0000600000003 rec_total=4702.00006 raw_rhs_total=4702.00006 rhs_total=4702.000059999999 lhs_total=3959.0000600000003
Timing: master=1.227s sp_solve=0.029s cutgen=0.025s cutadd=0.001s cuts_added=1 total_cuts=15
MP stats: nodes=999 best_bound=3764.165134135658 incumbent=3960.740060000001 gap=0.049630857588856304
[CHECK] GAP: LB=3764.17 UB=4515.99 gap=751.825 rel=0.166

=== Iteration 16 ===
Solving Master (MP)...
[SCHEDULE] master gap-tied: time_limit_s=102 mipgap=0.05 g_bd=0.166
[MIPSTART] x-only start applied: n_out=44 n_ret=44
[MP] Wrote LP: Report\master_iter_016_cuts_015_20260806_051154.lp
2026-08-06 05:11:56,133 INFO | mobauto2_benders.benders.solver | iter=16 master status=SolveStatus.FEASIBLE obj=4070.97 lb=3868.09
Solver log file: C:\Users\fabio\AppData\Local\Temp\tmp04556fiz.log
MP raw solver: status=ok term=optimal incumbent=4070.970030000001 best_bound=3868.093501176025
MP solutions: count=1 keys=['Gap', 'Status', 'Message', 'Problem', 'Objective', 'Variable', 'Constraint']
[MP] Solver log: Report\master_iter_016_cuts_015_20260806_051154.log
Shuttle totals (OUT+RET): q0=12, q1=10
MP stats (solver): nodes=213 best_bound=3868.093501176025 incumbent=4070.970030000001 gap=0.04983493548931163
MP result: status=SolveStatus.FEASIBLE obj=4070.97 lb=3868.09
[CHECK] MP: first=1.97 theta=4069 mp_total=4070.97 inc_obj=4070.97 best_bound=3868.09
[CHECK] MP bounds: mp_obj=4070.97 mp_best_bound=3868.09 mp_best_integer=4070.97 term=optimal status=ok gap=0.0498349
[MP] iter=16 incumbent=4070.97 best_bound=3868.09 gap=0.0498349 (src: inc=cplex_api bb=cplex_api gap=cplex_api)
[MP] iter=16 cuts=15 obj=4070.970 last_const=16942.000 last_nnz=27
[MW] core updated (t=0..): min=0.00332 max=1.98 mean=0.532
Evaluating Subproblem (SP) at candidate...
2026-08-06 05:11:56,246 INFO | mobauto2_benders.benders.solver | force-added CutType.OPTIMALITY cut 'opt_cut'
2026-08-06 05:11:56,246 INFO | mobauto2_benders.benders.solver | added 1 cut(s)
2026-08-06 05:11:56,246 INFO | mobauto2_benders.benders.solver | bounds: best_lb=3868.09 best_ub=4515.99 gap=647.897 rel=0.143
SP result: recourse=5285 feasible=True
[SP PIPELINE] iter=16 build=0.000s solve=0.000s extract=0.000s post=0.000s cutgen=0.024s mode=mw lb_valid=True tl_inc=False vars=- bin=- cons=- lp=-
[CHECK] SP: recourse=5285 first=1.97 sp_total=5286.97
[CUT TIGHTNESS] raw_line(y)=5285  SP_ub=5285  diff=0
[BENDERS] Added cut #15: const_out=8744, const_ret=9471, nnz=30, slope_range=[-1.44e+03,-15], raw_pos_dm=0, scale=1
[BENDERS] Eval cut (dir): OUT lhs=2436 rhs=2984; RET lhs=1633 rhs=2301
Master updated: added 1 cut(s): opt_cut
[CUT SUMMARY] it=16 cand=OUT[0,2]|RET[0,3]|OUT[0,5]|RET[0,6]|OUT[0,7]|RET[0,8]|OUT[0,13]|RET[0,14]|OUT[0,16]|RET[0,18]|OUT[0,19]|RET[0,20]|...(+10) decision=added skip=None theta_total=4069.00003 rec_total=5285.00006 raw_rhs_total=5285.000060000002 rhs_total=5285.00006 lhs_total=4069.00003
Timing: master=1.235s sp_solve=0.023s cutgen=0.024s cutadd=0.001s cuts_added=1 total_cuts=16
MP stats: nodes=213 best_bound=3868.093501176025 incumbent=4070.970030000001 gap=0.04983493548931163
[CHECK] GAP: LB=3868.09 UB=4515.99 gap=647.897 rel=0.143

=== Iteration 17 ===
Solving Master (MP)...
[SCHEDULE] master gap-tied: time_limit_s=102 mipgap=0.05 g_bd=0.143
[MIPSTART] x-only start applied: n_out=44 n_ret=44
[MP] Wrote LP: Report\master_iter_017_cuts_016_20260806_051156.lp
2026-08-06 05:11:57,298 INFO | mobauto2_benders.benders.solver | iter=17 master status=SolveStatus.FEASIBLE obj=4140.99 lb=3935.98
Solver log file: C:\Users\fabio\AppData\Local\Temp\tmpc6w5nhv1.log
MP raw solver: status=ok term=optimal incumbent=4140.99006 best_bound=3935.9763719055413
MP solutions: count=1 keys=['Gap', 'Status', 'Message', 'Problem', 'Objective', 'Variable', 'Constraint']
[MP] Solver log: Report\master_iter_017_cuts_016_20260806_051156.log
Shuttle totals (OUT+RET): q0=12, q1=12
MP stats (solver): nodes=301 best_bound=3935.9763719055413 incumbent=4140.99006 gap=0.04950837483885528
MP result: status=SolveStatus.FEASIBLE obj=4140.99 lb=3935.98
[CHECK] MP: first=1.99 theta=4139 mp_total=4140.99 inc_obj=4140.99 best_bound=3935.98
[CHECK] MP bounds: mp_obj=4140.99 mp_best_bound=3935.98 mp_best_integer=4140.99 term=optimal status=ok gap=0.0495084
[MP] iter=17 incumbent=4140.99 best_bound=3935.98 gap=0.0495084 (src: inc=cplex_api bb=cplex_api gap=cplex_api)
[MP] iter=17 cuts=16 obj=4140.990 last_const=18215.000 last_nnz=30
[MW] core updated (t=0..): min=0.00233 max=1.99 mean=0.536
Evaluating Subproblem (SP) at candidate...
2026-08-06 05:11:57,457 INFO | mobauto2_benders.benders.solver | force-added CutType.OPTIMALITY cut 'opt_cut'
2026-08-06 05:11:57,457 INFO | mobauto2_benders.benders.solver | added 1 cut(s)
2026-08-06 05:11:57,457 INFO | mobauto2_benders.benders.solver | bounds: best_lb=3935.98 best_ub=4515.99 gap=580.014 rel=0.128
SP result: recourse=4946 feasible=True
[SP PIPELINE] iter=17 build=0.000s solve=0.000s extract=0.000s post=0.000s cutgen=0.061s mode=mw lb_valid=True tl_inc=False vars=- bin=- cons=- lp=-
[CHECK] SP: recourse=4946 first=1.99 sp_total=4947.99
[CUT TIGHTNESS] raw_line(y)=4946  SP_ub=4946  diff=-1.82e-12
[BENDERS] Added cut #16: const_out=8693, const_ret=7788, nnz=28, slope_range=[-1.44e+03,-15], raw_pos_dm=0, scale=1
[BENDERS] Eval cut (dir): OUT lhs=2521 rhs=2933; RET lhs=1618 rhs=2013
Master updated: added 1 cut(s): opt_cut
[CUT SUMMARY] it=17 cand=OUT[0,2]|RET[0,3]|OUT[0,5]|RET[0,6]|OUT[0,7]|RET[0,8]|OUT[0,11]|RET[0,12]|OUT[0,16]|RET[0,18]|OUT[0,19]|RET[0,20]|...(+12) decision=added skip=None theta_total=4139.000059999999 rec_total=4946.00006 raw_rhs_total=4946.00006 rhs_total=4946.000059999999 lhs_total=4139.000059999999
Timing: master=1.037s sp_solve=0.021s cutgen=0.061s cutadd=0.001s cuts_added=1 total_cuts=17
MP stats: nodes=301 best_bound=3935.9763719055413 incumbent=4140.99006 gap=0.04950837483885528
[CHECK] GAP: LB=3935.98 UB=4515.99 gap=580.014 rel=0.128

=== Iteration 18 ===
Solving Master (MP)...
[SCHEDULE] master gap-tied: time_limit_s=102 mipgap=0.05 g_bd=0.128
[MIPSTART] x-only start applied: n_out=44 n_ret=44
[MP] Wrote LP: Report\master_iter_018_cuts_017_20260806_051157.lp
2026-08-06 05:11:58,463 INFO | mobauto2_benders.benders.solver | iter=18 master status=SolveStatus.FEASIBLE obj=4155.99 lb=3949.2
Solver log file: C:\Users\fabio\AppData\Local\Temp\tmp01f6vx1e.log
MP raw solver: status=ok term=optimal incumbent=4155.990059993578 best_bound=3949.1981947976183
MP solutions: count=1 keys=['Gap', 'Status', 'Message', 'Problem', 'Objective', 'Variable', 'Constraint']
[MP] Solver log: Report\master_iter_018_cuts_017_20260806_051157.log
Shuttle totals (OUT+RET): q0=12, q1=12
MP stats (solver): nodes=452 best_bound=3949.1981947976183 incumbent=4155.990059993578 gap=0.04975754566561077
MP result: status=SolveStatus.FEASIBLE obj=4155.99 lb=3949.2
[CHECK] MP: first=1.99 theta=4154 mp_total=4155.99 inc_obj=4155.99 best_bound=3949.2
[CHECK] MP bounds: mp_obj=4155.99 mp_best_bound=3949.2 mp_best_integer=4155.99 term=optimal status=ok gap=0.0497575
[MP] iter=18 incumbent=4155.99 best_bound=3949.2 gap=0.0497575 (src: inc=cplex_api bb=cplex_api gap=cplex_api)
[MP] iter=18 cuts=17 obj=4155.990 last_const=16481.000 last_nnz=28
[MW] core updated (t=0..): min=0.00163 max=1.99 mean=0.539
Evaluating Subproblem (SP) at candidate...
2026-08-06 05:11:58,577 INFO | mobauto2_benders.benders.solver | force-added CutType.OPTIMALITY cut 'opt_cut'
2026-08-06 05:11:58,577 INFO | mobauto2_benders.benders.solver | added 1 cut(s)
2026-08-06 05:11:58,577 INFO | mobauto2_benders.benders.solver | bounds: best_lb=3949.2 best_ub=4515.99 gap=566.792 rel=0.126
SP result: recourse=4800 feasible=True
[SP PIPELINE] iter=18 build=0.000s solve=0.000s extract=0.000s post=0.000s cutgen=0.021s mode=mw lb_valid=True tl_inc=False vars=- bin=- cons=- lp=-
[CHECK] SP: recourse=4800 first=1.99 sp_total=4801.99
[CUT TIGHTNESS] raw_line(y)=4800  SP_ub=4800  diff=-1.82e-12
[BENDERS] Added cut #17: const_out=8647, const_ret=9083, nnz=29, slope_range=[-1.44e+03,-15], raw_pos_dm=0, scale=1
[BENDERS] Eval cut (dir): OUT lhs=2521 rhs=2887; RET lhs=1633 rhs=1913
Master updated: added 1 cut(s): opt_cut
[CUT SUMMARY] it=18 cand=OUT[0,2]|RET[0,3]|OUT[0,5]|RET[0,6]|OUT[0,7]|RET[0,8]|OUT[0,11]|RET[0,12]|OUT[0,16]|RET[0,18]|OUT[0,19]|RET[0,20]|...(+12) decision=added skip=None theta_total=4154.000059998 rec_total=4800.00006 raw_rhs_total=4800.000063175559 rhs_total=4800.000063175553 lhs_total=4154.000059998
Timing: master=1.005s sp_solve=0.020s cutgen=0.021s cutadd=0.002s cuts_added=1 total_cuts=18
MP stats: nodes=452 best_bound=3949.1981947976183 incumbent=4155.990059993578 gap=0.04975754566561077
[CHECK] GAP: LB=3949.2 UB=4515.99 gap=566.792 rel=0.126

=== Iteration 19 ===
Solving Master (MP)...
[SCHEDULE] master gap-tied: time_limit_s=102 mipgap=0.05 g_bd=0.126
[MIPSTART] x-only start applied: n_out=44 n_ret=44
[MP] Wrote LP: Report\master_iter_019_cuts_018_20260806_051158.lp
2026-08-06 05:11:59,898 INFO | mobauto2_benders.benders.solver | iter=19 master status=SolveStatus.FEASIBLE obj=4210.74 lb=4000.49
Solver log file: C:\Users\fabio\AppData\Local\Temp\tmpu96q7mxd.log
MP raw solver: status=ok term=optimal incumbent=4210.740029999997 best_bound=4000.488659135996
MP solutions: count=1 keys=['Gap', 'Status', 'Message', 'Problem', 'Objective', 'Variable', 'Constraint']
[MP] Solver log: Report\master_iter_019_cuts_018_20260806_051158.log
Shuttle totals (OUT+RET): q0=12, q1=12
MP stats (solver): nodes=313 best_bound=4000.488659135996 incumbent=4210.740029999997 gap=0.04993216616699949
MP result: status=SolveStatus.FEASIBLE obj=4210.74 lb=4000.49
[CHECK] MP: first=1.74 theta=4209 mp_total=4210.74 inc_obj=4210.74 best_bound=4000.49
[CHECK] MP bounds: mp_obj=4210.74 mp_best_bound=4000.49 mp_best_integer=4210.74 term=optimal status=ok gap=0.0499322
[MP] iter=19 incumbent=4210.74 best_bound=4000.49 gap=0.0499322 (src: inc=cplex_api bb=cplex_api gap=cplex_api)
[MP] iter=19 cuts=18 obj=4210.740 last_const=17730.000 last_nnz=29
[MW] core updated (t=0..): min=0.00114 max=1.99 mean=0.541
Evaluating Subproblem (SP) at candidate...
2026-08-06 05:12:00,047 INFO | mobauto2_benders.benders.solver | force-added CutType.OPTIMALITY cut 'opt_cut'
2026-08-06 05:12:00,047 INFO | mobauto2_benders.benders.solver | added 1 cut(s)
2026-08-06 05:12:00,047 INFO | mobauto2_benders.benders.solver | bounds: best_lb=4000.49 best_ub=4515.99 gap=515.501 rel=0.114
SP result: recourse=4699 feasible=True
[SP PIPELINE] iter=19 build=0.000s solve=0.000s extract=0.000s post=0.000s cutgen=0.026s mode=mw lb_valid=True tl_inc=False vars=- bin=- cons=- lp=-
[CHECK] SP: recourse=4699 first=1.74 sp_total=4700.74
[CUT TIGHTNESS] raw_line(y)=4699  SP_ub=4699  diff=-1.82e-12
[BENDERS] Added cut #18: const_out=8644, const_ret=8295, nnz=27, slope_range=[-1.44e+03,-15], raw_pos_dm=0, scale=1
[BENDERS] Eval cut (dir): OUT lhs=2406 rhs=2884; RET lhs=1803 rhs=1815
Master updated: added 1 cut(s): opt_cut
[CUT SUMMARY] it=19 cand=OUT[0,2]|RET[0,3]|OUT[0,5]|RET[0,6]|OUT[0,7]|RET[0,8]|OUT[0,12]|RET[0,13]|OUT[0,16]|RET[0,18]|OUT[0,19]|RET[0,20]|...(+12) decision=added skip=None theta_total=4209.000029999997 rec_total=4699.00006 raw_rhs_total=4699.00006 rhs_total=4699.000059999997 lhs_total=4209.000029999997
Timing: master=1.329s sp_solve=0.033s cutgen=0.026s cutadd=0.002s cuts_added=1 total_cuts=19
MP stats: nodes=313 best_bound=4000.488659135996 incumbent=4210.740029999997 gap=0.04993216616699949
[CHECK] GAP: LB=4000.49 UB=4515.99 gap=515.501 rel=0.114

=== Iteration 20 ===
Solving Master (MP)...
[SCHEDULE] master gap-tied: time_limit_s=102 mipgap=0.05 g_bd=0.114
[MIPSTART] x-only start applied: n_out=44 n_ret=44
[MP] Wrote LP: Report\master_iter_020_cuts_019_20260806_051200.lp
2026-08-06 05:12:02,024 INFO | mobauto2_benders.benders.solver | iter=20 master status=SolveStatus.FEASIBLE obj=4511.99 lb=4289.06
Solver log file: C:\Users\fabio\AppData\Local\Temp\tmpmstgb_fo.log
MP raw solver: status=ok term=optimal incumbent=4511.99006 best_bound=4289.058182493109
MP solutions: count=1 keys=['Gap', 'Status', 'Message', 'Problem', 'Objective', 'Variable', 'Constraint']
[MP] Solver log: Report\master_iter_020_cuts_019_20260806_051200.log
Shuttle totals (OUT+RET): q0=12, q1=12
MP stats (solver): nodes=1328 best_bound=4289.058182493109 incumbent=4511.99006 gap=0.04940876964318633
MP result: status=SolveStatus.FEASIBLE obj=4511.99 lb=4289.06
[CHECK] MP: first=1.99 theta=4510 mp_total=4511.99 inc_obj=4511.99 best_bound=4289.06
[CHECK] MP bounds: mp_obj=4511.99 mp_best_bound=4289.06 mp_best_integer=4511.99 term=optimal status=ok gap=0.0494088
[MP] iter=20 incumbent=4511.99 best_bound=4289.06 gap=0.0494088 (src: inc=cplex_api bb=cplex_api gap=cplex_api)
[MP] iter=20 cuts=19 obj=4511.990 last_const=16939.000 last_nnz=27
[MW] core updated (t=0..): min=0.001 max=2 mean=0.542
Evaluating Subproblem (SP) at candidate...
2026-08-06 05:12:02,156 INFO | mobauto2_benders.benders.solver | force-added CutType.OPTIMALITY cut 'opt_cut'
2026-08-06 05:12:02,156 INFO | mobauto2_benders.benders.solver | added 1 cut(s)
2026-08-06 05:12:02,156 INFO | mobauto2_benders.benders.solver | bounds: best_lb=4289.06 best_ub=4515.99 gap=226.932 rel=0.0503
SP result: recourse=4560 feasible=True
[SP PIPELINE] iter=20 build=0.000s solve=0.000s extract=0.000s post=0.000s cutgen=0.028s mode=mw lb_valid=True tl_inc=False vars=- bin=- cons=- lp=-
[CHECK] SP: recourse=4560 first=1.99 sp_total=4561.99
[CUT TIGHTNESS] raw_line(y)=4560  SP_ub=4560  diff=-1.82e-12
[BENDERS] Added cut #19: const_out=8694, const_ret=8106, nnz=28, slope_range=[-1.44e+03,-15], raw_pos_dm=0, scale=1
[BENDERS] Eval cut (dir): OUT lhs=2884 rhs=2934; RET lhs=1626 rhs=1626
Master updated: added 1 cut(s): opt_cut
[CUT SUMMARY] it=20 cand=OUT[0,2]|RET[0,3]|OUT[0,5]|RET[0,6]|OUT[0,7]|RET[0,9]|OUT[0,12]|RET[0,13]|OUT[0,17]|RET[0,18]|OUT[0,19]|RET[0,20]|...(+12) decision=added skip=None theta_total=4510.000059999999 rec_total=4560.00006 raw_rhs_total=4560.00006 rhs_total=4560.000059999999 lhs_total=4510.000059999999
Timing: master=1.969s sp_solve=0.027s cutgen=0.028s cutadd=0.002s cuts_added=1 total_cuts=20
MP stats: nodes=1328 best_bound=4289.058182493109 incumbent=4511.99006 gap=0.04940876964318633
[CHECK] GAP: LB=4289.06 UB=4515.99 gap=226.932 rel=0.0503

=== Iteration 21 ===
Solving Master (MP)...
[SCHEDULE] master gap-tied: time_limit_s=102 mipgap=0.05 g_bd=0.0503
[MIPSTART] x-only start applied: n_out=44 n_ret=44
[MP] Wrote LP: Report\master_iter_021_cuts_020_20260806_051202.lp
2026-08-06 05:12:03,651 INFO | mobauto2_benders.benders.solver | iter=21 master status=SolveStatus.FEASIBLE obj=4521.74 lb=4296.25
Solver log file: C:\Users\fabio\AppData\Local\Temp\tmpkirnwpwe.log
MP raw solver: status=ok term=optimal incumbent=4521.740060000002 best_bound=4296.254616880839
MP solutions: count=1 keys=['Gap', 'Status', 'Message', 'Problem', 'Objective', 'Variable', 'Constraint']
[MP] Solver log: Report\master_iter_021_cuts_020_20260806_051202.log
Shuttle totals (OUT+RET): q0=12, q1=12
MP stats (solver): nodes=1206 best_bound=4296.254616880839 incumbent=4521.740060000002 gap=0.0498669627460092
MP result: status=SolveStatus.FEASIBLE obj=4521.74 lb=4296.25
[CHECK] MP: first=1.74 theta=4520 mp_total=4521.74 inc_obj=4521.74 best_bound=4296.25
[CHECK] MP bounds: mp_obj=4521.74 mp_best_bound=4296.25 mp_best_integer=4521.74 term=optimal status=ok gap=0.049867
[MP] iter=21 incumbent=4521.74 best_bound=4296.25 gap=0.049867 (src: inc=cplex_api bb=cplex_api gap=cplex_api)
[MP] iter=21 cuts=20 obj=4521.740 last_const=16800.000 last_nnz=28
[MW] core updated (t=0..): min=0.001 max=2 mean=0.543
Evaluating Subproblem (SP) at candidate...
2026-08-06 05:12:03,775 INFO | mobauto2_benders.benders.solver | force-added CutType.OPTIMALITY cut 'opt_cut'
2026-08-06 05:12:03,775 INFO | mobauto2_benders.benders.solver | added 1 cut(s)
2026-08-06 05:12:03,775 INFO | mobauto2_benders.benders.solver | bounds: best_lb=4296.25 best_ub=4515.99 gap=219.735 rel=0.0487
SP result: recourse=4938 feasible=True
[SP PIPELINE] iter=21 build=0.000s solve=0.000s extract=0.000s post=0.000s cutgen=0.026s mode=mw lb_valid=True tl_inc=False vars=- bin=- cons=- lp=-
[CHECK] SP: recourse=4938 first=1.74 sp_total=4939.74
[CUT TIGHTNESS] raw_line(y)=4938  SP_ub=4938  diff=-1.82e-12
[BENDERS] Added cut #20: const_out=8837, const_ret=7621, nnz=27, slope_range=[-1.44e+03,-15], raw_pos_dm=0, scale=1
[BENDERS] Eval cut (dir): OUT lhs=2872 rhs=3077; RET lhs=1648 rhs=1861
Master updated: added 1 cut(s): opt_cut
[CUT SUMMARY] it=21 cand=OUT[0,2]|RET[0,3]|OUT[0,5]|RET[0,6]|OUT[0,7]|RET[0,8]|OUT[0,11]|RET[0,12]|OUT[0,16]|RET[0,18]|OUT[0,19]|RET[0,20]|...(+12) decision=added skip=None theta_total=4520.000060000001 rec_total=4938.00006 raw_rhs_total=4938.00006 rhs_total=4938.000059999999 lhs_total=4520.000060000001
Timing: master=1.493s sp_solve=0.029s cutgen=0.026s cutadd=0.002s cuts_added=1 total_cuts=21
MP stats: nodes=1206 best_bound=4296.254616880839 incumbent=4521.740060000002 gap=0.0498669627460092
[CHECK] GAP: LB=4296.25 UB=4515.99 gap=219.735 rel=0.0487

=== Iteration 22 ===
Solving Master (MP)...
[SCHEDULE] master gap-tied: time_limit_s=105 mipgap=0.049 g_bd=0.0487
[MIPSTART] x-only start applied: n_out=44 n_ret=44
[MP] Wrote LP: Report\master_iter_022_cuts_021_20260806_051203.lp
2026-08-06 05:12:05,320 INFO | mobauto2_benders.benders.solver | iter=22 master status=SolveStatus.FEASIBLE obj=4556.24 lb=4334.96
Solver log file: C:\Users\fabio\AppData\Local\Temp\tmp7a4sp_qn.log
MP raw solver: status=ok term=optimal incumbent=4556.240045000001 best_bound=4334.9626088443
MP solutions: count=1 keys=['Gap', 'Status', 'Message', 'Problem', 'Objective', 'Variable', 'Constraint']
[MP] Solver log: Report\master_iter_022_cuts_021_20260806_051203.log
Shuttle totals (OUT+RET): q0=12, q1=12
MP stats (solver): nodes=1319 best_bound=4334.9626088443 incumbent=4556.240045000001 gap=0.04856579854666027
MP result: status=SolveStatus.FEASIBLE obj=4556.24 lb=4334.96
[CHECK] MP: first=2.24 theta=4554 mp_total=4556.24 inc_obj=4556.24 best_bound=4334.96
[CHECK] MP bounds: mp_obj=4556.24 mp_best_bound=4334.96 mp_best_integer=4556.24 term=optimal status=ok gap=0.0485658
[MP] iter=22 incumbent=4556.24 best_bound=4334.96 gap=0.0485658 (src: inc=cplex_api bb=cplex_api gap=cplex_api)
[MP] iter=22 cuts=21 obj=4556.240 last_const=16458.000 last_nnz=27
[MW] core updated (t=0..): min=0.001 max=2 mean=0.544
Evaluating Subproblem (SP) at candidate...
2026-08-06 05:12:05,455 INFO | mobauto2_benders.benders.solver | force-added CutType.OPTIMALITY cut 'opt_cut'
2026-08-06 05:12:05,455 INFO | mobauto2_benders.benders.solver | added 1 cut(s)
2026-08-06 05:12:05,455 INFO | mobauto2_benders.benders.solver | bounds: best_lb=4334.96 best_ub=4515.99 gap=181.027 rel=0.0401
SP result: recourse=4709 feasible=True
[SP PIPELINE] iter=22 build=0.000s solve=0.000s extract=0.000s post=0.000s cutgen=0.020s mode=mw lb_valid=True tl_inc=False vars=- bin=- cons=- lp=-
[CHECK] SP: recourse=4709 first=2.24 sp_total=4711.24
[CUT TIGHTNESS] raw_line(y)=4709  SP_ub=4709  diff=-1.82e-12
[BENDERS] Added cut #21: const_out=8696, const_ret=8253, nnz=29, slope_range=[-1.44e+03,-15], raw_pos_dm=0, scale=1
[BENDERS] Eval cut (dir): OUT lhs=2928 rhs=2936; RET lhs=1626 rhs=1773
Master updated: added 1 cut(s): opt_cut
[CUT SUMMARY] it=22 cand=OUT[0,2]|RET[0,3]|OUT[0,5]|RET[0,6]|OUT[0,7]|RET[0,9]|OUT[0,12]|RET[0,13]|OUT[0,17]|RET[0,18]|OUT[0,19]|RET[0,20]|...(+12) decision=added skip=None theta_total=4554.000045000001 rec_total=4709.00006 raw_rhs_total=4709.00006 rhs_total=4709.000059999997 lhs_total=4554.000045000001
Timing: master=1.547s sp_solve=0.020s cutgen=0.020s cutadd=0.001s cuts_added=1 total_cuts=22
MP stats: nodes=1319 best_bound=4334.9626088443 incumbent=4556.240045000001 gap=0.04856579854666027
[CHECK] GAP: LB=4334.96 UB=4515.99 gap=181.027 rel=0.0401

=== Iteration 23 ===
Solving Master (MP)...
[SCHEDULE] master gap-tied: time_limit_s=127 mipgap=0.04 g_bd=0.0401
[MIPSTART] x-only start applied: n_out=44 n_ret=44
[MP] Wrote LP: Report\master_iter_023_cuts_022_20260806_051205.lp
2026-08-06 05:12:07,419 INFO | mobauto2_benders.benders.solver | iter=23 master status=SolveStatus.FEASIBLE obj=4661.74 lb=4476.07
Solver log file: C:\Users\fabio\AppData\Local\Temp\tmp8r4wll41.log
MP raw solver: status=ok term=optimal incumbent=4661.740059999999 best_bound=4476.073608137006
MP solutions: count=1 keys=['Gap', 'Status', 'Message', 'Problem', 'Objective', 'Variable', 'Constraint']
[MP] Solver log: Report\master_iter_023_cuts_022_20260806_051205.log
Shuttle totals (OUT+RET): q0=12, q1=12
MP stats (solver): nodes=2304 best_bound=4476.073608137006 incumbent=4661.740059999999 gap=0.039827714431376775
MP result: status=SolveStatus.FEASIBLE obj=4661.74 lb=4476.07
[CHECK] MP: first=1.74 theta=4660 mp_total=4661.74 inc_obj=4661.74 best_bound=4476.07
[CHECK] MP bounds: mp_obj=4661.74 mp_best_bound=4476.07 mp_best_integer=4661.74 term=optimal status=ok gap=0.0398277
[MP] iter=23 incumbent=4661.74 best_bound=4476.07 gap=0.0398277 (src: inc=cplex_api bb=cplex_api gap=cplex_api)
[MP] iter=23 cuts=22 obj=4661.740 last_const=16949.000 last_nnz=29
[MW] core updated (t=0..): min=0.001 max=2 mean=0.544
Evaluating Subproblem (SP) at candidate...
2026-08-06 05:12:07,553 INFO | mobauto2_benders.benders.solver | force-added CutType.OPTIMALITY cut 'opt_cut'
2026-08-06 05:12:07,553 INFO | mobauto2_benders.benders.solver | added 1 cut(s)
2026-08-06 05:12:07,553 INFO | mobauto2_benders.benders.solver | bounds: best_lb=4476.07 best_ub=4515.99 gap=39.9164 rel=0.00884
SP result: recourse=5129 feasible=True
[SP PIPELINE] iter=23 build=0.000s solve=0.000s extract=0.000s post=0.000s cutgen=0.028s mode=mw lb_valid=True tl_inc=False vars=- bin=- cons=- lp=-
[CHECK] SP: recourse=5129 first=1.74 sp_total=5130.74
[CUT TIGHTNESS] raw_line(y)=5129  SP_ub=5129  diff=-1.82e-12
[BENDERS] Added cut #22: const_out=8690, const_ret=8679, nnz=27, slope_range=[-1.44e+03,-15], raw_pos_dm=0, scale=1
[BENDERS] Eval cut (dir): OUT lhs=2821 rhs=2930; RET lhs=1839 rhs=2199
Master updated: added 1 cut(s): opt_cut
[CUT SUMMARY] it=23 cand=OUT[0,2]|RET[0,3]|OUT[0,5]|RET[0,6]|OUT[0,7]|RET[0,8]|OUT[0,11]|RET[0,12]|OUT[0,16]|RET[0,18]|OUT[0,19]|RET[0,20]|...(+12) decision=added skip=None theta_total=4660.0000599999985 rec_total=5129.00006 raw_rhs_total=5129.000060000002 rhs_total=5129.000060000002 lhs_total=4660.0000599999985
Timing: master=1.964s sp_solve=0.028s cutgen=0.028s cutadd=0.002s cuts_added=1 total_cuts=23
MP stats: nodes=2304 best_bound=4476.073608137006 incumbent=4661.740059999999 gap=0.039827714431376775
[CHECK] GAP: LB=4476.07 UB=4515.99 gap=39.9164 rel=0.00884

=== Iteration 24 ===
Solving Master (MP)...
[SCHEDULE] master gap-tied: time_limit_s=568 mipgap=0.0088 g_bd=0.00884
[MIPSTART] x-only start applied: n_out=44 n_ret=44
[MP] Wrote LP: Report\master_iter_024_cuts_023_20260806_051207.lp
2026-08-06 05:12:09,066 INFO | mobauto2_benders.benders.solver | iter=24 master status=SolveStatus.FEASIBLE obj=4561.99 lb=4521.68
Solver log file: C:\Users\fabio\AppData\Local\Temp\tmpf2y6gznx.log
MP raw solver: status=ok term=optimal incumbent=4561.99006 best_bound=4521.677318195003
MP solutions: count=1 keys=['Gap', 'Status', 'Message', 'Problem', 'Objective', 'Variable', 'Constraint']
[MP] Solver log: Report\master_iter_024_cuts_023_20260806_051207.log
Shuttle totals (OUT+RET): q0=12, q1=12
MP stats (solver): nodes=1957 best_bound=4521.677318195003 incumbent=4561.99006 gap=0.00883665708929586
MP result: status=SolveStatus.FEASIBLE obj=4561.99 lb=4521.68
[CHECK] MP: first=1.99 theta=4560 mp_total=4561.99 inc_obj=4561.99 best_bound=4521.68
[CHECK] MP bounds: mp_obj=4561.99 mp_best_bound=4521.68 mp_best_integer=4561.99 term=optimal status=ok gap=0.00883666
[MP] iter=24 incumbent=4561.99 best_bound=4521.68 gap=0.00883666 (src: inc=cplex_api bb=cplex_api gap=cplex_api)
[MP] iter=24 cuts=23 obj=4561.990 last_const=17369.000 last_nnz=27
[MW] core updated (t=0..): min=0.001 max=2 mean=0.545
Evaluating Subproblem (SP) at candidate...
2026-08-06 05:12:09,189 WARNING | mobauto2_benders.benders.solver | [CHECK FAIL] LB exceeds UB: LB=4521.68 UB=4515.99
2026-08-06 05:12:09,189 WARNING | mobauto2_benders.benders.solver | [CHECK] LB invalid; reverting to previous LB=4476.07
2026-08-06 05:12:09,189 INFO | mobauto2_benders.benders.solver | bounds: best_lb=4476.07 best_ub=4515.99 gap=39.9164 rel=0.00884
SP result: recourse=4560 feasible=True
[SP PIPELINE] iter=24 build=0.000s solve=0.000s extract=0.000s post=0.000s cutgen=0.025s mode=mw lb_valid=True tl_inc=False vars=- bin=- cons=- lp=-
[CHECK] SP: recourse=4560 first=1.99 sp_total=4561.99
[CUT TIGHTNESS] raw_line(y)=4560  SP_ub=4560  diff=-1.82e-12
[CUT DEBUG] Not violated (dir). viol_out=0 viol_ret=0
[CUT DEBUG] Not violated (dir). viol_out=0 viol_ret=0
Master updated: no new cuts (all skipped / duplicates)
[CUT ATTEMPT] it=24 cand=OUT[0,2]|RET[0,3]|OUT[0,5]|RET[0,6]|OUT[0,7]|RET[0,9]|OUT[0,12]|RET[0,13]|OUT[0,17]|RET[0,18]|OUT[0,19]|RET[0,20]|...(+12) theta_out=2934.0000299999992 theta_ret=1626.0000300000002 theta_total=4560.000059999999 rec_out=2934.00003 rec_ret=1626.00003 rec_total=4560.00006 raw_rhs_out=2934.0000299999997 raw_rhs_ret=1626.0000300000002 raw_rhs_total=4560.00006 raw_gap=0.0 lhs_out=2934.0000299999992 lhs_ret=1626.0000300000002 lhs_total=4560.000059999999 rhs_out=2934.0000299999992 rhs_ret=1626.0000300000002 rhs_total=4560.000059999999 tol_master=1e-08 tol_filter=None skip=not_violated_directional
[CUT SUMMARY] it=24 cand=OUT[0,2]|RET[0,3]|OUT[0,5]|RET[0,6]|OUT[0,7]|RET[0,9]|OUT[0,12]|RET[0,13]|OUT[0,17]|RET[0,18]|OUT[0,19]|RET[0,20]|...(+12) decision=None skip=not_violated_directional theta_total=4560.000059999999 rec_total=4560.00006 raw_rhs_total=4560.00006 rhs_total=4560.000059999999 lhs_total=4560.000059999999
Timing: master=1.511s sp_solve=0.023s cutgen=0.025s cutadd=0.003s cuts_added=0 total_cuts=23
MP stats: nodes=1957 best_bound=4521.677318195003 incumbent=4561.99006 gap=0.00883665708929586
[CHECK] GAP: LB=4476.07 UB=4515.99 gap=39.9164 rel=0.00884

=== Iteration 25 ===
Solving Master (MP)...
[SCHEDULE] master gap-tied: time_limit_s=568 mipgap=0.0088 g_bd=0.00884
[MIPSTART] x-only start applied: n_out=44 n_ret=44
[MP] Wrote LP: Report\master_iter_025_cuts_023_20260806_051209.lp
2026-08-06 05:12:11,186 INFO | mobauto2_benders.benders.solver | iter=25 master status=SolveStatus.FEASIBLE obj=4561.99 lb=4522.63
Solver log file: C:\Users\fabio\AppData\Local\Temp\tmp5tuysjh1.log
MP raw solver: status=ok term=optimal incumbent=4561.99006 best_bound=4522.6254841105865
MP solutions: count=1 keys=['Gap', 'Status', 'Message', 'Problem', 'Objective', 'Variable', 'Constraint']
[MP] Solver log: Report\master_iter_025_cuts_023_20260806_051209.log
Shuttle totals (OUT+RET): q0=12, q1=12
MP stats (solver): nodes=1646 best_bound=4522.6254841105865 incumbent=4561.99006 gap=0.008628816672479271
MP result: status=SolveStatus.FEASIBLE obj=4561.99 lb=4522.63
[CHECK] MP: first=1.99 theta=4560 mp_total=4561.99 inc_obj=4561.99 best_bound=4522.63
[CHECK] MP bounds: mp_obj=4561.99 mp_best_bound=4522.63 mp_best_integer=4561.99 term=optimal status=ok gap=0.00862882
[MP] iter=25 incumbent=4561.99 best_bound=4522.63 gap=0.00862882 (src: inc=cplex_api bb=cplex_api gap=cplex_api)
[MP] iter=25 cuts=23 obj=4561.990 last_const=17369.000 last_nnz=27
[MW] core updated (t=0..): min=0.001 max=2 mean=0.545
Evaluating Subproblem (SP) at candidate...
2026-08-06 05:12:11,306 WARNING | mobauto2_benders.benders.solver | [CHECK FAIL] LB exceeds UB: LB=4522.63 UB=4515.99
2026-08-06 05:12:11,306 WARNING | mobauto2_benders.benders.solver | [CHECK] LB invalid; reverting to previous LB=4476.07
2026-08-06 05:12:11,308 INFO | mobauto2_benders.benders.solver | bounds: best_lb=4476.07 best_ub=4515.99 gap=39.9164 rel=0.00884
SP result: recourse=4560 feasible=True
[SP PIPELINE] iter=25 build=0.000s solve=0.000s extract=0.000s post=0.000s cutgen=0.022s mode=mw lb_valid=True tl_inc=False vars=- bin=- cons=- lp=-
[CHECK] SP: recourse=4560 first=1.99 sp_total=4561.99
[CUT TIGHTNESS] raw_line(y)=4560  SP_ub=4560  diff=-1.82e-12
[CUT DEBUG] Not violated (dir). viol_out=0 viol_ret=0
[CUT DEBUG] Not violated (dir). viol_out=0 viol_ret=0
Master updated: no new cuts (all skipped / duplicates)
[CUT ATTEMPT] it=25 cand=OUT[0,2]|RET[0,3]|OUT[0,5]|RET[0,6]|OUT[0,7]|RET[0,9]|OUT[0,12]|RET[0,13]|OUT[0,17]|RET[0,18]|OUT[0,19]|RET[0,20]|...(+12) theta_out=2934.0000299999992 theta_ret=1626.0000300000002 theta_total=4560.000059999999 rec_out=2934.00003 rec_ret=1626.00003 rec_total=4560.00006 raw_rhs_out=2934.0000299999997 raw_rhs_ret=1626.0000300000002 raw_rhs_total=4560.00006 raw_gap=0.0 lhs_out=2934.0000299999992 lhs_ret=1626.0000300000002 lhs_total=4560.000059999999 rhs_out=2934.0000299999992 rhs_ret=1626.0000300000002 rhs_total=4560.000059999999 tol_master=1e-08 tol_filter=None skip=not_violated_directional
[CUT SUMMARY] it=25 cand=OUT[0,2]|RET[0,3]|OUT[0,5]|RET[0,6]|OUT[0,7]|RET[0,9]|OUT[0,12]|RET[0,13]|OUT[0,17]|RET[0,18]|OUT[0,19]|RET[0,20]|...(+12) decision=None skip=not_violated_directional theta_total=4560.000059999999 rec_total=4560.00006 raw_rhs_total=4560.00006 rhs_total=4560.000059999999 lhs_total=4560.000059999999
Timing: master=1.992s sp_solve=0.024s cutgen=0.022s cutadd=0.003s cuts_added=0 total_cuts=23
MP stats: nodes=1646 best_bound=4522.6254841105865 incumbent=4561.99006 gap=0.008628816672479271
[CHECK] GAP: LB=4476.07 UB=4515.99 gap=39.9164 rel=0.00884

=== Iteration 26 ===
Solving Master (MP)...
[TIGHTEN] no new cuts for 2 iters: time_limit_s=568 mipgap=0.00884
[MIPSTART] x-only start applied: n_out=44 n_ret=44
[MP] Wrote LP: Report\master_iter_026_cuts_023_20260806_051211.lp
2026-08-06 05:12:12,859 INFO | mobauto2_benders.benders.solver | iter=26 master status=SolveStatus.FEASIBLE obj=4561.99 lb=4522.63
Solver log file: C:\Users\fabio\AppData\Local\Temp\tmpu8bu55j2.log
MP raw solver: status=ok term=optimal incumbent=4561.99006 best_bound=4522.6254841105865
MP solutions: count=1 keys=['Gap', 'Status', 'Message', 'Problem', 'Objective', 'Variable', 'Constraint']
[MP] Solver log: Report\master_iter_026_cuts_023_20260806_051211.log
Shuttle totals (OUT+RET): q0=12, q1=12
MP stats (solver): nodes=1646 best_bound=4522.6254841105865 incumbent=4561.99006 gap=0.008628816672479271
MP result: status=SolveStatus.FEASIBLE obj=4561.99 lb=4522.63
[CHECK] MP: first=1.99 theta=4560 mp_total=4561.99 inc_obj=4561.99 best_bound=4522.63
[CHECK] MP bounds: mp_obj=4561.99 mp_best_bound=4522.63 mp_best_integer=4561.99 term=optimal status=ok gap=0.00862882
[MP] iter=26 incumbent=4561.99 best_bound=4522.63 gap=0.00862882 (src: inc=cplex_api bb=cplex_api gap=cplex_api)
[MP] iter=26 cuts=23 obj=4561.990 last_const=17369.000 last_nnz=27
[MW] core updated (t=0..): min=0.001 max=2 mean=0.545
Evaluating Subproblem (SP) at candidate...
2026-08-06 05:12:12,989 WARNING | mobauto2_benders.benders.solver | [CHECK FAIL] LB exceeds UB: LB=4522.63 UB=4515.99
2026-08-06 05:12:12,989 WARNING | mobauto2_benders.benders.solver | [CHECK] LB invalid; reverting to previous LB=4476.07
2026-08-06 05:12:12,989 INFO | mobauto2_benders.benders.solver | bounds: best_lb=4476.07 best_ub=4515.99 gap=39.9164 rel=0.00884
SP result: recourse=4560 feasible=True
[SP PIPELINE] iter=26 build=0.000s solve=0.000s extract=0.000s post=0.000s cutgen=0.020s mode=mw lb_valid=True tl_inc=False vars=- bin=- cons=- lp=-
[CHECK] SP: recourse=4560 first=1.99 sp_total=4561.99
[CUT TIGHTNESS] raw_line(y)=4560  SP_ub=4560  diff=-1.82e-12
[CUT DEBUG] Not violated (dir). viol_out=0 viol_ret=0
[CUT DEBUG] Not violated (dir). viol_out=0 viol_ret=0
Master updated: no new cuts (all skipped / duplicates)
[CUT ATTEMPT] it=26 cand=OUT[0,2]|RET[0,3]|OUT[0,5]|RET[0,6]|OUT[0,7]|RET[0,9]|OUT[0,12]|RET[0,13]|OUT[0,17]|RET[0,18]|OUT[0,19]|RET[0,20]|...(+12) theta_out=2934.0000299999992 theta_ret=1626.0000300000002 theta_total=4560.000059999999 rec_out=2934.00003 rec_ret=1626.00003 rec_total=4560.00006 raw_rhs_out=2934.0000299999997 raw_rhs_ret=1626.0000300000002 raw_rhs_total=4560.00006 raw_gap=0.0 lhs_out=2934.0000299999992 lhs_ret=1626.0000300000002 lhs_total=4560.000059999999 rhs_out=2934.0000299999992 rhs_ret=1626.0000300000002 rhs_total=4560.000059999999 tol_master=1e-08 tol_filter=None skip=not_violated_directional
[CUT SUMMARY] it=26 cand=OUT[0,2]|RET[0,3]|OUT[0,5]|RET[0,6]|OUT[0,7]|RET[0,9]|OUT[0,12]|RET[0,13]|OUT[0,17]|RET[0,18]|OUT[0,19]|RET[0,20]|...(+12) decision=None skip=not_violated_directional theta_total=4560.000059999999 rec_total=4560.00006 raw_rhs_total=4560.00006 rhs_total=4560.000059999999 lhs_total=4560.000059999999
Timing: master=1.549s sp_solve=0.049s cutgen=0.020s cutadd=0.002s cuts_added=0 total_cuts=23
MP stats: nodes=1646 best_bound=4522.6254841105865 incumbent=4561.99006 gap=0.008628816672479271
[CHECK] GAP: LB=4476.07 UB=4515.99 gap=39.9164 rel=0.00884

=== Iteration 27 ===
Solving Master (MP)...
[TIGHTEN] no new cuts for 3 iters: time_limit_s=568 mipgap=0.001
[MIPSTART] x-only start applied: n_out=44 n_ret=44
[MP] Wrote LP: Report\master_iter_027_cuts_023_20260806_051212.lp
2026-08-06 05:12:14,536 INFO | mobauto2_benders.benders.solver | iter=27 master status=SolveStatus.FEASIBLE obj=4561.99 lb=4561.37
Solver log file: C:\Users\fabio\AppData\Local\Temp\tmpq3upd6tt.log
MP raw solver: status=ok term=optimal incumbent=4561.99006 best_bound=4561.371552163825
MP solutions: count=1 keys=['Gap', 'Status', 'Message', 'Problem', 'Objective', 'Variable', 'Constraint']
[MP] Solver log: Report\master_iter_027_cuts_023_20260806_051213.log
Shuttle totals (OUT+RET): q0=12, q1=12
MP stats (solver): nodes=1614 best_bound=4561.371552163825 incumbent=4561.99006 gap=0.00013557851464827598
MP result: status=SolveStatus.FEASIBLE obj=4561.99 lb=4561.37
[CHECK] MP: first=1.99 theta=4560 mp_total=4561.99 inc_obj=4561.99 best_bound=4561.37
[CHECK] MP bounds: mp_obj=4561.99 mp_best_bound=4561.37 mp_best_integer=4561.99 term=optimal status=ok gap=0.000135579
[MP] iter=27 incumbent=4561.99 best_bound=4561.37 gap=0.000135579 (src: inc=cplex_api bb=cplex_api gap=cplex_api)
[MP] iter=27 cuts=23 obj=4561.990 last_const=17369.000 last_nnz=27
[MW] core updated (t=0..): min=0.001 max=2 mean=0.545
Evaluating Subproblem (SP) at candidate...
2026-08-06 05:12:14,627 WARNING | mobauto2_benders.benders.solver | [CHECK FAIL] LB exceeds UB: LB=4561.37 UB=4515.99
2026-08-06 05:12:14,627 WARNING | mobauto2_benders.benders.solver | [CHECK] LB invalid; reverting to previous LB=4476.07
2026-08-06 05:12:14,627 INFO | mobauto2_benders.benders.solver | bounds: best_lb=4476.07 best_ub=4515.99 gap=39.9164 rel=0.00884
SP result: recourse=4560 feasible=True
[SP PIPELINE] iter=27 build=0.000s solve=0.000s extract=0.000s post=0.000s cutgen=0.021s mode=mw lb_valid=True tl_inc=False vars=- bin=- cons=- lp=-
[CHECK] SP: recourse=4560 first=1.99 sp_total=4561.99
[CUT TIGHTNESS] raw_line(y)=4560  SP_ub=4560  diff=-1.82e-12
[CUT DEBUG] Not violated (dir). viol_out=0 viol_ret=0
[CUT DEBUG] Not violated (dir). viol_out=0 viol_ret=0
Master updated: no new cuts (all skipped / duplicates)
[CUT ATTEMPT] it=27 cand=OUT[0,2]|RET[0,3]|OUT[0,5]|RET[0,6]|OUT[0,7]|RET[0,9]|OUT[0,12]|RET[0,13]|OUT[0,17]|RET[0,18]|OUT[0,19]|RET[0,20]|...(+12) theta_out=2934.0000299999992 theta_ret=1626.0000300000002 theta_total=4560.000059999999 rec_out=2934.00003 rec_ret=1626.00003 rec_total=4560.00006 raw_rhs_out=2934.0000299999997 raw_rhs_ret=1626.0000300000002 raw_rhs_total=4560.00006 raw_gap=0.0 lhs_out=2934.0000299999992 lhs_ret=1626.0000300000002 lhs_total=4560.000059999999 rhs_out=2934.0000299999992 rhs_ret=1626.0000300000002 rhs_total=4560.000059999999 tol_master=1e-08 tol_filter=None skip=not_violated_directional
[CUT SUMMARY] it=27 cand=OUT[0,2]|RET[0,3]|OUT[0,5]|RET[0,6]|OUT[0,7]|RET[0,9]|OUT[0,12]|RET[0,13]|OUT[0,17]|RET[0,18]|OUT[0,19]|RET[0,20]|...(+12) decision=None skip=not_violated_directional theta_total=4560.000059999999 rec_total=4560.00006 raw_rhs_total=4560.00006 rhs_total=4560.000059999999 lhs_total=4560.000059999999
Timing: master=1.542s sp_solve=0.020s cutgen=0.021s cutadd=0.002s cuts_added=0 total_cuts=23
MP stats: nodes=1614 best_bound=4561.371552163825 incumbent=4561.99006 gap=0.00013557851464827598
[CHECK] GAP: LB=4476.07 UB=4515.99 gap=39.9164 rel=0.00884

=== Iteration 28 ===
Solving Master (MP)...
[TIGHTEN] no new cuts for 4 iters: time_limit_s=568 mipgap=0.001
[MIPSTART] x-only start applied: n_out=44 n_ret=44
[MP] Wrote LP: Report\master_iter_028_cuts_023_20260806_051214.lp
2026-08-06 05:12:16,175 INFO | mobauto2_benders.benders.solver | iter=28 master status=SolveStatus.FEASIBLE obj=4561.99 lb=4561.37
Solver log file: C:\Users\fabio\AppData\Local\Temp\tmp1gymuzno.log
MP raw solver: status=ok term=optimal incumbent=4561.99006 best_bound=4561.371552163825
MP solutions: count=1 keys=['Gap', 'Status', 'Message', 'Problem', 'Objective', 'Variable', 'Constraint']
[MP] Solver log: Report\master_iter_028_cuts_023_20260806_051214.log
Shuttle totals (OUT+RET): q0=12, q1=12
MP stats (solver): nodes=1614 best_bound=4561.371552163825 incumbent=4561.99006 gap=0.00013557851464827598
MP result: status=SolveStatus.FEASIBLE obj=4561.99 lb=4561.37
[CHECK] MP: first=1.99 theta=4560 mp_total=4561.99 inc_obj=4561.99 best_bound=4561.37
[CHECK] MP bounds: mp_obj=4561.99 mp_best_bound=4561.37 mp_best_integer=4561.99 term=optimal status=ok gap=0.000135579
[MP] iter=28 incumbent=4561.99 best_bound=4561.37 gap=0.000135579 (src: inc=cplex_api bb=cplex_api gap=cplex_api)
[MP] iter=28 cuts=23 obj=4561.990 last_const=17369.000 last_nnz=27
[MW] core updated (t=0..): min=0.001 max=2 mean=0.545
Evaluating Subproblem (SP) at candidate...
2026-08-06 05:12:16,279 WARNING | mobauto2_benders.benders.solver | [CHECK FAIL] LB exceeds UB: LB=4561.37 UB=4515.99
2026-08-06 05:12:16,279 WARNING | mobauto2_benders.benders.solver | [CHECK] LB invalid; reverting to previous LB=4476.07
2026-08-06 05:12:16,279 INFO | mobauto2_benders.benders.solver | bounds: best_lb=4476.07 best_ub=4515.99 gap=39.9164 rel=0.00884
SP result: recourse=4560 feasible=True
[SP PIPELINE] iter=28 build=0.000s solve=0.000s extract=0.000s post=0.000s cutgen=0.019s mode=mw lb_valid=True tl_inc=False vars=- bin=- cons=- lp=-
[CHECK] SP: recourse=4560 first=1.99 sp_total=4561.99
[CUT TIGHTNESS] raw_line(y)=4560  SP_ub=4560  diff=-1.82e-12
[CUT DEBUG] Not violated (dir). viol_out=0 viol_ret=0
[CUT DEBUG] Not violated (dir). viol_out=0 viol_ret=0
Master updated: no new cuts (all skipped / duplicates)
[CUT ATTEMPT] it=28 cand=OUT[0,2]|RET[0,3]|OUT[0,5]|RET[0,6]|OUT[0,7]|RET[0,9]|OUT[0,12]|RET[0,13]|OUT[0,17]|RET[0,18]|OUT[0,19]|RET[0,20]|...(+12) theta_out=2934.0000299999992 theta_ret=1626.0000300000002 theta_total=4560.000059999999 rec_out=2934.00003 rec_ret=1626.00003 rec_total=4560.00006 raw_rhs_out=2934.0000299999997 raw_rhs_ret=1626.0000300000002 raw_rhs_total=4560.00006 raw_gap=0.0 lhs_out=2934.0000299999992 lhs_ret=1626.0000300000002 lhs_total=4560.000059999999 rhs_out=2934.0000299999992 rhs_ret=1626.0000300000002 rhs_total=4560.000059999999 tol_master=1e-08 tol_filter=None skip=not_violated_directional
[CUT SUMMARY] it=28 cand=OUT[0,2]|RET[0,3]|OUT[0,5]|RET[0,6]|OUT[0,7]|RET[0,9]|OUT[0,12]|RET[0,13]|OUT[0,17]|RET[0,18]|OUT[0,19]|RET[0,20]|...(+12) decision=None skip=not_violated_directional theta_total=4560.000059999999 rec_total=4560.00006 raw_rhs_total=4560.00006 rhs_total=4560.000059999999 lhs_total=4560.000059999999
Timing: master=1.534s sp_solve=0.020s cutgen=0.019s cutadd=0.002s cuts_added=0 total_cuts=23
MP stats: nodes=1614 best_bound=4561.371552163825 incumbent=4561.99006 gap=0.00013557851464827598
[CHECK] GAP: LB=4476.07 UB=4515.99 gap=39.9164 rel=0.00884

=== Iteration 29 ===
Solving Master (MP)...
[TIGHTEN] no new cuts for 5 iters: time_limit_s=568 mipgap=0.001
[MIPSTART] x-only start applied: n_out=44 n_ret=44
[MP] Wrote LP: Report\master_iter_029_cuts_023_20260806_051216.lp
2026-08-06 05:12:17,819 INFO | mobauto2_benders.benders.solver | iter=29 master status=SolveStatus.FEASIBLE obj=4561.99 lb=4561.37
Solver log file: C:\Users\fabio\AppData\Local\Temp\tmpp3gm9bbc.log
MP raw solver: status=ok term=optimal incumbent=4561.99006 best_bound=4561.371552163825
MP solutions: count=1 keys=['Gap', 'Status', 'Message', 'Problem', 'Objective', 'Variable', 'Constraint']
[MP] Solver log: Report\master_iter_029_cuts_023_20260806_051216.log
Shuttle totals (OUT+RET): q0=12, q1=12
MP stats (solver): nodes=1614 best_bound=4561.371552163825 incumbent=4561.99006 gap=0.00013557851464827598
MP result: status=SolveStatus.FEASIBLE obj=4561.99 lb=4561.37
[CHECK] MP: first=1.99 theta=4560 mp_total=4561.99 inc_obj=4561.99 best_bound=4561.37
[CHECK] MP bounds: mp_obj=4561.99 mp_best_bound=4561.37 mp_best_integer=4561.99 term=optimal status=ok gap=0.000135579
[MP] iter=29 incumbent=4561.99 best_bound=4561.37 gap=0.000135579 (src: inc=cplex_api bb=cplex_api gap=cplex_api)
[MP] iter=29 cuts=23 obj=4561.990 last_const=17369.000 last_nnz=27
[MW] core updated (t=0..): min=0.001 max=2 mean=0.545
Evaluating Subproblem (SP) at candidate...
2026-08-06 05:12:17,928 WARNING | mobauto2_benders.benders.solver | [CHECK FAIL] LB exceeds UB: LB=4561.37 UB=4515.99
2026-08-06 05:12:17,928 WARNING | mobauto2_benders.benders.solver | [CHECK] LB invalid; reverting to previous LB=4476.07
2026-08-06 05:12:17,928 INFO | mobauto2_benders.benders.solver | bounds: best_lb=4476.07 best_ub=4515.99 gap=39.9164 rel=0.00884
SP result: recourse=4560 feasible=True
[SP PIPELINE] iter=29 build=0.000s solve=0.000s extract=0.000s post=0.000s cutgen=0.021s mode=mw lb_valid=True tl_inc=False vars=- bin=- cons=- lp=-
[CHECK] SP: recourse=4560 first=1.99 sp_total=4561.99
[CUT TIGHTNESS] raw_line(y)=4560  SP_ub=4560  diff=-1.82e-12
[CUT DEBUG] Not violated (dir). viol_out=0 viol_ret=0
[CUT DEBUG] Not violated (dir). viol_out=0 viol_ret=0
Master updated: no new cuts (all skipped / duplicates)
[CUT ATTEMPT] it=29 cand=OUT[0,2]|RET[0,3]|OUT[0,5]|RET[0,6]|OUT[0,7]|RET[0,9]|OUT[0,12]|RET[0,13]|OUT[0,17]|RET[0,18]|OUT[0,19]|RET[0,20]|...(+12) theta_out=2934.0000299999992 theta_ret=1626.0000300000002 theta_total=4560.000059999999 rec_out=2934.00003 rec_ret=1626.00003 rec_total=4560.00006 raw_rhs_out=2934.0000299999997 raw_rhs_ret=1626.0000300000002 raw_rhs_total=4560.00006 raw_gap=0.0 lhs_out=2934.0000299999992 lhs_ret=1626.0000300000002 lhs_total=4560.000059999999 rhs_out=2934.0000299999992 rhs_ret=1626.0000300000002 rhs_total=4560.000059999999 tol_master=1e-08 tol_filter=None skip=not_violated_directional
[CUT SUMMARY] it=29 cand=OUT[0,2]|RET[0,3]|OUT[0,5]|RET[0,6]|OUT[0,7]|RET[0,9]|OUT[0,12]|RET[0,13]|OUT[0,17]|RET[0,18]|OUT[0,19]|RET[0,20]|...(+12) decision=None skip=not_violated_directional theta_total=4560.000059999999 rec_total=4560.00006 raw_rhs_total=4560.00006 rhs_total=4560.000059999999 lhs_total=4560.000059999999
Timing: master=1.545s sp_solve=0.020s cutgen=0.021s cutadd=0.002s cuts_added=0 total_cuts=23
MP stats: nodes=1614 best_bound=4561.371552163825 incumbent=4561.99006 gap=0.00013557851464827598
[CHECK] GAP: LB=4476.07 UB=4515.99 gap=39.9164 rel=0.00884

=== Iteration 30 ===
Solving Master (MP)...
[TIGHTEN] no new cuts for 6 iters: time_limit_s=568 mipgap=0.001
[MIPSTART] x-only start applied: n_out=44 n_ret=44
[MP] Wrote LP: Report\master_iter_030_cuts_023_20260806_051217.lp
2026-08-06 05:12:19,430 INFO | mobauto2_benders.benders.solver | iter=30 master status=SolveStatus.FEASIBLE obj=4561.99 lb=4561.37
Solver log file: C:\Users\fabio\AppData\Local\Temp\tmpbc8whoh3.log
MP raw solver: status=ok term=optimal incumbent=4561.99006 best_bound=4561.371552163825
MP solutions: count=1 keys=['Gap', 'Status', 'Message', 'Problem', 'Objective', 'Variable', 'Constraint']
[MP] Solver log: Report\master_iter_030_cuts_023_20260806_051217.log
Shuttle totals (OUT+RET): q0=12, q1=12
MP stats (solver): nodes=1614 best_bound=4561.371552163825 incumbent=4561.99006 gap=0.00013557851464827598
MP result: status=SolveStatus.FEASIBLE obj=4561.99 lb=4561.37
[CHECK] MP: first=1.99 theta=4560 mp_total=4561.99 inc_obj=4561.99 best_bound=4561.37
[CHECK] MP bounds: mp_obj=4561.99 mp_best_bound=4561.37 mp_best_integer=4561.99 term=optimal status=ok gap=0.000135579
[MP] iter=30 incumbent=4561.99 best_bound=4561.37 gap=0.000135579 (src: inc=cplex_api bb=cplex_api gap=cplex_api)
[MP] iter=30 cuts=23 obj=4561.990 last_const=17369.000 last_nnz=27
[MW] core updated (t=0..): min=0.001 max=2 mean=0.546
Evaluating Subproblem (SP) at candidate...
2026-08-06 05:12:19,543 WARNING | mobauto2_benders.benders.solver | [CHECK FAIL] LB exceeds UB: LB=4561.37 UB=4515.99
2026-08-06 05:12:19,543 WARNING | mobauto2_benders.benders.solver | [CHECK] LB invalid; reverting to previous LB=4476.07
2026-08-06 05:12:19,543 INFO | mobauto2_benders.benders.solver | bounds: best_lb=4476.07 best_ub=4515.99 gap=39.9164 rel=0.00884
SP result: recourse=4560 feasible=True
[SP PIPELINE] iter=30 build=0.000s solve=0.000s extract=0.000s post=0.000s cutgen=0.027s mode=mw lb_valid=True tl_inc=False vars=- bin=- cons=- lp=-
[CHECK] SP: recourse=4560 first=1.99 sp_total=4561.99
[CUT TIGHTNESS] raw_line(y)=4560  SP_ub=4560  diff=-1.82e-12
[CUT DEBUG] Not violated (dir). viol_out=0 viol_ret=0
[CUT DEBUG] Not violated (dir). viol_out=0 viol_ret=0
Master updated: no new cuts (all skipped / duplicates)
[CUT ATTEMPT] it=30 cand=OUT[0,2]|RET[0,3]|OUT[0,5]|RET[0,6]|OUT[0,7]|RET[0,9]|OUT[0,12]|RET[0,13]|OUT[0,17]|RET[0,18]|OUT[0,19]|RET[0,20]|...(+12) theta_out=2934.0000299999992 theta_ret=1626.0000300000002 theta_total=4560.000059999999 rec_out=2934.00003 rec_ret=1626.00003 rec_total=4560.00006 raw_rhs_out=2934.0000299999997 raw_rhs_ret=1626.0000300000002 raw_rhs_total=4560.00006 raw_gap=0.0 lhs_out=2934.0000299999992 lhs_ret=1626.0000300000002 lhs_total=4560.000059999999 rhs_out=2934.0000299999992 rhs_ret=1626.0000300000002 rhs_total=4560.000059999999 tol_master=1e-08 tol_filter=None skip=not_violated_directional
[CUT SUMMARY] it=30 cand=OUT[0,2]|RET[0,3]|OUT[0,5]|RET[0,6]|OUT[0,7]|RET[0,9]|OUT[0,12]|RET[0,13]|OUT[0,17]|RET[0,18]|OUT[0,19]|RET[0,20]|...(+12) decision=None skip=not_violated_directional theta_total=4560.000059999999 rec_total=4560.00006 raw_rhs_total=4560.00006 rhs_total=4560.000059999999 lhs_total=4560.000059999999
Timing: master=1.500s sp_solve=0.024s cutgen=0.027s cutadd=0.002s cuts_added=0 total_cuts=23
MP stats: nodes=1614 best_bound=4561.371552163825 incumbent=4561.99006 gap=0.00013557851464827598
[CHECK] GAP: LB=4476.07 UB=4515.99 gap=39.9164 rel=0.00884

=== Iteration 31 ===
Solving Master (MP)...
[TIGHTEN] no new cuts for 7 iters: time_limit_s=568 mipgap=0.001
[MIPSTART] x-only start applied: n_out=44 n_ret=44
[MP] Wrote LP: Report\master_iter_031_cuts_023_20260806_051219.lp
2026-08-06 05:12:21,096 INFO | mobauto2_benders.benders.solver | iter=31 master status=SolveStatus.FEASIBLE obj=4561.99 lb=4561.37
Solver log file: C:\Users\fabio\AppData\Local\Temp\tmpkszlue23.log
MP raw solver: status=ok term=optimal incumbent=4561.99006 best_bound=4561.371552163825
MP solutions: count=1 keys=['Gap', 'Status', 'Message', 'Problem', 'Objective', 'Variable', 'Constraint']
[MP] Solver log: Report\master_iter_031_cuts_023_20260806_051219.log
Shuttle totals (OUT+RET): q0=12, q1=12
MP stats (solver): nodes=1614 best_bound=4561.371552163825 incumbent=4561.99006 gap=0.00013557851464827598
MP result: status=SolveStatus.FEASIBLE obj=4561.99 lb=4561.37
[CHECK] MP: first=1.99 theta=4560 mp_total=4561.99 inc_obj=4561.99 best_bound=4561.37
[CHECK] MP bounds: mp_obj=4561.99 mp_best_bound=4561.37 mp_best_integer=4561.99 term=optimal status=ok gap=0.000135579
[MP] iter=31 incumbent=4561.99 best_bound=4561.37 gap=0.000135579 (src: inc=cplex_api bb=cplex_api gap=cplex_api)
[MP] iter=31 cuts=23 obj=4561.990 last_const=17369.000 last_nnz=27
[MW] core updated (t=0..): min=0.001 max=2 mean=0.546
Evaluating Subproblem (SP) at candidate...
2026-08-06 05:12:21,196 WARNING | mobauto2_benders.benders.solver | [CHECK FAIL] LB exceeds UB: LB=4561.37 UB=4515.99
2026-08-06 05:12:21,196 WARNING | mobauto2_benders.benders.solver | [CHECK] LB invalid; reverting to previous LB=4476.07
2026-08-06 05:12:21,198 INFO | mobauto2_benders.benders.solver | bounds: best_lb=4476.07 best_ub=4515.99 gap=39.9164 rel=0.00884
SP result: recourse=4560 feasible=True
[SP PIPELINE] iter=31 build=0.000s solve=0.000s extract=0.000s post=0.000s cutgen=0.018s mode=mw lb_valid=True tl_inc=False vars=- bin=- cons=- lp=-
[CHECK] SP: recourse=4560 first=1.99 sp_total=4561.99
[CUT TIGHTNESS] raw_line(y)=4560  SP_ub=4560  diff=-1.82e-12
[CUT DEBUG] Not violated (dir). viol_out=0 viol_ret=0
[CUT DEBUG] Not violated (dir). viol_out=0 viol_ret=0
Master updated: no new cuts (all skipped / duplicates)
[CUT ATTEMPT] it=31 cand=OUT[0,2]|RET[0,3]|OUT[0,5]|RET[0,6]|OUT[0,7]|RET[0,9]|OUT[0,12]|RET[0,13]|OUT[0,17]|RET[0,18]|OUT[0,19]|RET[0,20]|...(+12) theta_out=2934.0000299999992 theta_ret=1626.0000300000002 theta_total=4560.000059999999 rec_out=2934.00003 rec_ret=1626.00003 rec_total=4560.00006 raw_rhs_out=2934.0000299999997 raw_rhs_ret=1626.0000300000002 raw_rhs_total=4560.00006 raw_gap=0.0 lhs_out=2934.0000299999992 lhs_ret=1626.0000300000002 lhs_total=4560.000059999999 rhs_out=2934.0000299999992 rhs_ret=1626.0000300000002 rhs_total=4560.000059999999 tol_master=1e-08 tol_filter=None skip=not_violated_directional
[CUT SUMMARY] it=31 cand=OUT[0,2]|RET[0,3]|OUT[0,5]|RET[0,6]|OUT[0,7]|RET[0,9]|OUT[0,12]|RET[0,13]|OUT[0,17]|RET[0,18]|OUT[0,19]|RET[0,20]|...(+12) decision=None skip=not_violated_directional theta_total=4560.000059999999 rec_total=4560.00006 raw_rhs_total=4560.00006 rhs_total=4560.000059999999 lhs_total=4560.000059999999
Timing: master=1.546s sp_solve=0.019s cutgen=0.018s cutadd=0.002s cuts_added=0 total_cuts=23
MP stats: nodes=1614 best_bound=4561.371552163825 incumbent=4561.99006 gap=0.00013557851464827598
[CHECK] GAP: LB=4476.07 UB=4515.99 gap=39.9164 rel=0.00884

=== Iteration 32 ===
Solving Master (MP)...
[TIGHTEN] no new cuts for 8 iters: time_limit_s=568 mipgap=0.001
[MIPSTART] x-only start applied: n_out=44 n_ret=44
[MP] Wrote LP: Report\master_iter_032_cuts_023_20260806_051221.lp
2026-08-06 05:12:22,755 INFO | mobauto2_benders.benders.solver | iter=32 master status=SolveStatus.FEASIBLE obj=4561.99 lb=4561.37
Solver log file: C:\Users\fabio\AppData\Local\Temp\tmp0kdg5jyo.log
MP raw solver: status=ok term=optimal incumbent=4561.99006 best_bound=4561.371552163825
MP solutions: count=1 keys=['Gap', 'Status', 'Message', 'Problem', 'Objective', 'Variable', 'Constraint']
[MP] Solver log: Report\master_iter_032_cuts_023_20260806_051221.log
Shuttle totals (OUT+RET): q0=12, q1=12
MP stats (solver): nodes=1614 best_bound=4561.371552163825 incumbent=4561.99006 gap=0.00013557851464827598
MP result: status=SolveStatus.FEASIBLE obj=4561.99 lb=4561.37
[CHECK] MP: first=1.99 theta=4560 mp_total=4561.99 inc_obj=4561.99 best_bound=4561.37
[CHECK] MP bounds: mp_obj=4561.99 mp_best_bound=4561.37 mp_best_integer=4561.99 term=optimal status=ok gap=0.000135579
[MP] iter=32 incumbent=4561.99 best_bound=4561.37 gap=0.000135579 (src: inc=cplex_api bb=cplex_api gap=cplex_api)
[MP] iter=32 cuts=23 obj=4561.990 last_const=17369.000 last_nnz=27
[MW] core updated (t=0..): min=0.001 max=2 mean=0.546
Evaluating Subproblem (SP) at candidate...
2026-08-06 05:12:22,864 WARNING | mobauto2_benders.benders.solver | [CHECK FAIL] LB exceeds UB: LB=4561.37 UB=4515.99
2026-08-06 05:12:22,864 WARNING | mobauto2_benders.benders.solver | [CHECK] LB invalid; reverting to previous LB=4476.07
2026-08-06 05:12:22,876 INFO | mobauto2_benders.benders.solver | bounds: best_lb=4476.07 best_ub=4515.99 gap=39.9164 rel=0.00884
SP result: recourse=4560 feasible=True
[SP PIPELINE] iter=32 build=0.000s solve=0.000s extract=0.000s post=0.000s cutgen=0.020s mode=mw lb_valid=True tl_inc=False vars=- bin=- cons=- lp=-
[CHECK] SP: recourse=4560 first=1.99 sp_total=4561.99
[CUT TIGHTNESS] raw_line(y)=4560  SP_ub=4560  diff=-1.82e-12
[CUT DEBUG] Not violated (dir). viol_out=0 viol_ret=0
[CUT DEBUG] Not violated (dir). viol_out=0 viol_ret=0
Master updated: no new cuts (all skipped / duplicates)
[CUT ATTEMPT] it=32 cand=OUT[0,2]|RET[0,3]|OUT[0,5]|RET[0,6]|OUT[0,7]|RET[0,9]|OUT[0,12]|RET[0,13]|OUT[0,17]|RET[0,18]|OUT[0,19]|RET[0,20]|...(+12) theta_out=2934.0000299999992 theta_ret=1626.0000300000002 theta_total=4560.000059999999 rec_out=2934.00003 rec_ret=1626.00003 rec_total=4560.00006 raw_rhs_out=2934.0000299999997 raw_rhs_ret=1626.0000300000002 raw_rhs_total=4560.00006 raw_gap=0.0 lhs_out=2934.0000299999992 lhs_ret=1626.0000300000002 lhs_total=4560.000059999999 rhs_out=2934.0000299999992 rhs_ret=1626.0000300000002 rhs_total=4560.000059999999 tol_master=1e-08 tol_filter=None skip=not_violated_directional
[CUT SUMMARY] it=32 cand=OUT[0,2]|RET[0,3]|OUT[0,5]|RET[0,6]|OUT[0,7]|RET[0,9]|OUT[0,12]|RET[0,13]|OUT[0,17]|RET[0,18]|OUT[0,19]|RET[0,20]|...(+12) decision=None skip=not_violated_directional theta_total=4560.000059999999 rec_total=4560.00006 raw_rhs_total=4560.00006 rhs_total=4560.000059999999 lhs_total=4560.000059999999
Timing: master=1.566s sp_solve=0.027s cutgen=0.020s cutadd=0.002s cuts_added=0 total_cuts=23
MP stats: nodes=1614 best_bound=4561.371552163825 incumbent=4561.99006 gap=0.00013557851464827598
[CHECK] GAP: LB=4476.07 UB=4515.99 gap=39.9164 rel=0.00884

=== Iteration 33 ===
Solving Master (MP)...
[TIGHTEN] no new cuts for 9 iters: time_limit_s=568 mipgap=0.001
[MIPSTART] x-only start applied: n_out=44 n_ret=44
[MP] Wrote LP: Report\master_iter_033_cuts_023_20260806_051222.lp
2026-08-06 05:12:24,367 INFO | mobauto2_benders.benders.solver | iter=33 master status=SolveStatus.FEASIBLE obj=4561.99 lb=4561.37
Solver log file: C:\Users\fabio\AppData\Local\Temp\tmpf9asqpjm.log
MP raw solver: status=ok term=optimal incumbent=4561.99006 best_bound=4561.371552163825
MP solutions: count=1 keys=['Gap', 'Status', 'Message', 'Problem', 'Objective', 'Variable', 'Constraint']
[MP] Solver log: Report\master_iter_033_cuts_023_20260806_051222.log
Shuttle totals (OUT+RET): q0=12, q1=12
MP stats (solver): nodes=1614 best_bound=4561.371552163825 incumbent=4561.99006 gap=0.00013557851464827598
MP result: status=SolveStatus.FEASIBLE obj=4561.99 lb=4561.37
[CHECK] MP: first=1.99 theta=4560 mp_total=4561.99 inc_obj=4561.99 best_bound=4561.37
[CHECK] MP bounds: mp_obj=4561.99 mp_best_bound=4561.37 mp_best_integer=4561.99 term=optimal status=ok gap=0.000135579
[MP] iter=33 incumbent=4561.99 best_bound=4561.37 gap=0.000135579 (src: inc=cplex_api bb=cplex_api gap=cplex_api)
[MP] iter=33 cuts=23 obj=4561.990 last_const=17369.000 last_nnz=27
[MW] core updated (t=0..): min=0.001 max=2 mean=0.546
Evaluating Subproblem (SP) at candidate...
2026-08-06 05:12:24,469 WARNING | mobauto2_benders.benders.solver | [CHECK FAIL] LB exceeds UB: LB=4561.37 UB=4515.99
2026-08-06 05:12:24,469 WARNING | mobauto2_benders.benders.solver | [CHECK] LB invalid; reverting to previous LB=4476.07
2026-08-06 05:12:24,469 INFO | mobauto2_benders.benders.solver | bounds: best_lb=4476.07 best_ub=4515.99 gap=39.9164 rel=0.00884
SP result: recourse=4560 feasible=True
[SP PIPELINE] iter=33 build=0.000s solve=0.000s extract=0.000s post=0.000s cutgen=0.019s mode=mw lb_valid=True tl_inc=False vars=- bin=- cons=- lp=-
[CHECK] SP: recourse=4560 first=1.99 sp_total=4561.99
[CUT TIGHTNESS] raw_line(y)=4560  SP_ub=4560  diff=-1.82e-12
[CUT DEBUG] Not violated (dir). viol_out=0 viol_ret=0
[CUT DEBUG] Not violated (dir). viol_out=0 viol_ret=0
Master updated: no new cuts (all skipped / duplicates)
[CUT ATTEMPT] it=33 cand=OUT[0,2]|RET[0,3]|OUT[0,5]|RET[0,6]|OUT[0,7]|RET[0,9]|OUT[0,12]|RET[0,13]|OUT[0,17]|RET[0,18]|OUT[0,19]|RET[0,20]|...(+12) theta_out=2934.0000299999992 theta_ret=1626.0000300000002 theta_total=4560.000059999999 rec_out=2934.00003 rec_ret=1626.00003 rec_total=4560.00006 raw_rhs_out=2934.0000299999997 raw_rhs_ret=1626.0000300000002 raw_rhs_total=4560.00006 raw_gap=0.0 lhs_out=2934.0000299999992 lhs_ret=1626.0000300000002 lhs_total=4560.000059999999 rhs_out=2934.0000299999992 rhs_ret=1626.0000300000002 rhs_total=4560.000059999999 tol_master=1e-08 tol_filter=None skip=not_violated_directional
[CUT SUMMARY] it=33 cand=OUT[0,2]|RET[0,3]|OUT[0,5]|RET[0,6]|OUT[0,7]|RET[0,9]|OUT[0,12]|RET[0,13]|OUT[0,17]|RET[0,18]|OUT[0,19]|RET[0,20]|...(+12) decision=None skip=not_violated_directional theta_total=4560.000059999999 rec_total=4560.00006 raw_rhs_total=4560.00006 rhs_total=4560.000059999999 lhs_total=4560.000059999999
Timing: master=1.498s sp_solve=0.020s cutgen=0.019s cutadd=0.001s cuts_added=0 total_cuts=23
MP stats: nodes=1614 best_bound=4561.371552163825 incumbent=4561.99006 gap=0.00013557851464827598
[CHECK] GAP: LB=4476.07 UB=4515.99 gap=39.9164 rel=0.00884

=== Iteration 34 ===
Solving Master (MP)...
[TIGHTEN] no new cuts for 10 iters: time_limit_s=568 mipgap=0.001
[MIPSTART] x-only start applied: n_out=44 n_ret=44
[MP] Wrote LP: Report\master_iter_034_cuts_023_20260806_051224.lp
2026-08-06 05:12:26,052 INFO | mobauto2_benders.benders.solver | iter=34 master status=SolveStatus.FEASIBLE obj=4561.99 lb=4561.37
Solver log file: C:\Users\fabio\AppData\Local\Temp\tmp6eqmt3it.log
MP raw solver: status=ok term=optimal incumbent=4561.99006 best_bound=4561.371552163825
MP solutions: count=1 keys=['Gap', 'Status', 'Message', 'Problem', 'Objective', 'Variable', 'Constraint']
[MP] Solver log: Report\master_iter_034_cuts_023_20260806_051224.log
Shuttle totals (OUT+RET): q0=12, q1=12
MP stats (solver): nodes=1614 best_bound=4561.371552163825 incumbent=4561.99006 gap=0.00013557851464827598
MP result: status=SolveStatus.FEASIBLE obj=4561.99 lb=4561.37
[CHECK] MP: first=1.99 theta=4560 mp_total=4561.99 inc_obj=4561.99 best_bound=4561.37
[CHECK] MP bounds: mp_obj=4561.99 mp_best_bound=4561.37 mp_best_integer=4561.99 term=optimal status=ok gap=0.000135579
[MP] iter=34 incumbent=4561.99 best_bound=4561.37 gap=0.000135579 (src: inc=cplex_api bb=cplex_api gap=cplex_api)
[MP] iter=34 cuts=23 obj=4561.990 last_const=17369.000 last_nnz=27
[MW] core updated (t=0..): min=0.001 max=2 mean=0.546
Evaluating Subproblem (SP) at candidate...
2026-08-06 05:12:26,148 WARNING | mobauto2_benders.benders.solver | [CHECK FAIL] LB exceeds UB: LB=4561.37 UB=4515.99
2026-08-06 05:12:26,148 WARNING | mobauto2_benders.benders.solver | [CHECK] LB invalid; reverting to previous LB=4476.07
2026-08-06 05:12:26,148 INFO | mobauto2_benders.benders.solver | bounds: best_lb=4476.07 best_ub=4515.99 gap=39.9164 rel=0.00884
SP result: recourse=4560 feasible=True
[SP PIPELINE] iter=34 build=0.000s solve=0.000s extract=0.000s post=0.000s cutgen=0.021s mode=mw lb_valid=True tl_inc=False vars=- bin=- cons=- lp=-
[CHECK] SP: recourse=4560 first=1.99 sp_total=4561.99
[CUT TIGHTNESS] raw_line(y)=4560  SP_ub=4560  diff=-1.82e-12
[CUT DEBUG] Not violated (dir). viol_out=0 viol_ret=0
[CUT DEBUG] Not violated (dir). viol_out=0 viol_ret=0
Master updated: no new cuts (all skipped / duplicates)
[CUT ATTEMPT] it=34 cand=OUT[0,2]|RET[0,3]|OUT[0,5]|RET[0,6]|OUT[0,7]|RET[0,9]|OUT[0,12]|RET[0,13]|OUT[0,17]|RET[0,18]|OUT[0,19]|RET[0,20]|...(+12) theta_out=2934.0000299999992 theta_ret=1626.0000300000002 theta_total=4560.000059999999 rec_out=2934.00003 rec_ret=1626.00003 rec_total=4560.00006 raw_rhs_out=2934.0000299999997 raw_rhs_ret=1626.0000300000002 raw_rhs_total=4560.00006 raw_gap=0.0 lhs_out=2934.0000299999992 lhs_ret=1626.0000300000002 lhs_total=4560.000059999999 rhs_out=2934.0000299999992 rhs_ret=1626.0000300000002 rhs_total=4560.000059999999 tol_master=1e-08 tol_filter=None skip=not_violated_directional
[CUT SUMMARY] it=34 cand=OUT[0,2]|RET[0,3]|OUT[0,5]|RET[0,6]|OUT[0,7]|RET[0,9]|OUT[0,12]|RET[0,13]|OUT[0,17]|RET[0,18]|OUT[0,19]|RET[0,20]|...(+12) decision=None skip=not_violated_directional theta_total=4560.000059999999 rec_total=4560.00006 raw_rhs_total=4560.00006 rhs_total=4560.000059999999 lhs_total=4560.000059999999
Timing: master=1.573s sp_solve=0.021s cutgen=0.021s cutadd=0.002s cuts_added=0 total_cuts=23
MP stats: nodes=1614 best_bound=4561.371552163825 incumbent=4561.99006 gap=0.00013557851464827598
[CHECK] GAP: LB=4476.07 UB=4515.99 gap=39.9164 rel=0.00884

=== Iteration 35 ===
Solving Master (MP)...
[TIGHTEN] no new cuts for 11 iters: time_limit_s=568 mipgap=0.001
[MIPSTART] x-only start applied: n_out=44 n_ret=44
[MP] Wrote LP: Report\master_iter_035_cuts_023_20260806_051226.lp
2026-08-06 05:12:27,686 INFO | mobauto2_benders.benders.solver | iter=35 master status=SolveStatus.FEASIBLE obj=4561.99 lb=4561.37
Solver log file: C:\Users\fabio\AppData\Local\Temp\tmpswup89y1.log
MP raw solver: status=ok term=optimal incumbent=4561.99006 best_bound=4561.371552163825
MP solutions: count=1 keys=['Gap', 'Status', 'Message', 'Problem', 'Objective', 'Variable', 'Constraint']
[MP] Solver log: Report\master_iter_035_cuts_023_20260806_051226.log
Shuttle totals (OUT+RET): q0=12, q1=12
MP stats (solver): nodes=1614 best_bound=4561.371552163825 incumbent=4561.99006 gap=0.00013557851464827598
MP result: status=SolveStatus.FEASIBLE obj=4561.99 lb=4561.37
[CHECK] MP: first=1.99 theta=4560 mp_total=4561.99 inc_obj=4561.99 best_bound=4561.37
[CHECK] MP bounds: mp_obj=4561.99 mp_best_bound=4561.37 mp_best_integer=4561.99 term=optimal status=ok gap=0.000135579
[MP] iter=35 incumbent=4561.99 best_bound=4561.37 gap=0.000135579 (src: inc=cplex_api bb=cplex_api gap=cplex_api)
[MP] iter=35 cuts=23 obj=4561.990 last_const=17369.000 last_nnz=27
[MW] core updated (t=0..): min=0.001 max=2 mean=0.546
Evaluating Subproblem (SP) at candidate...
2026-08-06 05:12:27,811 WARNING | mobauto2_benders.benders.solver | [CHECK FAIL] LB exceeds UB: LB=4561.37 UB=4515.99
2026-08-06 05:12:27,811 WARNING | mobauto2_benders.benders.solver | [CHECK] LB invalid; reverting to previous LB=4476.07
2026-08-06 05:12:27,811 INFO | mobauto2_benders.benders.solver | bounds: best_lb=4476.07 best_ub=4515.99 gap=39.9164 rel=0.00884
SP result: recourse=4560 feasible=True
[SP PIPELINE] iter=35 build=0.000s solve=0.000s extract=0.000s post=0.000s cutgen=0.019s mode=mw lb_valid=True tl_inc=False vars=- bin=- cons=- lp=-
[CHECK] SP: recourse=4560 first=1.99 sp_total=4561.99
[CUT TIGHTNESS] raw_line(y)=4560  SP_ub=4560  diff=-1.82e-12
[CUT DEBUG] Not violated (dir). viol_out=0 viol_ret=0
[CUT DEBUG] Not violated (dir). viol_out=0 viol_ret=0
Master updated: no new cuts (all skipped / duplicates)
[CUT ATTEMPT] it=35 cand=OUT[0,2]|RET[0,3]|OUT[0,5]|RET[0,6]|OUT[0,7]|RET[0,9]|OUT[0,12]|RET[0,13]|OUT[0,17]|RET[0,18]|OUT[0,19]|RET[0,20]|...(+12) theta_out=2934.0000299999992 theta_ret=1626.0000300000002 theta_total=4560.000059999999 rec_out=2934.00003 rec_ret=1626.00003 rec_total=4560.00006 raw_rhs_out=2934.0000299999997 raw_rhs_ret=1626.0000300000002 raw_rhs_total=4560.00006 raw_gap=0.0 lhs_out=2934.0000299999992 lhs_ret=1626.0000300000002 lhs_total=4560.000059999999 rhs_out=2934.0000299999992 rhs_ret=1626.0000300000002 rhs_total=4560.000059999999 tol_master=1e-08 tol_filter=None skip=not_violated_directional
[CUT SUMMARY] it=35 cand=OUT[0,2]|RET[0,3]|OUT[0,5]|RET[0,6]|OUT[0,7]|RET[0,9]|OUT[0,12]|RET[0,13]|OUT[0,17]|RET[0,18]|OUT[0,19]|RET[0,20]|...(+12) decision=None skip=not_violated_directional theta_total=4560.000059999999 rec_total=4560.00006 raw_rhs_total=4560.00006 rhs_total=4560.000059999999 lhs_total=4560.000059999999
Timing: master=1.526s sp_solve=0.022s cutgen=0.019s cutadd=0.002s cuts_added=0 total_cuts=23
MP stats: nodes=1614 best_bound=4561.371552163825 incumbent=4561.99006 gap=0.00013557851464827598
[CHECK] GAP: LB=4476.07 UB=4515.99 gap=39.9164 rel=0.00884

=== Iteration 36 ===
Solving Master (MP)...
[TIGHTEN] no new cuts for 12 iters: time_limit_s=568 mipgap=0.001
[MIPSTART] x-only start applied: n_out=44 n_ret=44
[MP] Wrote LP: Report\master_iter_036_cuts_023_20260806_051227.lp
2026-08-06 05:12:29,489 INFO | mobauto2_benders.benders.solver | iter=36 master status=SolveStatus.FEASIBLE obj=4561.99 lb=4561.37
Solver log file: C:\Users\fabio\AppData\Local\Temp\tmp4m5zy44c.log
MP raw solver: status=ok term=optimal incumbent=4561.99006 best_bound=4561.371552163825
MP solutions: count=1 keys=['Gap', 'Status', 'Message', 'Problem', 'Objective', 'Variable', 'Constraint']
[MP] Solver log: Report\master_iter_036_cuts_023_20260806_051227.log
Shuttle totals (OUT+RET): q0=12, q1=12
MP stats (solver): nodes=1614 best_bound=4561.371552163825 incumbent=4561.99006 gap=0.00013557851464827598
MP result: status=SolveStatus.FEASIBLE obj=4561.99 lb=4561.37
[CHECK] MP: first=1.99 theta=4560 mp_total=4561.99 inc_obj=4561.99 best_bound=4561.37
[CHECK] MP bounds: mp_obj=4561.99 mp_best_bound=4561.37 mp_best_integer=4561.99 term=optimal status=ok gap=0.000135579
[MP] iter=36 incumbent=4561.99 best_bound=4561.37 gap=0.000135579 (src: inc=cplex_api bb=cplex_api gap=cplex_api)
[MP] iter=36 cuts=23 obj=4561.990 last_const=17369.000 last_nnz=27
[MW] core updated (t=0..): min=0.001 max=2 mean=0.546
Evaluating Subproblem (SP) at candidate...
2026-08-06 05:12:29,607 WARNING | mobauto2_benders.benders.solver | [CHECK FAIL] LB exceeds UB: LB=4561.37 UB=4515.99
2026-08-06 05:12:29,607 WARNING | mobauto2_benders.benders.solver | [CHECK] LB invalid; reverting to previous LB=4476.07
2026-08-06 05:12:29,607 INFO | mobauto2_benders.benders.solver | bounds: best_lb=4476.07 best_ub=4515.99 gap=39.9164 rel=0.00884
SP result: recourse=4560 feasible=True
[SP PIPELINE] iter=36 build=0.000s solve=0.000s extract=0.000s post=0.000s cutgen=0.027s mode=mw lb_valid=True tl_inc=False vars=- bin=- cons=- lp=-
[CHECK] SP: recourse=4560 first=1.99 sp_total=4561.99
[CUT TIGHTNESS] raw_line(y)=4560  SP_ub=4560  diff=-1.82e-12
[CUT DEBUG] Not violated (dir). viol_out=0 viol_ret=0
[CUT DEBUG] Not violated (dir). viol_out=0 viol_ret=0
Master updated: no new cuts (all skipped / duplicates)
[CUT ATTEMPT] it=36 cand=OUT[0,2]|RET[0,3]|OUT[0,5]|RET[0,6]|OUT[0,7]|RET[0,9]|OUT[0,12]|RET[0,13]|OUT[0,17]|RET[0,18]|OUT[0,19]|RET[0,20]|...(+12) theta_out=2934.0000299999992 theta_ret=1626.0000300000002 theta_total=4560.000059999999 rec_out=2934.00003 rec_ret=1626.00003 rec_total=4560.00006 raw_rhs_out=2934.0000299999997 raw_rhs_ret=1626.0000300000002 raw_rhs_total=4560.00006 raw_gap=0.0 lhs_out=2934.0000299999992 lhs_ret=1626.0000300000002 lhs_total=4560.000059999999 rhs_out=2934.0000299999992 rhs_ret=1626.0000300000002 rhs_total=4560.000059999999 tol_master=1e-08 tol_filter=None skip=not_violated_directional
[CUT SUMMARY] it=36 cand=OUT[0,2]|RET[0,3]|OUT[0,5]|RET[0,6]|OUT[0,7]|RET[0,9]|OUT[0,12]|RET[0,13]|OUT[0,17]|RET[0,18]|OUT[0,19]|RET[0,20]|...(+12) decision=None skip=not_violated_directional theta_total=4560.000059999999 rec_total=4560.00006 raw_rhs_total=4560.00006 rhs_total=4560.000059999999 lhs_total=4560.000059999999
Timing: master=1.671s sp_solve=0.026s cutgen=0.027s cutadd=0.002s cuts_added=0 total_cuts=23
MP stats: nodes=1614 best_bound=4561.371552163825 incumbent=4561.99006 gap=0.00013557851464827598
[CHECK] GAP: LB=4476.07 UB=4515.99 gap=39.9164 rel=0.00884

=== Iteration 37 ===
Solving Master (MP)...
[TIGHTEN] no new cuts for 13 iters: time_limit_s=568 mipgap=0.001
[MIPSTART] x-only start applied: n_out=44 n_ret=44
[MP] Wrote LP: Report\master_iter_037_cuts_023_20260806_051229.lp
2026-08-06 05:12:31,404 INFO | mobauto2_benders.benders.solver | iter=37 master status=SolveStatus.FEASIBLE obj=4561.99 lb=4561.37
Solver log file: C:\Users\fabio\AppData\Local\Temp\tmpzjtvb_ez.log
MP raw solver: status=ok term=optimal incumbent=4561.99006 best_bound=4561.371552163825
MP solutions: count=1 keys=['Gap', 'Status', 'Message', 'Problem', 'Objective', 'Variable', 'Constraint']
[MP] Solver log: Report\master_iter_037_cuts_023_20260806_051229.log
Shuttle totals (OUT+RET): q0=12, q1=12
MP stats (solver): nodes=1614 best_bound=4561.371552163825 incumbent=4561.99006 gap=0.00013557851464827598
MP result: status=SolveStatus.FEASIBLE obj=4561.99 lb=4561.37
[CHECK] MP: first=1.99 theta=4560 mp_total=4561.99 inc_obj=4561.99 best_bound=4561.37
[CHECK] MP bounds: mp_obj=4561.99 mp_best_bound=4561.37 mp_best_integer=4561.99 term=optimal status=ok gap=0.000135579
[MP] iter=37 incumbent=4561.99 best_bound=4561.37 gap=0.000135579 (src: inc=cplex_api bb=cplex_api gap=cplex_api)
[MP] iter=37 cuts=23 obj=4561.990 last_const=17369.000 last_nnz=27
[MW] core updated (t=0..): min=0.001 max=2 mean=0.546
Evaluating Subproblem (SP) at candidate...
2026-08-06 05:12:31,520 WARNING | mobauto2_benders.benders.solver | [CHECK FAIL] LB exceeds UB: LB=4561.37 UB=4515.99
2026-08-06 05:12:31,520 WARNING | mobauto2_benders.benders.solver | [CHECK] LB invalid; reverting to previous LB=4476.07
2026-08-06 05:12:31,522 INFO | mobauto2_benders.benders.solver | bounds: best_lb=4476.07 best_ub=4515.99 gap=39.9164 rel=0.00884
SP result: recourse=4560 feasible=True
[SP PIPELINE] iter=37 build=0.000s solve=0.000s extract=0.000s post=0.000s cutgen=0.023s mode=mw lb_valid=True tl_inc=False vars=- bin=- cons=- lp=-
[CHECK] SP: recourse=4560 first=1.99 sp_total=4561.99
[CUT TIGHTNESS] raw_line(y)=4560  SP_ub=4560  diff=-1.82e-12
[CUT DEBUG] Not violated (dir). viol_out=0 viol_ret=0
[CUT DEBUG] Not violated (dir). viol_out=0 viol_ret=0
Master updated: no new cuts (all skipped / duplicates)
[CUT ATTEMPT] it=37 cand=OUT[0,2]|RET[0,3]|OUT[0,5]|RET[0,6]|OUT[0,7]|RET[0,9]|OUT[0,12]|RET[0,13]|OUT[0,17]|RET[0,18]|OUT[0,19]|RET[0,20]|...(+12) theta_out=2934.0000299999992 theta_ret=1626.0000300000002 theta_total=4560.000059999999 rec_out=2934.00003 rec_ret=1626.00003 rec_total=4560.00006 raw_rhs_out=2934.0000299999997 raw_rhs_ret=1626.0000300000002 raw_rhs_total=4560.00006 raw_gap=0.0 lhs_out=2934.0000299999992 lhs_ret=1626.0000300000002 lhs_total=4560.000059999999 rhs_out=2934.0000299999992 rhs_ret=1626.0000300000002 rhs_total=4560.000059999999 tol_master=1e-08 tol_filter=None skip=not_violated_directional
[CUT SUMMARY] it=37 cand=OUT[0,2]|RET[0,3]|OUT[0,5]|RET[0,6]|OUT[0,7]|RET[0,9]|OUT[0,12]|RET[0,13]|OUT[0,17]|RET[0,18]|OUT[0,19]|RET[0,20]|...(+12) decision=None skip=not_violated_directional theta_total=4560.000059999999 rec_total=4560.00006 raw_rhs_total=4560.00006 rhs_total=4560.000059999999 lhs_total=4560.000059999999
Timing: master=1.791s sp_solve=0.024s cutgen=0.023s cutadd=0.002s cuts_added=0 total_cuts=23
MP stats: nodes=1614 best_bound=4561.371552163825 incumbent=4561.99006 gap=0.00013557851464827598
[CHECK] GAP: LB=4476.07 UB=4515.99 gap=39.9164 rel=0.00884

=== Iteration 38 ===
Solving Master (MP)...
[TIGHTEN] no new cuts for 14 iters: time_limit_s=568 mipgap=0.001
[MIPSTART] x-only start applied: n_out=44 n_ret=44
[MP] Wrote LP: Report\master_iter_038_cuts_023_20260806_051231.lp
2026-08-06 05:12:33,090 INFO | mobauto2_benders.benders.solver | iter=38 master status=SolveStatus.FEASIBLE obj=4561.99 lb=4561.37
Solver log file: C:\Users\fabio\AppData\Local\Temp\tmpowur0jvr.log
MP raw solver: status=ok term=optimal incumbent=4561.99006 best_bound=4561.371552163825
MP solutions: count=1 keys=['Gap', 'Status', 'Message', 'Problem', 'Objective', 'Variable', 'Constraint']
[MP] Solver log: Report\master_iter_038_cuts_023_20260806_051231.log
Shuttle totals (OUT+RET): q0=12, q1=12
MP stats (solver): nodes=1614 best_bound=4561.371552163825 incumbent=4561.99006 gap=0.00013557851464827598
MP result: status=SolveStatus.FEASIBLE obj=4561.99 lb=4561.37
[CHECK] MP: first=1.99 theta=4560 mp_total=4561.99 inc_obj=4561.99 best_bound=4561.37
[CHECK] MP bounds: mp_obj=4561.99 mp_best_bound=4561.37 mp_best_integer=4561.99 term=optimal status=ok gap=0.000135579
[MP] iter=38 incumbent=4561.99 best_bound=4561.37 gap=0.000135579 (src: inc=cplex_api bb=cplex_api gap=cplex_api)
[MP] iter=38 cuts=23 obj=4561.990 last_const=17369.000 last_nnz=27
[MW] core updated (t=0..): min=0.001 max=2 mean=0.546
Evaluating Subproblem (SP) at candidate...
2026-08-06 05:12:33,204 WARNING | mobauto2_benders.benders.solver | [CHECK FAIL] LB exceeds UB: LB=4561.37 UB=4515.99
2026-08-06 05:12:33,204 WARNING | mobauto2_benders.benders.solver | [CHECK] LB invalid; reverting to previous LB=4476.07
2026-08-06 05:12:33,204 INFO | mobauto2_benders.benders.solver | bounds: best_lb=4476.07 best_ub=4515.99 gap=39.9164 rel=0.00884
SP result: recourse=4560 feasible=True
[SP PIPELINE] iter=38 build=0.000s solve=0.000s extract=0.000s post=0.000s cutgen=0.027s mode=mw lb_valid=True tl_inc=False vars=- bin=- cons=- lp=-
[CHECK] SP: recourse=4560 first=1.99 sp_total=4561.99
[CUT TIGHTNESS] raw_line(y)=4560  SP_ub=4560  diff=-1.82e-12
[CUT DEBUG] Not violated (dir). viol_out=0 viol_ret=0
[CUT DEBUG] Not violated (dir). viol_out=0 viol_ret=0
Master updated: no new cuts (all skipped / duplicates)
[CUT ATTEMPT] it=38 cand=OUT[0,2]|RET[0,3]|OUT[0,5]|RET[0,6]|OUT[0,7]|RET[0,9]|OUT[0,12]|RET[0,13]|OUT[0,17]|RET[0,18]|OUT[0,19]|RET[0,20]|...(+12) theta_out=2934.0000299999992 theta_ret=1626.0000300000002 theta_total=4560.000059999999 rec_out=2934.00003 rec_ret=1626.00003 rec_total=4560.00006 raw_rhs_out=2934.0000299999997 raw_rhs_ret=1626.0000300000002 raw_rhs_total=4560.00006 raw_gap=0.0 lhs_out=2934.0000299999992 lhs_ret=1626.0000300000002 lhs_total=4560.000059999999 rhs_out=2934.0000299999992 rhs_ret=1626.0000300000002 rhs_total=4560.000059999999 tol_master=1e-08 tol_filter=None skip=not_violated_directional
[CUT SUMMARY] it=38 cand=OUT[0,2]|RET[0,3]|OUT[0,5]|RET[0,6]|OUT[0,7]|RET[0,9]|OUT[0,12]|RET[0,13]|OUT[0,17]|RET[0,18]|OUT[0,19]|RET[0,20]|...(+12) decision=None skip=not_violated_directional theta_total=4560.000059999999 rec_total=4560.00006 raw_rhs_total=4560.00006 rhs_total=4560.000059999999 lhs_total=4560.000059999999
Timing: master=1.578s sp_solve=0.021s cutgen=0.027s cutadd=0.002s cuts_added=0 total_cuts=23
MP stats: nodes=1614 best_bound=4561.371552163825 incumbent=4561.99006 gap=0.00013557851464827598
[CHECK] GAP: LB=4476.07 UB=4515.99 gap=39.9164 rel=0.00884

=== Iteration 39 ===
Solving Master (MP)...
[TIGHTEN] no new cuts for 15 iters: time_limit_s=568 mipgap=0.001
[MIPSTART] x-only start applied: n_out=44 n_ret=44
[MP] Wrote LP: Report\master_iter_039_cuts_023_20260806_051233.lp
2026-08-06 05:12:34,907 INFO | mobauto2_benders.benders.solver | iter=39 master status=SolveStatus.FEASIBLE obj=4561.99 lb=4561.37
Solver log file: C:\Users\fabio\AppData\Local\Temp\tmpzn1ukynz.log
MP raw solver: status=ok term=optimal incumbent=4561.99006 best_bound=4561.371552163825
MP solutions: count=1 keys=['Gap', 'Status', 'Message', 'Problem', 'Objective', 'Variable', 'Constraint']
[MP] Solver log: Report\master_iter_039_cuts_023_20260806_051233.log
Shuttle totals (OUT+RET): q0=12, q1=12
MP stats (solver): nodes=1614 best_bound=4561.371552163825 incumbent=4561.99006 gap=0.00013557851464827598
MP result: status=SolveStatus.FEASIBLE obj=4561.99 lb=4561.37
[CHECK] MP: first=1.99 theta=4560 mp_total=4561.99 inc_obj=4561.99 best_bound=4561.37
[CHECK] MP bounds: mp_obj=4561.99 mp_best_bound=4561.37 mp_best_integer=4561.99 term=optimal status=ok gap=0.000135579
[MP] iter=39 incumbent=4561.99 best_bound=4561.37 gap=0.000135579 (src: inc=cplex_api bb=cplex_api gap=cplex_api)
[MP] iter=39 cuts=23 obj=4561.990 last_const=17369.000 last_nnz=27
[MW] core updated (t=0..): min=0.001 max=2 mean=0.546
Evaluating Subproblem (SP) at candidate...
2026-08-06 05:12:35,041 WARNING | mobauto2_benders.benders.solver | [CHECK FAIL] LB exceeds UB: LB=4561.37 UB=4515.99
2026-08-06 05:12:35,041 WARNING | mobauto2_benders.benders.solver | [CHECK] LB invalid; reverting to previous LB=4476.07
2026-08-06 05:12:35,043 INFO | mobauto2_benders.benders.solver | bounds: best_lb=4476.07 best_ub=4515.99 gap=39.9164 rel=0.00884
SP result: recourse=4560 feasible=True
[SP PIPELINE] iter=39 build=0.000s solve=0.000s extract=0.000s post=0.000s cutgen=0.019s mode=mw lb_valid=True tl_inc=False vars=- bin=- cons=- lp=-
[CHECK] SP: recourse=4560 first=1.99 sp_total=4561.99
[CUT TIGHTNESS] raw_line(y)=4560  SP_ub=4560  diff=-1.82e-12
[CUT DEBUG] Not violated (dir). viol_out=0 viol_ret=0
[CUT DEBUG] Not violated (dir). viol_out=0 viol_ret=0
Master updated: no new cuts (all skipped / duplicates)
[CUT ATTEMPT] it=39 cand=OUT[0,2]|RET[0,3]|OUT[0,5]|RET[0,6]|OUT[0,7]|RET[0,9]|OUT[0,12]|RET[0,13]|OUT[0,17]|RET[0,18]|OUT[0,19]|RET[0,20]|...(+12) theta_out=2934.0000299999992 theta_ret=1626.0000300000002 theta_total=4560.000059999999 rec_out=2934.00003 rec_ret=1626.00003 rec_total=4560.00006 raw_rhs_out=2934.0000299999997 raw_rhs_ret=1626.0000300000002 raw_rhs_total=4560.00006 raw_gap=0.0 lhs_out=2934.0000299999992 lhs_ret=1626.0000300000002 lhs_total=4560.000059999999 rhs_out=2934.0000299999992 rhs_ret=1626.0000300000002 rhs_total=4560.000059999999 tol_master=1e-08 tol_filter=None skip=not_violated_directional
[CUT SUMMARY] it=39 cand=OUT[0,2]|RET[0,3]|OUT[0,5]|RET[0,6]|OUT[0,7]|RET[0,9]|OUT[0,12]|RET[0,13]|OUT[0,17]|RET[0,18]|OUT[0,19]|RET[0,20]|...(+12) decision=None skip=not_violated_directional theta_total=4560.000059999999 rec_total=4560.00006 raw_rhs_total=4560.00006 rhs_total=4560.000059999999 lhs_total=4560.000059999999
Timing: master=1.696s sp_solve=0.042s cutgen=0.019s cutadd=0.002s cuts_added=0 total_cuts=23
MP stats: nodes=1614 best_bound=4561.371552163825 incumbent=4561.99006 gap=0.00013557851464827598
[CHECK] GAP: LB=4476.07 UB=4515.99 gap=39.9164 rel=0.00884

=== Iteration 40 ===
Solving Master (MP)...
[TIGHTEN] no new cuts for 16 iters: time_limit_s=568 mipgap=0.001
[MIPSTART] x-only start applied: n_out=44 n_ret=44
[MP] Wrote LP: Report\master_iter_040_cuts_023_20260806_051235.lp
2026-08-06 05:12:36,661 INFO | mobauto2_benders.benders.solver | iter=40 master status=SolveStatus.FEASIBLE obj=4561.99 lb=4561.37
Solver log file: C:\Users\fabio\AppData\Local\Temp\tmpmekrjqkl.log
MP raw solver: status=ok term=optimal incumbent=4561.99006 best_bound=4561.371552163825
MP solutions: count=1 keys=['Gap', 'Status', 'Message', 'Problem', 'Objective', 'Variable', 'Constraint']
[MP] Solver log: Report\master_iter_040_cuts_023_20260806_051235.log
Shuttle totals (OUT+RET): q0=12, q1=12
MP stats (solver): nodes=1614 best_bound=4561.371552163825 incumbent=4561.99006 gap=0.00013557851464827598
MP result: status=SolveStatus.FEASIBLE obj=4561.99 lb=4561.37
[CHECK] MP: first=1.99 theta=4560 mp_total=4561.99 inc_obj=4561.99 best_bound=4561.37
[CHECK] MP bounds: mp_obj=4561.99 mp_best_bound=4561.37 mp_best_integer=4561.99 term=optimal status=ok gap=0.000135579
[MP] iter=40 incumbent=4561.99 best_bound=4561.37 gap=0.000135579 (src: inc=cplex_api bb=cplex_api gap=cplex_api)
[MP] iter=40 cuts=23 obj=4561.990 last_const=17369.000 last_nnz=27
[MW] core updated (t=0..): min=0.001 max=2 mean=0.546
Evaluating Subproblem (SP) at candidate...
2026-08-06 05:12:36,761 WARNING | mobauto2_benders.benders.solver | [CHECK FAIL] LB exceeds UB: LB=4561.37 UB=4515.99
2026-08-06 05:12:36,761 WARNING | mobauto2_benders.benders.solver | [CHECK] LB invalid; reverting to previous LB=4476.07
2026-08-06 05:12:36,761 INFO | mobauto2_benders.benders.solver | bounds: best_lb=4476.07 best_ub=4515.99 gap=39.9164 rel=0.00884
SP result: recourse=4560 feasible=True
[SP PIPELINE] iter=40 build=0.000s solve=0.000s extract=0.000s post=0.000s cutgen=0.020s mode=mw lb_valid=True tl_inc=False vars=- bin=- cons=- lp=-
[CHECK] SP: recourse=4560 first=1.99 sp_total=4561.99
[CUT TIGHTNESS] raw_line(y)=4560  SP_ub=4560  diff=-1.82e-12
[CUT DEBUG] Not violated (dir). viol_out=0 viol_ret=0
[CUT DEBUG] Not violated (dir). viol_out=0 viol_ret=0
Master updated: no new cuts (all skipped / duplicates)
[CUT ATTEMPT] it=40 cand=OUT[0,2]|RET[0,3]|OUT[0,5]|RET[0,6]|OUT[0,7]|RET[0,9]|OUT[0,12]|RET[0,13]|OUT[0,17]|RET[0,18]|OUT[0,19]|RET[0,20]|...(+12) theta_out=2934.0000299999992 theta_ret=1626.0000300000002 theta_total=4560.000059999999 rec_out=2934.00003 rec_ret=1626.00003 rec_total=4560.00006 raw_rhs_out=2934.0000299999997 raw_rhs_ret=1626.0000300000002 raw_rhs_total=4560.00006 raw_gap=0.0 lhs_out=2934.0000299999992 lhs_ret=1626.0000300000002 lhs_total=4560.000059999999 rhs_out=2934.0000299999992 rhs_ret=1626.0000300000002 rhs_total=4560.000059999999 tol_master=1e-08 tol_filter=None skip=not_violated_directional
[CUT SUMMARY] it=40 cand=OUT[0,2]|RET[0,3]|OUT[0,5]|RET[0,6]|OUT[0,7]|RET[0,9]|OUT[0,12]|RET[0,13]|OUT[0,17]|RET[0,18]|OUT[0,19]|RET[0,20]|...(+12) decision=None skip=not_violated_directional theta_total=4560.000059999999 rec_total=4560.00006 raw_rhs_total=4560.00006 rhs_total=4560.000059999999 lhs_total=4560.000059999999
Timing: master=1.620s sp_solve=0.019s cutgen=0.020s cutadd=0.002s cuts_added=0 total_cuts=23
MP stats: nodes=1614 best_bound=4561.371552163825 incumbent=4561.99006 gap=0.00013557851464827598
[CHECK] GAP: LB=4476.07 UB=4515.99 gap=39.9164 rel=0.00884

=== Iteration 41 ===
Solving Master (MP)...
[TIGHTEN] no new cuts for 17 iters: time_limit_s=568 mipgap=0.001
[MIPSTART] x-only start applied: n_out=44 n_ret=44
[MP] Wrote LP: Report\master_iter_041_cuts_023_20260806_051236.lp
2026-08-06 05:12:38,290 INFO | mobauto2_benders.benders.solver | iter=41 master status=SolveStatus.FEASIBLE obj=4561.99 lb=4561.37
Solver log file: C:\Users\fabio\AppData\Local\Temp\tmpnxn8_vp7.log
MP raw solver: status=ok term=optimal incumbent=4561.99006 best_bound=4561.371552163825
MP solutions: count=1 keys=['Gap', 'Status', 'Message', 'Problem', 'Objective', 'Variable', 'Constraint']
[MP] Solver log: Report\master_iter_041_cuts_023_20260806_051236.log
Shuttle totals (OUT+RET): q0=12, q1=12
MP stats (solver): nodes=1614 best_bound=4561.371552163825 incumbent=4561.99006 gap=0.00013557851464827598
MP result: status=SolveStatus.FEASIBLE obj=4561.99 lb=4561.37
[CHECK] MP: first=1.99 theta=4560 mp_total=4561.99 inc_obj=4561.99 best_bound=4561.37
[CHECK] MP bounds: mp_obj=4561.99 mp_best_bound=4561.37 mp_best_integer=4561.99 term=optimal status=ok gap=0.000135579
[MP] iter=41 incumbent=4561.99 best_bound=4561.37 gap=0.000135579 (src: inc=cplex_api bb=cplex_api gap=cplex_api)
[MP] iter=41 cuts=23 obj=4561.990 last_const=17369.000 last_nnz=27
[MW] core updated (t=0..): min=0.001 max=2 mean=0.546
Evaluating Subproblem (SP) at candidate...
2026-08-06 05:12:38,403 WARNING | mobauto2_benders.benders.solver | [CHECK FAIL] LB exceeds UB: LB=4561.37 UB=4515.99
2026-08-06 05:12:38,403 WARNING | mobauto2_benders.benders.solver | [CHECK] LB invalid; reverting to previous LB=4476.07
2026-08-06 05:12:38,405 INFO | mobauto2_benders.benders.solver | bounds: best_lb=4476.07 best_ub=4515.99 gap=39.9164 rel=0.00884
SP result: recourse=4560 feasible=True
[SP PIPELINE] iter=41 build=0.000s solve=0.000s extract=0.000s post=0.000s cutgen=0.020s mode=mw lb_valid=True tl_inc=False vars=- bin=- cons=- lp=-
[CHECK] SP: recourse=4560 first=1.99 sp_total=4561.99
[CUT TIGHTNESS] raw_line(y)=4560  SP_ub=4560  diff=-1.82e-12
[CUT DEBUG] Not violated (dir). viol_out=0 viol_ret=0
[CUT DEBUG] Not violated (dir). viol_out=0 viol_ret=0
Master updated: no new cuts (all skipped / duplicates)
[CUT ATTEMPT] it=41 cand=OUT[0,2]|RET[0,3]|OUT[0,5]|RET[0,6]|OUT[0,7]|RET[0,9]|OUT[0,12]|RET[0,13]|OUT[0,17]|RET[0,18]|OUT[0,19]|RET[0,20]|...(+12) theta_out=2934.0000299999992 theta_ret=1626.0000300000002 theta_total=4560.000059999999 rec_out=2934.00003 rec_ret=1626.00003 rec_total=4560.00006 raw_rhs_out=2934.0000299999997 raw_rhs_ret=1626.0000300000002 raw_rhs_total=4560.00006 raw_gap=0.0 lhs_out=2934.0000299999992 lhs_ret=1626.0000300000002 lhs_total=4560.000059999999 rhs_out=2934.0000299999992 rhs_ret=1626.0000300000002 rhs_total=4560.000059999999 tol_master=1e-08 tol_filter=None skip=not_violated_directional
[CUT SUMMARY] it=41 cand=OUT[0,2]|RET[0,3]|OUT[0,5]|RET[0,6]|OUT[0,7]|RET[0,9]|OUT[0,12]|RET[0,13]|OUT[0,17]|RET[0,18]|OUT[0,19]|RET[0,20]|...(+12) decision=None skip=not_violated_directional theta_total=4560.000059999999 rec_total=4560.00006 raw_rhs_total=4560.00006 rhs_total=4560.000059999999 lhs_total=4560.000059999999
Timing: master=1.536s sp_solve=0.022s cutgen=0.020s cutadd=0.002s cuts_added=0 total_cuts=23
MP stats: nodes=1614 best_bound=4561.371552163825 incumbent=4561.99006 gap=0.00013557851464827598
[CHECK] GAP: LB=4476.07 UB=4515.99 gap=39.9164 rel=0.00884

=== Iteration 42 ===
Solving Master (MP)...
[TIGHTEN] no new cuts for 18 iters: time_limit_s=568 mipgap=0.001
[MIPSTART] x-only start applied: n_out=44 n_ret=44
[MP] Wrote LP: Report\master_iter_042_cuts_023_20260806_051238.lp
2026-08-06 05:12:39,848 INFO | mobauto2_benders.benders.solver | iter=42 master status=SolveStatus.FEASIBLE obj=4561.99 lb=4561.37
Solver log file: C:\Users\fabio\AppData\Local\Temp\tmpbofbdrc9.log
MP raw solver: status=ok term=optimal incumbent=4561.99006 best_bound=4561.371552163825
MP solutions: count=1 keys=['Gap', 'Status', 'Message', 'Problem', 'Objective', 'Variable', 'Constraint']
[MP] Solver log: Report\master_iter_042_cuts_023_20260806_051238.log
Shuttle totals (OUT+RET): q0=12, q1=12
MP stats (solver): nodes=1614 best_bound=4561.371552163825 incumbent=4561.99006 gap=0.00013557851464827598
MP result: status=SolveStatus.FEASIBLE obj=4561.99 lb=4561.37
[CHECK] MP: first=1.99 theta=4560 mp_total=4561.99 inc_obj=4561.99 best_bound=4561.37
[CHECK] MP bounds: mp_obj=4561.99 mp_best_bound=4561.37 mp_best_integer=4561.99 term=optimal status=ok gap=0.000135579
[MP] iter=42 incumbent=4561.99 best_bound=4561.37 gap=0.000135579 (src: inc=cplex_api bb=cplex_api gap=cplex_api)
[MP] iter=42 cuts=23 obj=4561.990 last_const=17369.000 last_nnz=27
[MW] core updated (t=0..): min=0.001 max=2 mean=0.546
Evaluating Subproblem (SP) at candidate...
2026-08-06 05:12:39,944 WARNING | mobauto2_benders.benders.solver | [CHECK FAIL] LB exceeds UB: LB=4561.37 UB=4515.99
2026-08-06 05:12:39,944 WARNING | mobauto2_benders.benders.solver | [CHECK] LB invalid; reverting to previous LB=4476.07
2026-08-06 05:12:39,944 INFO | mobauto2_benders.benders.solver | bounds: best_lb=4476.07 best_ub=4515.99 gap=39.9164 rel=0.00884
SP result: recourse=4560 feasible=True
[SP PIPELINE] iter=42 build=0.000s solve=0.000s extract=0.000s post=0.000s cutgen=0.019s mode=mw lb_valid=True tl_inc=False vars=- bin=- cons=- lp=-
[CHECK] SP: recourse=4560 first=1.99 sp_total=4561.99
[CUT TIGHTNESS] raw_line(y)=4560  SP_ub=4560  diff=-1.82e-12
[CUT DEBUG] Not violated (dir). viol_out=0 viol_ret=0
[CUT DEBUG] Not violated (dir). viol_out=0 viol_ret=0
Master updated: no new cuts (all skipped / duplicates)
[CUT ATTEMPT] it=42 cand=OUT[0,2]|RET[0,3]|OUT[0,5]|RET[0,6]|OUT[0,7]|RET[0,9]|OUT[0,12]|RET[0,13]|OUT[0,17]|RET[0,18]|OUT[0,19]|RET[0,20]|...(+12) theta_out=2934.0000299999992 theta_ret=1626.0000300000002 theta_total=4560.000059999999 rec_out=2934.00003 rec_ret=1626.00003 rec_total=4560.00006 raw_rhs_out=2934.0000299999997 raw_rhs_ret=1626.0000300000002 raw_rhs_total=4560.00006 raw_gap=0.0 lhs_out=2934.0000299999992 lhs_ret=1626.0000300000002 lhs_total=4560.000059999999 rhs_out=2934.0000299999992 rhs_ret=1626.0000300000002 rhs_total=4560.000059999999 tol_master=1e-08 tol_filter=None skip=not_violated_directional
[CUT SUMMARY] it=42 cand=OUT[0,2]|RET[0,3]|OUT[0,5]|RET[0,6]|OUT[0,7]|RET[0,9]|OUT[0,12]|RET[0,13]|OUT[0,17]|RET[0,18]|OUT[0,19]|RET[0,20]|...(+12) decision=None skip=not_violated_directional theta_total=4560.000059999999 rec_total=4560.00006 raw_rhs_total=4560.00006 rhs_total=4560.000059999999 lhs_total=4560.000059999999
Timing: master=1.443s sp_solve=0.020s cutgen=0.019s cutadd=0.001s cuts_added=0 total_cuts=23
MP stats: nodes=1614 best_bound=4561.371552163825 incumbent=4561.99006 gap=0.00013557851464827598
[CHECK] GAP: LB=4476.07 UB=4515.99 gap=39.9164 rel=0.00884

=== Iteration 43 ===
Solving Master (MP)...
[TIGHTEN] no new cuts for 19 iters: time_limit_s=568 mipgap=0.001
[MIPSTART] x-only start applied: n_out=44 n_ret=44
[MP] Wrote LP: Report\master_iter_043_cuts_023_20260806_051239.lp
2026-08-06 05:12:41,472 INFO | mobauto2_benders.benders.solver | iter=43 master status=SolveStatus.FEASIBLE obj=4561.99 lb=4561.37
Solver log file: C:\Users\fabio\AppData\Local\Temp\tmpou_qrwww.log
MP raw solver: status=ok term=optimal incumbent=4561.99006 best_bound=4561.371552163825
MP solutions: count=1 keys=['Gap', 'Status', 'Message', 'Problem', 'Objective', 'Variable', 'Constraint']
[MP] Solver log: Report\master_iter_043_cuts_023_20260806_051239.log
Shuttle totals (OUT+RET): q0=12, q1=12
MP stats (solver): nodes=1614 best_bound=4561.371552163825 incumbent=4561.99006 gap=0.00013557851464827598
MP result: status=SolveStatus.FEASIBLE obj=4561.99 lb=4561.37
[CHECK] MP: first=1.99 theta=4560 mp_total=4561.99 inc_obj=4561.99 best_bound=4561.37
[CHECK] MP bounds: mp_obj=4561.99 mp_best_bound=4561.37 mp_best_integer=4561.99 term=optimal status=ok gap=0.000135579
[MP] iter=43 incumbent=4561.99 best_bound=4561.37 gap=0.000135579 (src: inc=cplex_api bb=cplex_api gap=cplex_api)
[MP] iter=43 cuts=23 obj=4561.990 last_const=17369.000 last_nnz=27
[MW] core updated (t=0..): min=0.001 max=2 mean=0.546
Evaluating Subproblem (SP) at candidate...
2026-08-06 05:12:41,589 WARNING | mobauto2_benders.benders.solver | [CHECK FAIL] LB exceeds UB: LB=4561.37 UB=4515.99
2026-08-06 05:12:41,589 WARNING | mobauto2_benders.benders.solver | [CHECK] LB invalid; reverting to previous LB=4476.07
2026-08-06 05:12:41,591 INFO | mobauto2_benders.benders.solver | bounds: best_lb=4476.07 best_ub=4515.99 gap=39.9164 rel=0.00884
SP result: recourse=4560 feasible=True
[SP PIPELINE] iter=43 build=0.000s solve=0.000s extract=0.000s post=0.000s cutgen=0.030s mode=mw lb_valid=True tl_inc=False vars=- bin=- cons=- lp=-
[CHECK] SP: recourse=4560 first=1.99 sp_total=4561.99
[CUT TIGHTNESS] raw_line(y)=4560  SP_ub=4560  diff=-1.82e-12
[CUT DEBUG] Not violated (dir). viol_out=0 viol_ret=0
[CUT DEBUG] Not violated (dir). viol_out=0 viol_ret=0
Master updated: no new cuts (all skipped / duplicates)
[CUT ATTEMPT] it=43 cand=OUT[0,2]|RET[0,3]|OUT[0,5]|RET[0,6]|OUT[0,7]|RET[0,9]|OUT[0,12]|RET[0,13]|OUT[0,17]|RET[0,18]|OUT[0,19]|RET[0,20]|...(+12) theta_out=2934.0000299999992 theta_ret=1626.0000300000002 theta_total=4560.000059999999 rec_out=2934.00003 rec_ret=1626.00003 rec_total=4560.00006 raw_rhs_out=2934.0000299999997 raw_rhs_ret=1626.0000300000002 raw_rhs_total=4560.00006 raw_gap=0.0 lhs_out=2934.0000299999992 lhs_ret=1626.0000300000002 lhs_total=4560.000059999999 rhs_out=2934.0000299999992 rhs_ret=1626.0000300000002 rhs_total=4560.000059999999 tol_master=1e-08 tol_filter=None skip=not_violated_directional
[CUT SUMMARY] it=43 cand=OUT[0,2]|RET[0,3]|OUT[0,5]|RET[0,6]|OUT[0,7]|RET[0,9]|OUT[0,12]|RET[0,13]|OUT[0,17]|RET[0,18]|OUT[0,19]|RET[0,20]|...(+12) decision=None skip=not_violated_directional theta_total=4560.000059999999 rec_total=4560.00006 raw_rhs_total=4560.00006 rhs_total=4560.000059999999 lhs_total=4560.000059999999
Timing: master=1.516s sp_solve=0.021s cutgen=0.030s cutadd=0.002s cuts_added=0 total_cuts=23
MP stats: nodes=1614 best_bound=4561.371552163825 incumbent=4561.99006 gap=0.00013557851464827598
[CHECK] GAP: LB=4476.07 UB=4515.99 gap=39.9164 rel=0.00884

=== Iteration 44 ===
Solving Master (MP)...
[TIGHTEN] no new cuts for 20 iters: time_limit_s=568 mipgap=0.001
[MIPSTART] x-only start applied: n_out=44 n_ret=44
[MP] Wrote LP: Report\master_iter_044_cuts_023_20260806_051241.lp
2026-08-06 05:12:43,232 INFO | mobauto2_benders.benders.solver | iter=44 master status=SolveStatus.FEASIBLE obj=4561.99 lb=4561.37
Solver log file: C:\Users\fabio\AppData\Local\Temp\tmpv8mb_qag.log
MP raw solver: status=ok term=optimal incumbent=4561.99006 best_bound=4561.371552163825
MP solutions: count=1 keys=['Gap', 'Status', 'Message', 'Problem', 'Objective', 'Variable', 'Constraint']
[MP] Solver log: Report\master_iter_044_cuts_023_20260806_051241.log
Shuttle totals (OUT+RET): q0=12, q1=12
MP stats (solver): nodes=1614 best_bound=4561.371552163825 incumbent=4561.99006 gap=0.00013557851464827598
MP result: status=SolveStatus.FEASIBLE obj=4561.99 lb=4561.37
[CHECK] MP: first=1.99 theta=4560 mp_total=4561.99 inc_obj=4561.99 best_bound=4561.37
[CHECK] MP bounds: mp_obj=4561.99 mp_best_bound=4561.37 mp_best_integer=4561.99 term=optimal status=ok gap=0.000135579
[MP] iter=44 incumbent=4561.99 best_bound=4561.37 gap=0.000135579 (src: inc=cplex_api bb=cplex_api gap=cplex_api)
[MP] iter=44 cuts=23 obj=4561.990 last_const=17369.000 last_nnz=27
[MW] core updated (t=0..): min=0.001 max=2 mean=0.546
Evaluating Subproblem (SP) at candidate...
2026-08-06 05:12:43,342 WARNING | mobauto2_benders.benders.solver | [CHECK FAIL] LB exceeds UB: LB=4561.37 UB=4515.99
2026-08-06 05:12:43,342 WARNING | mobauto2_benders.benders.solver | [CHECK] LB invalid; reverting to previous LB=4476.07
2026-08-06 05:12:43,344 INFO | mobauto2_benders.benders.solver | bounds: best_lb=4476.07 best_ub=4515.99 gap=39.9164 rel=0.00884
SP result: recourse=4560 feasible=True
[SP PIPELINE] iter=44 build=0.000s solve=0.000s extract=0.000s post=0.000s cutgen=0.021s mode=mw lb_valid=True tl_inc=False vars=- bin=- cons=- lp=-
[CHECK] SP: recourse=4560 first=1.99 sp_total=4561.99
[CUT TIGHTNESS] raw_line(y)=4560  SP_ub=4560  diff=-1.82e-12
[CUT DEBUG] Not violated (dir). viol_out=0 viol_ret=0
[CUT DEBUG] Not violated (dir). viol_out=0 viol_ret=0
Master updated: no new cuts (all skipped / duplicates)
[CUT ATTEMPT] it=44 cand=OUT[0,2]|RET[0,3]|OUT[0,5]|RET[0,6]|OUT[0,7]|RET[0,9]|OUT[0,12]|RET[0,13]|OUT[0,17]|RET[0,18]|OUT[0,19]|RET[0,20]|...(+12) theta_out=2934.0000299999992 theta_ret=1626.0000300000002 theta_total=4560.000059999999 rec_out=2934.00003 rec_ret=1626.00003 rec_total=4560.00006 raw_rhs_out=2934.0000299999997 raw_rhs_ret=1626.0000300000002 raw_rhs_total=4560.00006 raw_gap=0.0 lhs_out=2934.0000299999992 lhs_ret=1626.0000300000002 lhs_total=4560.000059999999 rhs_out=2934.0000299999992 rhs_ret=1626.0000300000002 rhs_total=4560.000059999999 tol_master=1e-08 tol_filter=None skip=not_violated_directional
[CUT SUMMARY] it=44 cand=OUT[0,2]|RET[0,3]|OUT[0,5]|RET[0,6]|OUT[0,7]|RET[0,9]|OUT[0,12]|RET[0,13]|OUT[0,17]|RET[0,18]|OUT[0,19]|RET[0,20]|...(+12) decision=None skip=not_violated_directional theta_total=4560.000059999999 rec_total=4560.00006 raw_rhs_total=4560.00006 rhs_total=4560.000059999999 lhs_total=4560.000059999999
Timing: master=1.642s sp_solve=0.021s cutgen=0.021s cutadd=0.002s cuts_added=0 total_cuts=23
MP stats: nodes=1614 best_bound=4561.371552163825 incumbent=4561.99006 gap=0.00013557851464827598
[CHECK] GAP: LB=4476.07 UB=4515.99 gap=39.9164 rel=0.00884

=== Iteration 45 ===
Solving Master (MP)...
[TIGHTEN] no new cuts for 21 iters: time_limit_s=568 mipgap=0.001
[MIPSTART] x-only start applied: n_out=44 n_ret=44
[MP] Wrote LP: Report\master_iter_045_cuts_023_20260806_051243.lp
2026-08-06 05:12:45,118 INFO | mobauto2_benders.benders.solver | iter=45 master status=SolveStatus.FEASIBLE obj=4561.99 lb=4561.37
Solver log file: C:\Users\fabio\AppData\Local\Temp\tmpnbyr5ovd.log
MP raw solver: status=ok term=optimal incumbent=4561.99006 best_bound=4561.371552163825
MP solutions: count=1 keys=['Gap', 'Status', 'Message', 'Problem', 'Objective', 'Variable', 'Constraint']
[MP] Solver log: Report\master_iter_045_cuts_023_20260806_051243.log
Shuttle totals (OUT+RET): q0=12, q1=12
MP stats (solver): nodes=1614 best_bound=4561.371552163825 incumbent=4561.99006 gap=0.00013557851464827598
MP result: status=SolveStatus.FEASIBLE obj=4561.99 lb=4561.37
[CHECK] MP: first=1.99 theta=4560 mp_total=4561.99 inc_obj=4561.99 best_bound=4561.37
[CHECK] MP bounds: mp_obj=4561.99 mp_best_bound=4561.37 mp_best_integer=4561.99 term=optimal status=ok gap=0.000135579
[MP] iter=45 incumbent=4561.99 best_bound=4561.37 gap=0.000135579 (src: inc=cplex_api bb=cplex_api gap=cplex_api)
[MP] iter=45 cuts=23 obj=4561.990 last_const=17369.000 last_nnz=27
[MW] core updated (t=0..): min=0.001 max=2 mean=0.546
Evaluating Subproblem (SP) at candidate...
2026-08-06 05:12:45,234 WARNING | mobauto2_benders.benders.solver | [CHECK FAIL] LB exceeds UB: LB=4561.37 UB=4515.99
2026-08-06 05:12:45,234 WARNING | mobauto2_benders.benders.solver | [CHECK] LB invalid; reverting to previous LB=4476.07
2026-08-06 05:12:45,234 INFO | mobauto2_benders.benders.solver | bounds: best_lb=4476.07 best_ub=4515.99 gap=39.9164 rel=0.00884
SP result: recourse=4560 feasible=True
[SP PIPELINE] iter=45 build=0.000s solve=0.000s extract=0.000s post=0.000s cutgen=0.021s mode=mw lb_valid=True tl_inc=False vars=- bin=- cons=- lp=-
[CHECK] SP: recourse=4560 first=1.99 sp_total=4561.99
[CUT TIGHTNESS] raw_line(y)=4560  SP_ub=4560  diff=-1.82e-12
[CUT DEBUG] Not violated (dir). viol_out=0 viol_ret=0
[CUT DEBUG] Not violated (dir). viol_out=0 viol_ret=0
Master updated: no new cuts (all skipped / duplicates)
[CUT ATTEMPT] it=45 cand=OUT[0,2]|RET[0,3]|OUT[0,5]|RET[0,6]|OUT[0,7]|RET[0,9]|OUT[0,12]|RET[0,13]|OUT[0,17]|RET[0,18]|OUT[0,19]|RET[0,20]|...(+12) theta_out=2934.0000299999992 theta_ret=1626.0000300000002 theta_total=4560.000059999999 rec_out=2934.00003 rec_ret=1626.00003 rec_total=4560.00006 raw_rhs_out=2934.0000299999997 raw_rhs_ret=1626.0000300000002 raw_rhs_total=4560.00006 raw_gap=0.0 lhs_out=2934.0000299999992 lhs_ret=1626.0000300000002 lhs_total=4560.000059999999 rhs_out=2934.0000299999992 rhs_ret=1626.0000300000002 rhs_total=4560.000059999999 tol_master=1e-08 tol_filter=None skip=not_violated_directional
[CUT SUMMARY] it=45 cand=OUT[0,2]|RET[0,3]|OUT[0,5]|RET[0,6]|OUT[0,7]|RET[0,9]|OUT[0,12]|RET[0,13]|OUT[0,17]|RET[0,18]|OUT[0,19]|RET[0,20]|...(+12) decision=None skip=not_violated_directional theta_total=4560.000059999999 rec_total=4560.00006 raw_rhs_total=4560.00006 rhs_total=4560.000059999999 lhs_total=4560.000059999999
Timing: master=1.785s sp_solve=0.028s cutgen=0.021s cutadd=0.002s cuts_added=0 total_cuts=23
MP stats: nodes=1614 best_bound=4561.371552163825 incumbent=4561.99006 gap=0.00013557851464827598
[CHECK] GAP: LB=4476.07 UB=4515.99 gap=39.9164 rel=0.00884

=== Iteration 46 ===
Solving Master (MP)...
[TIGHTEN] no new cuts for 22 iters: time_limit_s=568 mipgap=0.001
[MIPSTART] x-only start applied: n_out=44 n_ret=44
[MP] Wrote LP: Report\master_iter_046_cuts_023_20260806_051245.lp
2026-08-06 05:12:46,921 INFO | mobauto2_benders.benders.solver | iter=46 master status=SolveStatus.FEASIBLE obj=4561.99 lb=4561.37
Solver log file: C:\Users\fabio\AppData\Local\Temp\tmpro3tvqva.log
MP raw solver: status=ok term=optimal incumbent=4561.99006 best_bound=4561.371552163825
MP solutions: count=1 keys=['Gap', 'Status', 'Message', 'Problem', 'Objective', 'Variable', 'Constraint']
[MP] Solver log: Report\master_iter_046_cuts_023_20260806_051245.log
Shuttle totals (OUT+RET): q0=12, q1=12
MP stats (solver): nodes=1614 best_bound=4561.371552163825 incumbent=4561.99006 gap=0.00013557851464827598
MP result: status=SolveStatus.FEASIBLE obj=4561.99 lb=4561.37
[CHECK] MP: first=1.99 theta=4560 mp_total=4561.99 inc_obj=4561.99 best_bound=4561.37
[CHECK] MP bounds: mp_obj=4561.99 mp_best_bound=4561.37 mp_best_integer=4561.99 term=optimal status=ok gap=0.000135579
[MP] iter=46 incumbent=4561.99 best_bound=4561.37 gap=0.000135579 (src: inc=cplex_api bb=cplex_api gap=cplex_api)
[MP] iter=46 cuts=23 obj=4561.990 last_const=17369.000 last_nnz=27
[MW] core updated (t=0..): min=0.001 max=2 mean=0.546
Evaluating Subproblem (SP) at candidate...
2026-08-06 05:12:47,058 WARNING | mobauto2_benders.benders.solver | [CHECK FAIL] LB exceeds UB: LB=4561.37 UB=4515.99
2026-08-06 05:12:47,058 WARNING | mobauto2_benders.benders.solver | [CHECK] LB invalid; reverting to previous LB=4476.07
2026-08-06 05:12:47,060 INFO | mobauto2_benders.benders.solver | bounds: best_lb=4476.07 best_ub=4515.99 gap=39.9164 rel=0.00884
SP result: recourse=4560 feasible=True
[SP PIPELINE] iter=46 build=0.000s solve=0.000s extract=0.000s post=0.000s cutgen=0.030s mode=mw lb_valid=True tl_inc=False vars=- bin=- cons=- lp=-
[CHECK] SP: recourse=4560 first=1.99 sp_total=4561.99
[CUT TIGHTNESS] raw_line(y)=4560  SP_ub=4560  diff=-1.82e-12
[CUT DEBUG] Not violated (dir). viol_out=0 viol_ret=0
[CUT DEBUG] Not violated (dir). viol_out=0 viol_ret=0
Master updated: no new cuts (all skipped / duplicates)
[CUT ATTEMPT] it=46 cand=OUT[0,2]|RET[0,3]|OUT[0,5]|RET[0,6]|OUT[0,7]|RET[0,9]|OUT[0,12]|RET[0,13]|OUT[0,17]|RET[0,18]|OUT[0,19]|RET[0,20]|...(+12) theta_out=2934.0000299999992 theta_ret=1626.0000300000002 theta_total=4560.000059999999 rec_out=2934.00003 rec_ret=1626.00003 rec_total=4560.00006 raw_rhs_out=2934.0000299999997 raw_rhs_ret=1626.0000300000002 raw_rhs_total=4560.00006 raw_gap=0.0 lhs_out=2934.0000299999992 lhs_ret=1626.0000300000002 lhs_total=4560.000059999999 rhs_out=2934.0000299999992 rhs_ret=1626.0000300000002 rhs_total=4560.000059999999 tol_master=1e-08 tol_filter=None skip=not_violated_directional
[CUT SUMMARY] it=46 cand=OUT[0,2]|RET[0,3]|OUT[0,5]|RET[0,6]|OUT[0,7]|RET[0,9]|OUT[0,12]|RET[0,13]|OUT[0,17]|RET[0,18]|OUT[0,19]|RET[0,20]|...(+12) decision=None skip=not_violated_directional theta_total=4560.000059999999 rec_total=4560.00006 raw_rhs_total=4560.00006 rhs_total=4560.000059999999 lhs_total=4560.000059999999
Timing: master=1.677s sp_solve=0.033s cutgen=0.030s cutadd=0.002s cuts_added=0 total_cuts=23
MP stats: nodes=1614 best_bound=4561.371552163825 incumbent=4561.99006 gap=0.00013557851464827598
[CHECK] GAP: LB=4476.07 UB=4515.99 gap=39.9164 rel=0.00884

=== Iteration 47 ===
Solving Master (MP)...
[TIGHTEN] no new cuts for 23 iters: time_limit_s=568 mipgap=0.001
[MIPSTART] x-only start applied: n_out=44 n_ret=44
[MP] Wrote LP: Report\master_iter_047_cuts_023_20260806_051247.lp
2026-08-06 05:12:49,322 INFO | mobauto2_benders.benders.solver | iter=47 master status=SolveStatus.FEASIBLE obj=4561.99 lb=4561.37
Solver log file: C:\Users\fabio\AppData\Local\Temp\tmp3k_50poa.log
MP raw solver: status=ok term=optimal incumbent=4561.99006 best_bound=4561.371552163825
MP solutions: count=1 keys=['Gap', 'Status', 'Message', 'Problem', 'Objective', 'Variable', 'Constraint']
[MP] Solver log: Report\master_iter_047_cuts_023_20260806_051247.log
Shuttle totals (OUT+RET): q0=12, q1=12
MP stats (solver): nodes=1614 best_bound=4561.371552163825 incumbent=4561.99006 gap=0.00013557851464827598
MP result: status=SolveStatus.FEASIBLE obj=4561.99 lb=4561.37
[CHECK] MP: first=1.99 theta=4560 mp_total=4561.99 inc_obj=4561.99 best_bound=4561.37
[CHECK] MP bounds: mp_obj=4561.99 mp_best_bound=4561.37 mp_best_integer=4561.99 term=optimal status=ok gap=0.000135579
[MP] iter=47 incumbent=4561.99 best_bound=4561.37 gap=0.000135579 (src: inc=cplex_api bb=cplex_api gap=cplex_api)
[MP] iter=47 cuts=23 obj=4561.990 last_const=17369.000 last_nnz=27
[MW] core updated (t=0..): min=0.001 max=2 mean=0.546
Evaluating Subproblem (SP) at candidate...
2026-08-06 05:12:49,439 WARNING | mobauto2_benders.benders.solver | [CHECK FAIL] LB exceeds UB: LB=4561.37 UB=4515.99
2026-08-06 05:12:49,439 WARNING | mobauto2_benders.benders.solver | [CHECK] LB invalid; reverting to previous LB=4476.07
2026-08-06 05:12:49,439 INFO | mobauto2_benders.benders.solver | bounds: best_lb=4476.07 best_ub=4515.99 gap=39.9164 rel=0.00884
SP result: recourse=4560 feasible=True
[SP PIPELINE] iter=47 build=0.000s solve=0.000s extract=0.000s post=0.000s cutgen=0.021s mode=mw lb_valid=True tl_inc=False vars=- bin=- cons=- lp=-
[CHECK] SP: recourse=4560 first=1.99 sp_total=4561.99
[CUT TIGHTNESS] raw_line(y)=4560  SP_ub=4560  diff=-1.82e-12
[CUT DEBUG] Not violated (dir). viol_out=0 viol_ret=0
[CUT DEBUG] Not violated (dir). viol_out=0 viol_ret=0
Master updated: no new cuts (all skipped / duplicates)
[CUT ATTEMPT] it=47 cand=OUT[0,2]|RET[0,3]|OUT[0,5]|RET[0,6]|OUT[0,7]|RET[0,9]|OUT[0,12]|RET[0,13]|OUT[0,17]|RET[0,18]|OUT[0,19]|RET[0,20]|...(+12) theta_out=2934.0000299999992 theta_ret=1626.0000300000002 theta_total=4560.000059999999 rec_out=2934.00003 rec_ret=1626.00003 rec_total=4560.00006 raw_rhs_out=2934.0000299999997 raw_rhs_ret=1626.0000300000002 raw_rhs_total=4560.00006 raw_gap=0.0 lhs_out=2934.0000299999992 lhs_ret=1626.0000300000002 lhs_total=4560.000059999999 rhs_out=2934.0000299999992 rhs_ret=1626.0000300000002 rhs_total=4560.000059999999 tol_master=1e-08 tol_filter=None skip=not_violated_directional
[CUT SUMMARY] it=47 cand=OUT[0,2]|RET[0,3]|OUT[0,5]|RET[0,6]|OUT[0,7]|RET[0,9]|OUT[0,12]|RET[0,13]|OUT[0,17]|RET[0,18]|OUT[0,19]|RET[0,20]|...(+12) decision=None skip=not_violated_directional theta_total=4560.000059999999 rec_total=4560.00006 raw_rhs_total=4560.00006 rhs_total=4560.000059999999 lhs_total=4560.000059999999
Timing: master=2.265s sp_solve=0.023s cutgen=0.021s cutadd=0.002s cuts_added=0 total_cuts=23
MP stats: nodes=1614 best_bound=4561.371552163825 incumbent=4561.99006 gap=0.00013557851464827598
[CHECK] GAP: LB=4476.07 UB=4515.99 gap=39.9164 rel=0.00884

=== Iteration 48 ===
Solving Master (MP)...
[TIGHTEN] no new cuts for 24 iters: time_limit_s=568 mipgap=0.001
[MIPSTART] x-only start applied: n_out=44 n_ret=44
[MP] Wrote LP: Report\master_iter_048_cuts_023_20260806_051249.lp
2026-08-06 05:12:50,316 INFO | mobauto2_benders.benders.solver | iter=48 master status=SolveStatus.FEASIBLE obj=4561.99 lb=4561.37
Solver log file: C:\Users\fabio\AppData\Local\Temp\tmprau7x1yj.log
MP raw solver: status=ok term=optimal incumbent=4561.99006 best_bound=4561.371552163825
MP solutions: count=1 keys=['Gap', 'Status', 'Message', 'Problem', 'Objective', 'Variable', 'Constraint']
[MP] Solver log: Report\master_iter_048_cuts_023_20260806_051249.log
Shuttle totals (OUT+RET): q0=12, q1=12
MP stats (solver): nodes=1614 best_bound=4561.371552163825 incumbent=4561.99006 gap=0.00013557851464827598
MP result: status=SolveStatus.FEASIBLE obj=4561.99 lb=4561.37
[CHECK] MP: first=1.99 theta=4560 mp_total=4561.99 inc_obj=4561.99 best_bound=4561.37
[CHECK] MP bounds: mp_obj=4561.99 mp_best_bound=4561.37 mp_best_integer=4561.99 term=optimal status=ok gap=0.000135579
[MP] iter=48 incumbent=4561.99 best_bound=4561.37 gap=0.000135579 (src: inc=cplex_api bb=cplex_api gap=cplex_api)
[MP] iter=48 cuts=23 obj=4561.990 last_const=17369.000 last_nnz=27
[MW] core updated (t=0..): min=0.001 max=2 mean=0.546
Evaluating Subproblem (SP) at candidate...
2026-08-06 05:12:50,483 WARNING | mobauto2_benders.benders.solver | [CHECK FAIL] LB exceeds UB: LB=4561.37 UB=4515.99
2026-08-06 05:12:50,483 WARNING | mobauto2_benders.benders.solver | [CHECK] LB invalid; reverting to previous LB=4476.07
2026-08-06 05:12:50,485 INFO | mobauto2_benders.benders.solver | bounds: best_lb=4476.07 best_ub=4515.99 gap=39.9164 rel=0.00884
SP result: recourse=4560 feasible=True
[SP PIPELINE] iter=48 build=0.000s solve=0.000s extract=0.000s post=0.000s cutgen=0.029s mode=mw lb_valid=True tl_inc=False vars=- bin=- cons=- lp=-
[CHECK] SP: recourse=4560 first=1.99 sp_total=4561.99
[CUT TIGHTNESS] raw_line(y)=4560  SP_ub=4560  diff=-1.82e-12
[CUT DEBUG] Not violated (dir). viol_out=0 viol_ret=0
[CUT DEBUG] Not violated (dir). viol_out=0 viol_ret=0
Master updated: no new cuts (all skipped / duplicates)
[CUT ATTEMPT] it=48 cand=OUT[0,2]|RET[0,3]|OUT[0,5]|RET[0,6]|OUT[0,7]|RET[0,9]|OUT[0,12]|RET[0,13]|OUT[0,17]|RET[0,18]|OUT[0,19]|RET[0,20]|...(+12) theta_out=2934.0000299999992 theta_ret=1626.0000300000002 theta_total=4560.000059999999 rec_out=2934.00003 rec_ret=1626.00003 rec_total=4560.00006 raw_rhs_out=2934.0000299999997 raw_rhs_ret=1626.0000300000002 raw_rhs_total=4560.00006 raw_gap=0.0 lhs_out=2934.0000299999992 lhs_ret=1626.0000300000002 lhs_total=4560.000059999999 rhs_out=2934.0000299999992 rhs_ret=1626.0000300000002 rhs_total=4560.000059999999 tol_master=1e-08 tol_filter=None skip=not_violated_directional
[CUT SUMMARY] it=48 cand=OUT[0,2]|RET[0,3]|OUT[0,5]|RET[0,6]|OUT[0,7]|RET[0,9]|OUT[0,12]|RET[0,13]|OUT[0,17]|RET[0,18]|OUT[0,19]|RET[0,20]|...(+12) decision=None skip=not_violated_directional theta_total=4560.000059999999 rec_total=4560.00006 raw_rhs_total=4560.00006 rhs_total=4560.000059999999 lhs_total=4560.000059999999
Timing: master=0.868s sp_solve=0.025s cutgen=0.029s cutadd=0.003s cuts_added=0 total_cuts=23
MP stats: nodes=1614 best_bound=4561.371552163825 incumbent=4561.99006 gap=0.00013557851464827598
[CHECK] GAP: LB=4476.07 UB=4515.99 gap=39.9164 rel=0.00884

=== Iteration 49 ===
Solving Master (MP)...
[TIGHTEN] no new cuts for 25 iters: time_limit_s=568 mipgap=0.001
[MIPSTART] x-only start applied: n_out=44 n_ret=44
[MP] Wrote LP: Report\master_iter_049_cuts_023_20260806_051250.lp
2026-08-06 05:12:52,287 INFO | mobauto2_benders.benders.solver | iter=49 master status=SolveStatus.FEASIBLE obj=4561.99 lb=4561.37
Solver log file: C:\Users\fabio\AppData\Local\Temp\tmpzjmcaaug.log
MP raw solver: status=ok term=optimal incumbent=4561.99006 best_bound=4561.371552163825
MP solutions: count=1 keys=['Gap', 'Status', 'Message', 'Problem', 'Objective', 'Variable', 'Constraint']
[MP] Solver log: Report\master_iter_049_cuts_023_20260806_051250.log
Shuttle totals (OUT+RET): q0=12, q1=12
MP stats (solver): nodes=1614 best_bound=4561.371552163825 incumbent=4561.99006 gap=0.00013557851464827598
MP result: status=SolveStatus.FEASIBLE obj=4561.99 lb=4561.37
[CHECK] MP: first=1.99 theta=4560 mp_total=4561.99 inc_obj=4561.99 best_bound=4561.37
[CHECK] MP bounds: mp_obj=4561.99 mp_best_bound=4561.37 mp_best_integer=4561.99 term=optimal status=ok gap=0.000135579
[MP] iter=49 incumbent=4561.99 best_bound=4561.37 gap=0.000135579 (src: inc=cplex_api bb=cplex_api gap=cplex_api)
[MP] iter=49 cuts=23 obj=4561.990 last_const=17369.000 last_nnz=27
[MW] core updated (t=0..): min=0.001 max=2 mean=0.546
Evaluating Subproblem (SP) at candidate...
2026-08-06 05:12:52,390 WARNING | mobauto2_benders.benders.solver | [CHECK FAIL] LB exceeds UB: LB=4561.37 UB=4515.99
2026-08-06 05:12:52,390 WARNING | mobauto2_benders.benders.solver | [CHECK] LB invalid; reverting to previous LB=4476.07
2026-08-06 05:12:52,390 INFO | mobauto2_benders.benders.solver | bounds: best_lb=4476.07 best_ub=4515.99 gap=39.9164 rel=0.00884
SP result: recourse=4560 feasible=True
[SP PIPELINE] iter=49 build=0.000s solve=0.000s extract=0.000s post=0.000s cutgen=0.019s mode=mw lb_valid=True tl_inc=False vars=- bin=- cons=- lp=-
[CHECK] SP: recourse=4560 first=1.99 sp_total=4561.99
[CUT TIGHTNESS] raw_line(y)=4560  SP_ub=4560  diff=-1.82e-12
[CUT DEBUG] Not violated (dir). viol_out=0 viol_ret=0
[CUT DEBUG] Not violated (dir). viol_out=0 viol_ret=0
Master updated: no new cuts (all skipped / duplicates)
[CUT ATTEMPT] it=49 cand=OUT[0,2]|RET[0,3]|OUT[0,5]|RET[0,6]|OUT[0,7]|RET[0,9]|OUT[0,12]|RET[0,13]|OUT[0,17]|RET[0,18]|OUT[0,19]|RET[0,20]|...(+12) theta_out=2934.0000299999992 theta_ret=1626.0000300000002 theta_total=4560.000059999999 rec_out=2934.00003 rec_ret=1626.00003 rec_total=4560.00006 raw_rhs_out=2934.0000299999997 raw_rhs_ret=1626.0000300000002 raw_rhs_total=4560.00006 raw_gap=0.0 lhs_out=2934.0000299999992 lhs_ret=1626.0000300000002 lhs_total=4560.000059999999 rhs_out=2934.0000299999992 rhs_ret=1626.0000300000002 rhs_total=4560.000059999999 tol_master=1e-08 tol_filter=None skip=not_violated_directional
[CUT SUMMARY] it=49 cand=OUT[0,2]|RET[0,3]|OUT[0,5]|RET[0,6]|OUT[0,7]|RET[0,9]|OUT[0,12]|RET[0,13]|OUT[0,17]|RET[0,18]|OUT[0,19]|RET[0,20]|...(+12) decision=None skip=not_violated_directional theta_total=4560.000059999999 rec_total=4560.00006 raw_rhs_total=4560.00006 rhs_total=4560.000059999999 lhs_total=4560.000059999999
Timing: master=1.802s sp_solve=0.020s cutgen=0.019s cutadd=0.002s cuts_added=0 total_cuts=23
MP stats: nodes=1614 best_bound=4561.371552163825 incumbent=4561.99006 gap=0.00013557851464827598
[CHECK] GAP: LB=4476.07 UB=4515.99 gap=39.9164 rel=0.00884

=== Iteration 50 ===
Solving Master (MP)...
[TIGHTEN] no new cuts for 26 iters: time_limit_s=568 mipgap=0.001
[MIPSTART] x-only start applied: n_out=44 n_ret=44
[MP] Wrote LP: Report\master_iter_050_cuts_023_20260806_051252.lp
2026-08-06 05:12:54,034 INFO | mobauto2_benders.benders.solver | iter=50 master status=SolveStatus.FEASIBLE obj=4561.99 lb=4561.37
Solver log file: C:\Users\fabio\AppData\Local\Temp\tmpvss1e7cp.log
MP raw solver: status=ok term=optimal incumbent=4561.99006 best_bound=4561.371552163825
MP solutions: count=1 keys=['Gap', 'Status', 'Message', 'Problem', 'Objective', 'Variable', 'Constraint']
[MP] Solver log: Report\master_iter_050_cuts_023_20260806_051252.log
Shuttle totals (OUT+RET): q0=12, q1=12
MP stats (solver): nodes=1614 best_bound=4561.371552163825 incumbent=4561.99006 gap=0.00013557851464827598
MP result: status=SolveStatus.FEASIBLE obj=4561.99 lb=4561.37
[CHECK] MP: first=1.99 theta=4560 mp_total=4561.99 inc_obj=4561.99 best_bound=4561.37
[CHECK] MP bounds: mp_obj=4561.99 mp_best_bound=4561.37 mp_best_integer=4561.99 term=optimal status=ok gap=0.000135579
[MP] iter=50 incumbent=4561.99 best_bound=4561.37 gap=0.000135579 (src: inc=cplex_api bb=cplex_api gap=cplex_api)
[MP] iter=50 cuts=23 obj=4561.990 last_const=17369.000 last_nnz=27
[MW] core updated (t=0..): min=0.001 max=2 mean=0.546
Evaluating Subproblem (SP) at candidate...
2026-08-06 05:12:54,150 WARNING | mobauto2_benders.benders.solver | [CHECK FAIL] LB exceeds UB: LB=4561.37 UB=4515.99
2026-08-06 05:12:54,150 WARNING | mobauto2_benders.benders.solver | [CHECK] LB invalid; reverting to previous LB=4476.07
2026-08-06 05:12:54,152 INFO | mobauto2_benders.benders.solver | bounds: best_lb=4476.07 best_ub=4515.99 gap=39.9164 rel=0.00884
SP result: recourse=4560 feasible=True
[SP PIPELINE] iter=50 build=0.000s solve=0.000s extract=0.000s post=0.000s cutgen=0.026s mode=mw lb_valid=True tl_inc=False vars=- bin=- cons=- lp=-
[CHECK] SP: recourse=4560 first=1.99 sp_total=4561.99
[CUT TIGHTNESS] raw_line(y)=4560  SP_ub=4560  diff=-1.82e-12
[CUT DEBUG] Not violated (dir). viol_out=0 viol_ret=0
[CUT DEBUG] Not violated (dir). viol_out=0 viol_ret=0
Master updated: no new cuts (all skipped / duplicates)
[CUT ATTEMPT] it=50 cand=OUT[0,2]|RET[0,3]|OUT[0,5]|RET[0,6]|OUT[0,7]|RET[0,9]|OUT[0,12]|RET[0,13]|OUT[0,17]|RET[0,18]|OUT[0,19]|RET[0,20]|...(+12) theta_out=2934.0000299999992 theta_ret=1626.0000300000002 theta_total=4560.000059999999 rec_out=2934.00003 rec_ret=1626.00003 rec_total=4560.00006 raw_rhs_out=2934.0000299999997 raw_rhs_ret=1626.0000300000002 raw_rhs_total=4560.00006 raw_gap=0.0 lhs_out=2934.0000299999992 lhs_ret=1626.0000300000002 lhs_total=4560.000059999999 rhs_out=2934.0000299999992 rhs_ret=1626.0000300000002 rhs_total=4560.000059999999 tol_master=1e-08 tol_filter=None skip=not_violated_directional
[CUT SUMMARY] it=50 cand=OUT[0,2]|RET[0,3]|OUT[0,5]|RET[0,6]|OUT[0,7]|RET[0,9]|OUT[0,12]|RET[0,13]|OUT[0,17]|RET[0,18]|OUT[0,19]|RET[0,20]|...(+12) decision=None skip=not_violated_directional theta_total=4560.000059999999 rec_total=4560.00006 raw_rhs_total=4560.00006 rhs_total=4560.000059999999 lhs_total=4560.000059999999
Timing: master=1.644s sp_solve=0.023s cutgen=0.026s cutadd=0.002s cuts_added=0 total_cuts=23
MP stats: nodes=1614 best_bound=4561.371552163825 incumbent=4561.99006 gap=0.00013557851464827598
[CHECK] GAP: LB=4476.07 UB=4515.99 gap=39.9164 rel=0.00884

=== Iteration 51 ===
Solving Master (MP)...
[TIGHTEN] no new cuts for 27 iters: time_limit_s=568 mipgap=0.001
[MIPSTART] x-only start applied: n_out=44 n_ret=44
[MP] Wrote LP: Report\master_iter_051_cuts_023_20260806_051254.lp
2026-08-06 05:12:55,628 INFO | mobauto2_benders.benders.solver | iter=51 master status=SolveStatus.FEASIBLE obj=4561.99 lb=4561.37
Solver log file: C:\Users\fabio\AppData\Local\Temp\tmpgmtjl0yq.log
MP raw solver: status=ok term=optimal incumbent=4561.99006 best_bound=4561.371552163825
MP solutions: count=1 keys=['Gap', 'Status', 'Message', 'Problem', 'Objective', 'Variable', 'Constraint']
[MP] Solver log: Report\master_iter_051_cuts_023_20260806_051254.log
Shuttle totals (OUT+RET): q0=12, q1=12
MP stats (solver): nodes=1614 best_bound=4561.371552163825 incumbent=4561.99006 gap=0.00013557851464827598
MP result: status=SolveStatus.FEASIBLE obj=4561.99 lb=4561.37
[CHECK] MP: first=1.99 theta=4560 mp_total=4561.99 inc_obj=4561.99 best_bound=4561.37
[CHECK] MP bounds: mp_obj=4561.99 mp_best_bound=4561.37 mp_best_integer=4561.99 term=optimal status=ok gap=0.000135579
[MP] iter=51 incumbent=4561.99 best_bound=4561.37 gap=0.000135579 (src: inc=cplex_api bb=cplex_api gap=cplex_api)
[MP] iter=51 cuts=23 obj=4561.990 last_const=17369.000 last_nnz=27
[MW] core updated (t=0..): min=0.001 max=2 mean=0.546
Evaluating Subproblem (SP) at candidate...
2026-08-06 05:12:55,744 WARNING | mobauto2_benders.benders.solver | [CHECK FAIL] LB exceeds UB: LB=4561.37 UB=4515.99
2026-08-06 05:12:55,744 WARNING | mobauto2_benders.benders.solver | [CHECK] LB invalid; reverting to previous LB=4476.07
2026-08-06 05:12:55,744 INFO | mobauto2_benders.benders.solver | bounds: best_lb=4476.07 best_ub=4515.99 gap=39.9164 rel=0.00884
SP result: recourse=4560 feasible=True
[SP PIPELINE] iter=51 build=0.000s solve=0.000s extract=0.000s post=0.000s cutgen=0.024s mode=mw lb_valid=True tl_inc=False vars=- bin=- cons=- lp=-
[CHECK] SP: recourse=4560 first=1.99 sp_total=4561.99
[CUT TIGHTNESS] raw_line(y)=4560  SP_ub=4560  diff=-1.82e-12
[CUT DEBUG] Not violated (dir). viol_out=0 viol_ret=0
[CUT DEBUG] Not violated (dir). viol_out=0 viol_ret=0
Master updated: no new cuts (all skipped / duplicates)
[CUT ATTEMPT] it=51 cand=OUT[0,2]|RET[0,3]|OUT[0,5]|RET[0,6]|OUT[0,7]|RET[0,9]|OUT[0,12]|RET[0,13]|OUT[0,17]|RET[0,18]|OUT[0,19]|RET[0,20]|...(+12) theta_out=2934.0000299999992 theta_ret=1626.0000300000002 theta_total=4560.000059999999 rec_out=2934.00003 rec_ret=1626.00003 rec_total=4560.00006 raw_rhs_out=2934.0000299999997 raw_rhs_ret=1626.0000300000002 raw_rhs_total=4560.00006 raw_gap=0.0 lhs_out=2934.0000299999992 lhs_ret=1626.0000300000002 lhs_total=4560.000059999999 rhs_out=2934.0000299999992 rhs_ret=1626.0000300000002 rhs_total=4560.000059999999 tol_master=1e-08 tol_filter=None skip=not_violated_directional
[CUT SUMMARY] it=51 cand=OUT[0,2]|RET[0,3]|OUT[0,5]|RET[0,6]|OUT[0,7]|RET[0,9]|OUT[0,12]|RET[0,13]|OUT[0,17]|RET[0,18]|OUT[0,19]|RET[0,20]|...(+12) decision=None skip=not_violated_directional theta_total=4560.000059999999 rec_total=4560.00006 raw_rhs_total=4560.00006 rhs_total=4560.000059999999 lhs_total=4560.000059999999
Timing: master=1.477s sp_solve=0.022s cutgen=0.024s cutadd=0.001s cuts_added=0 total_cuts=23
MP stats: nodes=1614 best_bound=4561.371552163825 incumbent=4561.99006 gap=0.00013557851464827598
[CHECK] GAP: LB=4476.07 UB=4515.99 gap=39.9164 rel=0.00884

=== Iteration 52 ===
Solving Master (MP)...
[TIGHTEN] no new cuts for 28 iters: time_limit_s=568 mipgap=0.001
[MIPSTART] x-only start applied: n_out=44 n_ret=44
[MP] Wrote LP: Report\master_iter_052_cuts_023_20260806_051255.lp
2026-08-06 05:12:57,330 INFO | mobauto2_benders.benders.solver | iter=52 master status=SolveStatus.FEASIBLE obj=4561.99 lb=4561.37
Solver log file: C:\Users\fabio\AppData\Local\Temp\tmp2h2041jt.log
MP raw solver: status=ok term=optimal incumbent=4561.99006 best_bound=4561.371552163825
MP solutions: count=1 keys=['Gap', 'Status', 'Message', 'Problem', 'Objective', 'Variable', 'Constraint']
[MP] Solver log: Report\master_iter_052_cuts_023_20260806_051255.log
Shuttle totals (OUT+RET): q0=12, q1=12
MP stats (solver): nodes=1614 best_bound=4561.371552163825 incumbent=4561.99006 gap=0.00013557851464827598
MP result: status=SolveStatus.FEASIBLE obj=4561.99 lb=4561.37
[CHECK] MP: first=1.99 theta=4560 mp_total=4561.99 inc_obj=4561.99 best_bound=4561.37
[CHECK] MP bounds: mp_obj=4561.99 mp_best_bound=4561.37 mp_best_integer=4561.99 term=optimal status=ok gap=0.000135579
[MP] iter=52 incumbent=4561.99 best_bound=4561.37 gap=0.000135579 (src: inc=cplex_api bb=cplex_api gap=cplex_api)
[MP] iter=52 cuts=23 obj=4561.990 last_const=17369.000 last_nnz=27
[MW] core updated (t=0..): min=0.001 max=2 mean=0.546
Evaluating Subproblem (SP) at candidate...
2026-08-06 05:12:57,465 WARNING | mobauto2_benders.benders.solver | [CHECK FAIL] LB exceeds UB: LB=4561.37 UB=4515.99
2026-08-06 05:12:57,465 WARNING | mobauto2_benders.benders.solver | [CHECK] LB invalid; reverting to previous LB=4476.07
2026-08-06 05:12:57,467 INFO | mobauto2_benders.benders.solver | bounds: best_lb=4476.07 best_ub=4515.99 gap=39.9164 rel=0.00884
SP result: recourse=4560 feasible=True
[SP PIPELINE] iter=52 build=0.000s solve=0.000s extract=0.000s post=0.000s cutgen=0.052s mode=mw lb_valid=True tl_inc=False vars=- bin=- cons=- lp=-
[CHECK] SP: recourse=4560 first=1.99 sp_total=4561.99
[CUT TIGHTNESS] raw_line(y)=4560  SP_ub=4560  diff=-1.82e-12
[CUT DEBUG] Not violated (dir). viol_out=0 viol_ret=0
[CUT DEBUG] Not violated (dir). viol_out=0 viol_ret=0
Master updated: no new cuts (all skipped / duplicates)
[CUT ATTEMPT] it=52 cand=OUT[0,2]|RET[0,3]|OUT[0,5]|RET[0,6]|OUT[0,7]|RET[0,9]|OUT[0,12]|RET[0,13]|OUT[0,17]|RET[0,18]|OUT[0,19]|RET[0,20]|...(+12) theta_out=2934.0000299999992 theta_ret=1626.0000300000002 theta_total=4560.000059999999 rec_out=2934.00003 rec_ret=1626.00003 rec_total=4560.00006 raw_rhs_out=2934.0000299999997 raw_rhs_ret=1626.0000300000002 raw_rhs_total=4560.00006 raw_gap=0.0 lhs_out=2934.0000299999992 lhs_ret=1626.0000300000002 lhs_total=4560.000059999999 rhs_out=2934.0000299999992 rhs_ret=1626.0000300000002 rhs_total=4560.000059999999 tol_master=1e-08 tol_filter=None skip=not_violated_directional
[CUT SUMMARY] it=52 cand=OUT[0,2]|RET[0,3]|OUT[0,5]|RET[0,6]|OUT[0,7]|RET[0,9]|OUT[0,12]|RET[0,13]|OUT[0,17]|RET[0,18]|OUT[0,19]|RET[0,20]|...(+12) decision=None skip=not_violated_directional theta_total=4560.000059999999 rec_total=4560.00006 raw_rhs_total=4560.00006 rhs_total=4560.000059999999 lhs_total=4560.000059999999
Timing: master=1.580s sp_solve=0.023s cutgen=0.052s cutadd=0.001s cuts_added=0 total_cuts=23
MP stats: nodes=1614 best_bound=4561.371552163825 incumbent=4561.99006 gap=0.00013557851464827598
[CHECK] GAP: LB=4476.07 UB=4515.99 gap=39.9164 rel=0.00884

=== Iteration 53 ===
Solving Master (MP)...
[TIGHTEN] no new cuts for 29 iters: time_limit_s=568 mipgap=0.001
[MIPSTART] x-only start applied: n_out=44 n_ret=44
[MP] Wrote LP: Report\master_iter_053_cuts_023_20260806_051257.lp
2026-08-06 05:12:58,994 INFO | mobauto2_benders.benders.solver | iter=53 master status=SolveStatus.FEASIBLE obj=4561.99 lb=4561.37
Solver log file: C:\Users\fabio\AppData\Local\Temp\tmp25tk16w7.log
MP raw solver: status=ok term=optimal incumbent=4561.99006 best_bound=4561.371552163825
MP solutions: count=1 keys=['Gap', 'Status', 'Message', 'Problem', 'Objective', 'Variable', 'Constraint']
[MP] Solver log: Report\master_iter_053_cuts_023_20260806_051257.log
Shuttle totals (OUT+RET): q0=12, q1=12
MP stats (solver): nodes=1614 best_bound=4561.371552163825 incumbent=4561.99006 gap=0.00013557851464827598
MP result: status=SolveStatus.FEASIBLE obj=4561.99 lb=4561.37
[CHECK] MP: first=1.99 theta=4560 mp_total=4561.99 inc_obj=4561.99 best_bound=4561.37
[CHECK] MP bounds: mp_obj=4561.99 mp_best_bound=4561.37 mp_best_integer=4561.99 term=optimal status=ok gap=0.000135579
[MP] iter=53 incumbent=4561.99 best_bound=4561.37 gap=0.000135579 (src: inc=cplex_api bb=cplex_api gap=cplex_api)
[MP] iter=53 cuts=23 obj=4561.990 last_const=17369.000 last_nnz=27
[MW] core updated (t=0..): min=0.001 max=2 mean=0.546
Evaluating Subproblem (SP) at candidate...
2026-08-06 05:12:59,102 WARNING | mobauto2_benders.benders.solver | [CHECK FAIL] LB exceeds UB: LB=4561.37 UB=4515.99
2026-08-06 05:12:59,102 WARNING | mobauto2_benders.benders.solver | [CHECK] LB invalid; reverting to previous LB=4476.07
2026-08-06 05:12:59,104 INFO | mobauto2_benders.benders.solver | bounds: best_lb=4476.07 best_ub=4515.99 gap=39.9164 rel=0.00884
SP result: recourse=4560 feasible=True
[SP PIPELINE] iter=53 build=0.000s solve=0.000s extract=0.000s post=0.000s cutgen=0.022s mode=mw lb_valid=True tl_inc=False vars=- bin=- cons=- lp=-
[CHECK] SP: recourse=4560 first=1.99 sp_total=4561.99
[CUT TIGHTNESS] raw_line(y)=4560  SP_ub=4560  diff=-1.82e-12
[CUT DEBUG] Not violated (dir). viol_out=0 viol_ret=0
[CUT DEBUG] Not violated (dir). viol_out=0 viol_ret=0
Master updated: no new cuts (all skipped / duplicates)
[CUT ATTEMPT] it=53 cand=OUT[0,2]|RET[0,3]|OUT[0,5]|RET[0,6]|OUT[0,7]|RET[0,9]|OUT[0,12]|RET[0,13]|OUT[0,17]|RET[0,18]|OUT[0,19]|RET[0,20]|...(+12) theta_out=2934.0000299999992 theta_ret=1626.0000300000002 theta_total=4560.000059999999 rec_out=2934.00003 rec_ret=1626.00003 rec_total=4560.00006 raw_rhs_out=2934.0000299999997 raw_rhs_ret=1626.0000300000002 raw_rhs_total=4560.00006 raw_gap=0.0 lhs_out=2934.0000299999992 lhs_ret=1626.0000300000002 lhs_total=4560.000059999999 rhs_out=2934.0000299999992 rhs_ret=1626.0000300000002 rhs_total=4560.000059999999 tol_master=1e-08 tol_filter=None skip=not_violated_directional
[CUT SUMMARY] it=53 cand=OUT[0,2]|RET[0,3]|OUT[0,5]|RET[0,6]|OUT[0,7]|RET[0,9]|OUT[0,12]|RET[0,13]|OUT[0,17]|RET[0,18]|OUT[0,19]|RET[0,20]|...(+12) decision=None skip=not_violated_directional theta_total=4560.000059999999 rec_total=4560.00006 raw_rhs_total=4560.00006 rhs_total=4560.000059999999 lhs_total=4560.000059999999
Timing: master=1.526s sp_solve=0.021s cutgen=0.022s cutadd=0.002s cuts_added=0 total_cuts=23
MP stats: nodes=1614 best_bound=4561.371552163825 incumbent=4561.99006 gap=0.00013557851464827598
[CHECK] GAP: LB=4476.07 UB=4515.99 gap=39.9164 rel=0.00884

=== Iteration 54 ===
Solving Master (MP)...
[TIGHTEN] no new cuts for 30 iters: time_limit_s=568 mipgap=0.001
[MIPSTART] x-only start applied: n_out=44 n_ret=44
[MP] Wrote LP: Report\master_iter_054_cuts_023_20260806_051259.lp
2026-08-06 05:13:00,756 INFO | mobauto2_benders.benders.solver | iter=54 master status=SolveStatus.FEASIBLE obj=4561.99 lb=4561.37
Solver log file: C:\Users\fabio\AppData\Local\Temp\tmpw7xzc4zx.log
MP raw solver: status=ok term=optimal incumbent=4561.99006 best_bound=4561.371552163825
MP solutions: count=1 keys=['Gap', 'Status', 'Message', 'Problem', 'Objective', 'Variable', 'Constraint']
[MP] Solver log: Report\master_iter_054_cuts_023_20260806_051259.log
Shuttle totals (OUT+RET): q0=12, q1=12
MP stats (solver): nodes=1614 best_bound=4561.371552163825 incumbent=4561.99006 gap=0.00013557851464827598
MP result: status=SolveStatus.FEASIBLE obj=4561.99 lb=4561.37
[CHECK] MP: first=1.99 theta=4560 mp_total=4561.99 inc_obj=4561.99 best_bound=4561.37
[CHECK] MP bounds: mp_obj=4561.99 mp_best_bound=4561.37 mp_best_integer=4561.99 term=optimal status=ok gap=0.000135579
[MP] iter=54 incumbent=4561.99 best_bound=4561.37 gap=0.000135579 (src: inc=cplex_api bb=cplex_api gap=cplex_api)
[MP] iter=54 cuts=23 obj=4561.990 last_const=17369.000 last_nnz=27
[MW] core updated (t=0..): min=0.001 max=2 mean=0.546
Evaluating Subproblem (SP) at candidate...
2026-08-06 05:13:00,864 WARNING | mobauto2_benders.benders.solver | [CHECK FAIL] LB exceeds UB: LB=4561.37 UB=4515.99
2026-08-06 05:13:00,864 WARNING | mobauto2_benders.benders.solver | [CHECK] LB invalid; reverting to previous LB=4476.07
2026-08-06 05:13:00,869 INFO | mobauto2_benders.benders.solver | bounds: best_lb=4476.07 best_ub=4515.99 gap=39.9164 rel=0.00884
SP result: recourse=4560 feasible=True
[SP PIPELINE] iter=54 build=0.000s solve=0.000s extract=0.000s post=0.000s cutgen=0.026s mode=mw lb_valid=True tl_inc=False vars=- bin=- cons=- lp=-
[CHECK] SP: recourse=4560 first=1.99 sp_total=4561.99
[CUT TIGHTNESS] raw_line(y)=4560  SP_ub=4560  diff=-1.82e-12
[CUT DEBUG] Not violated (dir). viol_out=0 viol_ret=0
[CUT DEBUG] Not violated (dir). viol_out=0 viol_ret=0
Master updated: no new cuts (all skipped / duplicates)
[CUT ATTEMPT] it=54 cand=OUT[0,2]|RET[0,3]|OUT[0,5]|RET[0,6]|OUT[0,7]|RET[0,9]|OUT[0,12]|RET[0,13]|OUT[0,17]|RET[0,18]|OUT[0,19]|RET[0,20]|...(+12) theta_out=2934.0000299999992 theta_ret=1626.0000300000002 theta_total=4560.000059999999 rec_out=2934.00003 rec_ret=1626.00003 rec_total=4560.00006 raw_rhs_out=2934.0000299999997 raw_rhs_ret=1626.0000300000002 raw_rhs_total=4560.00006 raw_gap=0.0 lhs_out=2934.0000299999992 lhs_ret=1626.0000300000002 lhs_total=4560.000059999999 rhs_out=2934.0000299999992 rhs_ret=1626.0000300000002 rhs_total=4560.000059999999 tol_master=1e-08 tol_filter=None skip=not_violated_directional
[CUT SUMMARY] it=54 cand=OUT[0,2]|RET[0,3]|OUT[0,5]|RET[0,6]|OUT[0,7]|RET[0,9]|OUT[0,12]|RET[0,13]|OUT[0,17]|RET[0,18]|OUT[0,19]|RET[0,20]|...(+12) decision=None skip=not_violated_directional theta_total=4560.000059999999 rec_total=4560.00006 raw_rhs_total=4560.00006 rhs_total=4560.000059999999 lhs_total=4560.000059999999
Timing: master=1.650s sp_solve=0.021s cutgen=0.026s cutadd=0.001s cuts_added=0 total_cuts=23
MP stats: nodes=1614 best_bound=4561.371552163825 incumbent=4561.99006 gap=0.00013557851464827598
[CHECK] GAP: LB=4476.07 UB=4515.99 gap=39.9164 rel=0.00884

=== Iteration 55 ===
Solving Master (MP)...
[TIGHTEN] no new cuts for 31 iters: time_limit_s=568 mipgap=0.001
[MIPSTART] x-only start applied: n_out=44 n_ret=44
[MP] Wrote LP: Report\master_iter_055_cuts_023_20260806_051300.lp
2026-08-06 05:13:02,426 INFO | mobauto2_benders.benders.solver | iter=55 master status=SolveStatus.FEASIBLE obj=4561.99 lb=4561.37
Solver log file: C:\Users\fabio\AppData\Local\Temp\tmpzwwht825.log
MP raw solver: status=ok term=optimal incumbent=4561.99006 best_bound=4561.371552163825
MP solutions: count=1 keys=['Gap', 'Status', 'Message', 'Problem', 'Objective', 'Variable', 'Constraint']
[MP] Solver log: Report\master_iter_055_cuts_023_20260806_051300.log
Shuttle totals (OUT+RET): q0=12, q1=12
MP stats (solver): nodes=1614 best_bound=4561.371552163825 incumbent=4561.99006 gap=0.00013557851464827598
MP result: status=SolveStatus.FEASIBLE obj=4561.99 lb=4561.37
[CHECK] MP: first=1.99 theta=4560 mp_total=4561.99 inc_obj=4561.99 best_bound=4561.37
[CHECK] MP bounds: mp_obj=4561.99 mp_best_bound=4561.37 mp_best_integer=4561.99 term=optimal status=ok gap=0.000135579
[MP] iter=55 incumbent=4561.99 best_bound=4561.37 gap=0.000135579 (src: inc=cplex_api bb=cplex_api gap=cplex_api)
[MP] iter=55 cuts=23 obj=4561.990 last_const=17369.000 last_nnz=27
[MW] core updated (t=0..): min=0.001 max=2 mean=0.546
Evaluating Subproblem (SP) at candidate...
2026-08-06 05:13:02,544 WARNING | mobauto2_benders.benders.solver | [CHECK FAIL] LB exceeds UB: LB=4561.37 UB=4515.99
2026-08-06 05:13:02,544 WARNING | mobauto2_benders.benders.solver | [CHECK] LB invalid; reverting to previous LB=4476.07
2026-08-06 05:13:02,546 INFO | mobauto2_benders.benders.solver | bounds: best_lb=4476.07 best_ub=4515.99 gap=39.9164 rel=0.00884
SP result: recourse=4560 feasible=True
[SP PIPELINE] iter=55 build=0.000s solve=0.000s extract=0.000s post=0.000s cutgen=0.019s mode=mw lb_valid=True tl_inc=False vars=- bin=- cons=- lp=-
[CHECK] SP: recourse=4560 first=1.99 sp_total=4561.99
[CUT TIGHTNESS] raw_line(y)=4560  SP_ub=4560  diff=-1.82e-12
[CUT DEBUG] Not violated (dir). viol_out=0 viol_ret=0
[CUT DEBUG] Not violated (dir). viol_out=0 viol_ret=0
Master updated: no new cuts (all skipped / duplicates)
[CUT ATTEMPT] it=55 cand=OUT[0,2]|RET[0,3]|OUT[0,5]|RET[0,6]|OUT[0,7]|RET[0,9]|OUT[0,12]|RET[0,13]|OUT[0,17]|RET[0,18]|OUT[0,19]|RET[0,20]|...(+12) theta_out=2934.0000299999992 theta_ret=1626.0000300000002 theta_total=4560.000059999999 rec_out=2934.00003 rec_ret=1626.00003 rec_total=4560.00006 raw_rhs_out=2934.0000299999997 raw_rhs_ret=1626.0000300000002 raw_rhs_total=4560.00006 raw_gap=0.0 lhs_out=2934.0000299999992 lhs_ret=1626.0000300000002 lhs_total=4560.000059999999 rhs_out=2934.0000299999992 rhs_ret=1626.0000300000002 rhs_total=4560.000059999999 tol_master=1e-08 tol_filter=None skip=not_violated_directional
[CUT SUMMARY] it=55 cand=OUT[0,2]|RET[0,3]|OUT[0,5]|RET[0,6]|OUT[0,7]|RET[0,9]|OUT[0,12]|RET[0,13]|OUT[0,17]|RET[0,18]|OUT[0,19]|RET[0,20]|...(+12) decision=None skip=not_violated_directional theta_total=4560.000059999999 rec_total=4560.00006 raw_rhs_total=4560.00006 rhs_total=4560.000059999999 lhs_total=4560.000059999999
Timing: master=1.555s sp_solve=0.022s cutgen=0.019s cutadd=0.002s cuts_added=0 total_cuts=23
MP stats: nodes=1614 best_bound=4561.371552163825 incumbent=4561.99006 gap=0.00013557851464827598
[CHECK] GAP: LB=4476.07 UB=4515.99 gap=39.9164 rel=0.00884

=== Iteration 56 ===
Solving Master (MP)...
[TIGHTEN] no new cuts for 32 iters: time_limit_s=568 mipgap=0.001
[MIPSTART] x-only start applied: n_out=44 n_ret=44
[MP] Wrote LP: Report\master_iter_056_cuts_023_20260806_051302.lp
2026-08-06 05:13:04,285 INFO | mobauto2_benders.benders.solver | iter=56 master status=SolveStatus.FEASIBLE obj=4561.99 lb=4561.37
Solver log file: C:\Users\fabio\AppData\Local\Temp\tmp1kcgvqfx.log
MP raw solver: status=ok term=optimal incumbent=4561.99006 best_bound=4561.371552163825
MP solutions: count=1 keys=['Gap', 'Status', 'Message', 'Problem', 'Objective', 'Variable', 'Constraint']
[MP] Solver log: Report\master_iter_056_cuts_023_20260806_051302.log
Shuttle totals (OUT+RET): q0=12, q1=12
MP stats (solver): nodes=1614 best_bound=4561.371552163825 incumbent=4561.99006 gap=0.00013557851464827598
MP result: status=SolveStatus.FEASIBLE obj=4561.99 lb=4561.37
[CHECK] MP: first=1.99 theta=4560 mp_total=4561.99 inc_obj=4561.99 best_bound=4561.37
[CHECK] MP bounds: mp_obj=4561.99 mp_best_bound=4561.37 mp_best_integer=4561.99 term=optimal status=ok gap=0.000135579
[MP] iter=56 incumbent=4561.99 best_bound=4561.37 gap=0.000135579 (src: inc=cplex_api bb=cplex_api gap=cplex_api)
[MP] iter=56 cuts=23 obj=4561.990 last_const=17369.000 last_nnz=27
[MW] core updated (t=0..): min=0.001 max=2 mean=0.546
Evaluating Subproblem (SP) at candidate...
2026-08-06 05:13:04,411 WARNING | mobauto2_benders.benders.solver | [CHECK FAIL] LB exceeds UB: LB=4561.37 UB=4515.99
2026-08-06 05:13:04,411 WARNING | mobauto2_benders.benders.solver | [CHECK] LB invalid; reverting to previous LB=4476.07
2026-08-06 05:13:04,413 INFO | mobauto2_benders.benders.solver | bounds: best_lb=4476.07 best_ub=4515.99 gap=39.9164 rel=0.00884
SP result: recourse=4560 feasible=True
[SP PIPELINE] iter=56 build=0.000s solve=0.000s extract=0.000s post=0.000s cutgen=0.024s mode=mw lb_valid=True tl_inc=False vars=- bin=- cons=- lp=-
[CHECK] SP: recourse=4560 first=1.99 sp_total=4561.99
[CUT TIGHTNESS] raw_line(y)=4560  SP_ub=4560  diff=-1.82e-12
[CUT DEBUG] Not violated (dir). viol_out=0 viol_ret=0
[CUT DEBUG] Not violated (dir). viol_out=0 viol_ret=0
Master updated: no new cuts (all skipped / duplicates)
[CUT ATTEMPT] it=56 cand=OUT[0,2]|RET[0,3]|OUT[0,5]|RET[0,6]|OUT[0,7]|RET[0,9]|OUT[0,12]|RET[0,13]|OUT[0,17]|RET[0,18]|OUT[0,19]|RET[0,20]|...(+12) theta_out=2934.0000299999992 theta_ret=1626.0000300000002 theta_total=4560.000059999999 rec_out=2934.00003 rec_ret=1626.00003 rec_total=4560.00006 raw_rhs_out=2934.0000299999997 raw_rhs_ret=1626.0000300000002 raw_rhs_total=4560.00006 raw_gap=0.0 lhs_out=2934.0000299999992 lhs_ret=1626.0000300000002 lhs_total=4560.000059999999 rhs_out=2934.0000299999992 rhs_ret=1626.0000300000002 rhs_total=4560.000059999999 tol_master=1e-08 tol_filter=None skip=not_violated_directional
[CUT SUMMARY] it=56 cand=OUT[0,2]|RET[0,3]|OUT[0,5]|RET[0,6]|OUT[0,7]|RET[0,9]|OUT[0,12]|RET[0,13]|OUT[0,17]|RET[0,18]|OUT[0,19]|RET[0,20]|...(+12) decision=None skip=not_violated_directional theta_total=4560.000059999999 rec_total=4560.00006 raw_rhs_total=4560.00006 rhs_total=4560.000059999999 lhs_total=4560.000059999999
Timing: master=1.744s sp_solve=0.022s cutgen=0.024s cutadd=0.002s cuts_added=0 total_cuts=23
MP stats: nodes=1614 best_bound=4561.371552163825 incumbent=4561.99006 gap=0.00013557851464827598
[CHECK] GAP: LB=4476.07 UB=4515.99 gap=39.9164 rel=0.00884

=== Iteration 57 ===
Solving Master (MP)...
[TIGHTEN] no new cuts for 33 iters: time_limit_s=568 mipgap=0.001
[MIPSTART] x-only start applied: n_out=44 n_ret=44
[MP] Wrote LP: Report\master_iter_057_cuts_023_20260806_051304.lp
2026-08-06 05:13:06,019 INFO | mobauto2_benders.benders.solver | iter=57 master status=SolveStatus.FEASIBLE obj=4561.99 lb=4561.37
Solver log file: C:\Users\fabio\AppData\Local\Temp\tmp9zrnpf8g.log
MP raw solver: status=ok term=optimal incumbent=4561.99006 best_bound=4561.371552163825
MP solutions: count=1 keys=['Gap', 'Status', 'Message', 'Problem', 'Objective', 'Variable', 'Constraint']
[MP] Solver log: Report\master_iter_057_cuts_023_20260806_051304.log
Shuttle totals (OUT+RET): q0=12, q1=12
MP stats (solver): nodes=1614 best_bound=4561.371552163825 incumbent=4561.99006 gap=0.00013557851464827598
MP result: status=SolveStatus.FEASIBLE obj=4561.99 lb=4561.37
[CHECK] MP: first=1.99 theta=4560 mp_total=4561.99 inc_obj=4561.99 best_bound=4561.37
[CHECK] MP bounds: mp_obj=4561.99 mp_best_bound=4561.37 mp_best_integer=4561.99 term=optimal status=ok gap=0.000135579
[MP] iter=57 incumbent=4561.99 best_bound=4561.37 gap=0.000135579 (src: inc=cplex_api bb=cplex_api gap=cplex_api)
[MP] iter=57 cuts=23 obj=4561.990 last_const=17369.000 last_nnz=27
[MW] core updated (t=0..): min=0.001 max=2 mean=0.546
Evaluating Subproblem (SP) at candidate...
2026-08-06 05:13:06,185 WARNING | mobauto2_benders.benders.solver | [CHECK FAIL] LB exceeds UB: LB=4561.37 UB=4515.99
2026-08-06 05:13:06,185 WARNING | mobauto2_benders.benders.solver | [CHECK] LB invalid; reverting to previous LB=4476.07
2026-08-06 05:13:06,185 INFO | mobauto2_benders.benders.solver | bounds: best_lb=4476.07 best_ub=4515.99 gap=39.9164 rel=0.00884
SP result: recourse=4560 feasible=True
[SP PIPELINE] iter=57 build=0.000s solve=0.000s extract=0.000s post=0.000s cutgen=0.022s mode=mw lb_valid=True tl_inc=False vars=- bin=- cons=- lp=-
[CHECK] SP: recourse=4560 first=1.99 sp_total=4561.99
[CUT TIGHTNESS] raw_line(y)=4560  SP_ub=4560  diff=-1.82e-12
[CUT DEBUG] Not violated (dir). viol_out=0 viol_ret=0
[CUT DEBUG] Not violated (dir). viol_out=0 viol_ret=0
Master updated: no new cuts (all skipped / duplicates)
[CUT ATTEMPT] it=57 cand=OUT[0,2]|RET[0,3]|OUT[0,5]|RET[0,6]|OUT[0,7]|RET[0,9]|OUT[0,12]|RET[0,13]|OUT[0,17]|RET[0,18]|OUT[0,19]|RET[0,20]|...(+12) theta_out=2934.0000299999992 theta_ret=1626.0000300000002 theta_total=4560.000059999999 rec_out=2934.00003 rec_ret=1626.00003 rec_total=4560.00006 raw_rhs_out=2934.0000299999997 raw_rhs_ret=1626.0000300000002 raw_rhs_total=4560.00006 raw_gap=0.0 lhs_out=2934.0000299999992 lhs_ret=1626.0000300000002 lhs_total=4560.000059999999 rhs_out=2934.0000299999992 rhs_ret=1626.0000300000002 rhs_total=4560.000059999999 tol_master=1e-08 tol_filter=None skip=not_violated_directional
[CUT SUMMARY] it=57 cand=OUT[0,2]|RET[0,3]|OUT[0,5]|RET[0,6]|OUT[0,7]|RET[0,9]|OUT[0,12]|RET[0,13]|OUT[0,17]|RET[0,18]|OUT[0,19]|RET[0,20]|...(+12) decision=None skip=not_violated_directional theta_total=4560.000059999999 rec_total=4560.00006 raw_rhs_total=4560.00006 rhs_total=4560.000059999999 lhs_total=4560.000059999999
Timing: master=1.610s sp_solve=0.032s cutgen=0.022s cutadd=0.002s cuts_added=0 total_cuts=23
MP stats: nodes=1614 best_bound=4561.371552163825 incumbent=4561.99006 gap=0.00013557851464827598
[CHECK] GAP: LB=4476.07 UB=4515.99 gap=39.9164 rel=0.00884

=== Iteration 58 ===
Solving Master (MP)...
[TIGHTEN] no new cuts for 34 iters: time_limit_s=568 mipgap=0.001
[MIPSTART] x-only start applied: n_out=44 n_ret=44
[MP] Wrote LP: Report\master_iter_058_cuts_023_20260806_051306.lp
2026-08-06 05:13:07,813 INFO | mobauto2_benders.benders.solver | iter=58 master status=SolveStatus.FEASIBLE obj=4561.99 lb=4561.37
Solver log file: C:\Users\fabio\AppData\Local\Temp\tmpkny2ppto.log
MP raw solver: status=ok term=optimal incumbent=4561.99006 best_bound=4561.371552163825
MP solutions: count=1 keys=['Gap', 'Status', 'Message', 'Problem', 'Objective', 'Variable', 'Constraint']
[MP] Solver log: Report\master_iter_058_cuts_023_20260806_051306.log
Shuttle totals (OUT+RET): q0=12, q1=12
MP stats (solver): nodes=1614 best_bound=4561.371552163825 incumbent=4561.99006 gap=0.00013557851464827598
MP result: status=SolveStatus.FEASIBLE obj=4561.99 lb=4561.37
[CHECK] MP: first=1.99 theta=4560 mp_total=4561.99 inc_obj=4561.99 best_bound=4561.37
[CHECK] MP bounds: mp_obj=4561.99 mp_best_bound=4561.37 mp_best_integer=4561.99 term=optimal status=ok gap=0.000135579
[MP] iter=58 incumbent=4561.99 best_bound=4561.37 gap=0.000135579 (src: inc=cplex_api bb=cplex_api gap=cplex_api)
[MP] iter=58 cuts=23 obj=4561.990 last_const=17369.000 last_nnz=27
[MW] core updated (t=0..): min=0.001 max=2 mean=0.546
Evaluating Subproblem (SP) at candidate...
2026-08-06 05:13:07,934 WARNING | mobauto2_benders.benders.solver | [CHECK FAIL] LB exceeds UB: LB=4561.37 UB=4515.99
2026-08-06 05:13:07,934 WARNING | mobauto2_benders.benders.solver | [CHECK] LB invalid; reverting to previous LB=4476.07
2026-08-06 05:13:07,934 INFO | mobauto2_benders.benders.solver | bounds: best_lb=4476.07 best_ub=4515.99 gap=39.9164 rel=0.00884
SP result: recourse=4560 feasible=True
[SP PIPELINE] iter=58 build=0.000s solve=0.000s extract=0.000s post=0.000s cutgen=0.024s mode=mw lb_valid=True tl_inc=False vars=- bin=- cons=- lp=-
[CHECK] SP: recourse=4560 first=1.99 sp_total=4561.99
[CUT TIGHTNESS] raw_line(y)=4560  SP_ub=4560  diff=-1.82e-12
[CUT DEBUG] Not violated (dir). viol_out=0 viol_ret=0
[CUT DEBUG] Not violated (dir). viol_out=0 viol_ret=0
Master updated: no new cuts (all skipped / duplicates)
[CUT ATTEMPT] it=58 cand=OUT[0,2]|RET[0,3]|OUT[0,5]|RET[0,6]|OUT[0,7]|RET[0,9]|OUT[0,12]|RET[0,13]|OUT[0,17]|RET[0,18]|OUT[0,19]|RET[0,20]|...(+12) theta_out=2934.0000299999992 theta_ret=1626.0000300000002 theta_total=4560.000059999999 rec_out=2934.00003 rec_ret=1626.00003 rec_total=4560.00006 raw_rhs_out=2934.0000299999997 raw_rhs_ret=1626.0000300000002 raw_rhs_total=4560.00006 raw_gap=0.0 lhs_out=2934.0000299999992 lhs_ret=1626.0000300000002 lhs_total=4560.000059999999 rhs_out=2934.0000299999992 rhs_ret=1626.0000300000002 rhs_total=4560.000059999999 tol_master=1e-08 tol_filter=None skip=not_violated_directional
[CUT SUMMARY] it=58 cand=OUT[0,2]|RET[0,3]|OUT[0,5]|RET[0,6]|OUT[0,7]|RET[0,9]|OUT[0,12]|RET[0,13]|OUT[0,17]|RET[0,18]|OUT[0,19]|RET[0,20]|...(+12) decision=None skip=not_violated_directional theta_total=4560.000059999999 rec_total=4560.00006 raw_rhs_total=4560.00006 rhs_total=4560.000059999999 lhs_total=4560.000059999999
Timing: master=1.625s sp_solve=0.029s cutgen=0.024s cutadd=0.002s cuts_added=0 total_cuts=23
MP stats: nodes=1614 best_bound=4561.371552163825 incumbent=4561.99006 gap=0.00013557851464827598
[CHECK] GAP: LB=4476.07 UB=4515.99 gap=39.9164 rel=0.00884

=== Iteration 59 ===
Solving Master (MP)...
[TIGHTEN] no new cuts for 35 iters: time_limit_s=568 mipgap=0.001
[MIPSTART] x-only start applied: n_out=44 n_ret=44
[MP] Wrote LP: Report\master_iter_059_cuts_023_20260806_051307.lp
2026-08-06 05:13:09,043 INFO | mobauto2_benders.benders.solver | iter=59 master status=SolveStatus.FEASIBLE obj=4561.99 lb=4561.37
Solver log file: C:\Users\fabio\AppData\Local\Temp\tmp9hcz2524.log
MP raw solver: status=ok term=optimal incumbent=4561.99006 best_bound=4561.371552163825
MP solutions: count=1 keys=['Gap', 'Status', 'Message', 'Problem', 'Objective', 'Variable', 'Constraint']
[MP] Solver log: Report\master_iter_059_cuts_023_20260806_051307.log
Shuttle totals (OUT+RET): q0=12, q1=12
MP stats (solver): nodes=1614 best_bound=4561.371552163825 incumbent=4561.99006 gap=0.00013557851464827598
MP result: status=SolveStatus.FEASIBLE obj=4561.99 lb=4561.37
[CHECK] MP: first=1.99 theta=4560 mp_total=4561.99 inc_obj=4561.99 best_bound=4561.37
[CHECK] MP bounds: mp_obj=4561.99 mp_best_bound=4561.37 mp_best_integer=4561.99 term=optimal status=ok gap=0.000135579
[MP] iter=59 incumbent=4561.99 best_bound=4561.37 gap=0.000135579 (src: inc=cplex_api bb=cplex_api gap=cplex_api)
[MP] iter=59 cuts=23 obj=4561.990 last_const=17369.000 last_nnz=27
[MW] core updated (t=0..): min=0.001 max=2 mean=0.546
Evaluating Subproblem (SP) at candidate...
2026-08-06 05:13:09,155 WARNING | mobauto2_benders.benders.solver | [CHECK FAIL] LB exceeds UB: LB=4561.37 UB=4515.99
2026-08-06 05:13:09,155 WARNING | mobauto2_benders.benders.solver | [CHECK] LB invalid; reverting to previous LB=4476.07
2026-08-06 05:13:09,172 INFO | mobauto2_benders.benders.solver | bounds: best_lb=4476.07 best_ub=4515.99 gap=39.9164 rel=0.00884
SP result: recourse=4560 feasible=True
[SP PIPELINE] iter=59 build=0.000s solve=0.000s extract=0.000s post=0.000s cutgen=0.022s mode=mw lb_valid=True tl_inc=False vars=- bin=- cons=- lp=-
[CHECK] SP: recourse=4560 first=1.99 sp_total=4561.99
[CUT TIGHTNESS] raw_line(y)=4560  SP_ub=4560  diff=-1.82e-12
[CUT DEBUG] Not violated (dir). viol_out=0 viol_ret=0
[CUT DEBUG] Not violated (dir). viol_out=0 viol_ret=0
Master updated: no new cuts (all skipped / duplicates)
[CUT ATTEMPT] it=59 cand=OUT[0,2]|RET[0,3]|OUT[0,5]|RET[0,6]|OUT[0,7]|RET[0,9]|OUT[0,12]|RET[0,13]|OUT[0,17]|RET[0,18]|OUT[0,19]|RET[0,20]|...(+12) theta_out=2934.0000299999992 theta_ret=1626.0000300000002 theta_total=4560.000059999999 rec_out=2934.00003 rec_ret=1626.00003 rec_total=4560.00006 raw_rhs_out=2934.0000299999997 raw_rhs_ret=1626.0000300000002 raw_rhs_total=4560.00006 raw_gap=0.0 lhs_out=2934.0000299999992 lhs_ret=1626.0000300000002 lhs_total=4560.000059999999 rhs_out=2934.0000299999992 rhs_ret=1626.0000300000002 rhs_total=4560.000059999999 tol_master=1e-08 tol_filter=None skip=not_violated_directional
[CUT SUMMARY] it=59 cand=OUT[0,2]|RET[0,3]|OUT[0,5]|RET[0,6]|OUT[0,7]|RET[0,9]|OUT[0,12]|RET[0,13]|OUT[0,17]|RET[0,18]|OUT[0,19]|RET[0,20]|...(+12) decision=None skip=not_violated_directional theta_total=4560.000059999999 rec_total=4560.00006 raw_rhs_total=4560.00006 rhs_total=4560.000059999999 lhs_total=4560.000059999999
Timing: master=1.099s sp_solve=0.025s cutgen=0.022s cutadd=0.003s cuts_added=0 total_cuts=23
MP stats: nodes=1614 best_bound=4561.371552163825 incumbent=4561.99006 gap=0.00013557851464827598
[CHECK] GAP: LB=4476.07 UB=4515.99 gap=39.9164 rel=0.00884

=== Iteration 60 ===
Solving Master (MP)...
[TIGHTEN] no new cuts for 36 iters: time_limit_s=568 mipgap=0.001
[MIPSTART] x-only start applied: n_out=44 n_ret=44
[MP] Wrote LP: Report\master_iter_060_cuts_023_20260806_051309.lp
2026-08-06 05:13:10,859 INFO | mobauto2_benders.benders.solver | iter=60 master status=SolveStatus.FEASIBLE obj=4561.99 lb=4561.37
Solver log file: C:\Users\fabio\AppData\Local\Temp\tmp9_y_g98y.log
MP raw solver: status=ok term=optimal incumbent=4561.99006 best_bound=4561.371552163825
MP solutions: count=1 keys=['Gap', 'Status', 'Message', 'Problem', 'Objective', 'Variable', 'Constraint']
[MP] Solver log: Report\master_iter_060_cuts_023_20260806_051309.log
Shuttle totals (OUT+RET): q0=12, q1=12
MP stats (solver): nodes=1614 best_bound=4561.371552163825 incumbent=4561.99006 gap=0.00013557851464827598
MP result: status=SolveStatus.FEASIBLE obj=4561.99 lb=4561.37
[CHECK] MP: first=1.99 theta=4560 mp_total=4561.99 inc_obj=4561.99 best_bound=4561.37
[CHECK] MP bounds: mp_obj=4561.99 mp_best_bound=4561.37 mp_best_integer=4561.99 term=optimal status=ok gap=0.000135579
[MP] iter=60 incumbent=4561.99 best_bound=4561.37 gap=0.000135579 (src: inc=cplex_api bb=cplex_api gap=cplex_api)
[MP] iter=60 cuts=23 obj=4561.990 last_const=17369.000 last_nnz=27
[MW] core updated (t=0..): min=0.001 max=2 mean=0.546
Evaluating Subproblem (SP) at candidate...
2026-08-06 05:13:10,983 WARNING | mobauto2_benders.benders.solver | [CHECK FAIL] LB exceeds UB: LB=4561.37 UB=4515.99
2026-08-06 05:13:10,983 WARNING | mobauto2_benders.benders.solver | [CHECK] LB invalid; reverting to previous LB=4476.07
2026-08-06 05:13:10,985 INFO | mobauto2_benders.benders.solver | bounds: best_lb=4476.07 best_ub=4515.99 gap=39.9164 rel=0.00884
SP result: recourse=4560 feasible=True
[SP PIPELINE] iter=60 build=0.000s solve=0.000s extract=0.000s post=0.000s cutgen=0.028s mode=mw lb_valid=True tl_inc=False vars=- bin=- cons=- lp=-
[CHECK] SP: recourse=4560 first=1.99 sp_total=4561.99
[CUT TIGHTNESS] raw_line(y)=4560  SP_ub=4560  diff=-1.82e-12
[CUT DEBUG] Not violated (dir). viol_out=0 viol_ret=0
[CUT DEBUG] Not violated (dir). viol_out=0 viol_ret=0
Master updated: no new cuts (all skipped / duplicates)
[CUT ATTEMPT] it=60 cand=OUT[0,2]|RET[0,3]|OUT[0,5]|RET[0,6]|OUT[0,7]|RET[0,9]|OUT[0,12]|RET[0,13]|OUT[0,17]|RET[0,18]|OUT[0,19]|RET[0,20]|...(+12) theta_out=2934.0000299999992 theta_ret=1626.0000300000002 theta_total=4560.000059999999 rec_out=2934.00003 rec_ret=1626.00003 rec_total=4560.00006 raw_rhs_out=2934.0000299999997 raw_rhs_ret=1626.0000300000002 raw_rhs_total=4560.00006 raw_gap=0.0 lhs_out=2934.0000299999992 lhs_ret=1626.0000300000002 lhs_total=4560.000059999999 rhs_out=2934.0000299999992 rhs_ret=1626.0000300000002 rhs_total=4560.000059999999 tol_master=1e-08 tol_filter=None skip=not_violated_directional
[CUT SUMMARY] it=60 cand=OUT[0,2]|RET[0,3]|OUT[0,5]|RET[0,6]|OUT[0,7]|RET[0,9]|OUT[0,12]|RET[0,13]|OUT[0,17]|RET[0,18]|OUT[0,19]|RET[0,20]|...(+12) decision=None skip=not_violated_directional theta_total=4560.000059999999 rec_total=4560.00006 raw_rhs_total=4560.00006 rhs_total=4560.000059999999 lhs_total=4560.000059999999
Timing: master=1.686s sp_solve=0.026s cutgen=0.028s cutadd=0.002s cuts_added=0 total_cuts=23
MP stats: nodes=1614 best_bound=4561.371552163825 incumbent=4561.99006 gap=0.00013557851464827598
[CHECK] GAP: LB=4476.07 UB=4515.99 gap=39.9164 rel=0.00884

=== Iteration 61 ===
Solving Master (MP)...
[TIGHTEN] no new cuts for 37 iters: time_limit_s=568 mipgap=0.001
[MIPSTART] x-only start applied: n_out=44 n_ret=44
[MP] Wrote LP: Report\master_iter_061_cuts_023_20260806_051310.lp
2026-08-06 05:13:12,627 INFO | mobauto2_benders.benders.solver | iter=61 master status=SolveStatus.FEASIBLE obj=4561.99 lb=4561.37
Solver log file: C:\Users\fabio\AppData\Local\Temp\tmpio24vdk2.log
MP raw solver: status=ok term=optimal incumbent=4561.99006 best_bound=4561.371552163825
MP solutions: count=1 keys=['Gap', 'Status', 'Message', 'Problem', 'Objective', 'Variable', 'Constraint']
[MP] Solver log: Report\master_iter_061_cuts_023_20260806_051311.log
Shuttle totals (OUT+RET): q0=12, q1=12
MP stats (solver): nodes=1614 best_bound=4561.371552163825 incumbent=4561.99006 gap=0.00013557851464827598
MP result: status=SolveStatus.FEASIBLE obj=4561.99 lb=4561.37
[CHECK] MP: first=1.99 theta=4560 mp_total=4561.99 inc_obj=4561.99 best_bound=4561.37
[CHECK] MP bounds: mp_obj=4561.99 mp_best_bound=4561.37 mp_best_integer=4561.99 term=optimal status=ok gap=0.000135579
[MP] iter=61 incumbent=4561.99 best_bound=4561.37 gap=0.000135579 (src: inc=cplex_api bb=cplex_api gap=cplex_api)
[MP] iter=61 cuts=23 obj=4561.990 last_const=17369.000 last_nnz=27
[MW] core updated (t=0..): min=0.001 max=2 mean=0.546
Evaluating Subproblem (SP) at candidate...
2026-08-06 05:13:12,776 WARNING | mobauto2_benders.benders.solver | [CHECK FAIL] LB exceeds UB: LB=4561.37 UB=4515.99
2026-08-06 05:13:12,776 WARNING | mobauto2_benders.benders.solver | [CHECK] LB invalid; reverting to previous LB=4476.07
2026-08-06 05:13:12,776 INFO | mobauto2_benders.benders.solver | bounds: best_lb=4476.07 best_ub=4515.99 gap=39.9164 rel=0.00884
SP result: recourse=4560 feasible=True
[SP PIPELINE] iter=61 build=0.000s solve=0.000s extract=0.000s post=0.000s cutgen=0.021s mode=mw lb_valid=True tl_inc=False vars=- bin=- cons=- lp=-
[CHECK] SP: recourse=4560 first=1.99 sp_total=4561.99
[CUT TIGHTNESS] raw_line(y)=4560  SP_ub=4560  diff=-1.82e-12
[CUT DEBUG] Not violated (dir). viol_out=0 viol_ret=0
[CUT DEBUG] Not violated (dir). viol_out=0 viol_ret=0
Master updated: no new cuts (all skipped / duplicates)
[CUT ATTEMPT] it=61 cand=OUT[0,2]|RET[0,3]|OUT[0,5]|RET[0,6]|OUT[0,7]|RET[0,9]|OUT[0,12]|RET[0,13]|OUT[0,17]|RET[0,18]|OUT[0,19]|RET[0,20]|...(+12) theta_out=2934.0000299999992 theta_ret=1626.0000300000002 theta_total=4560.000059999999 rec_out=2934.00003 rec_ret=1626.00003 rec_total=4560.00006 raw_rhs_out=2934.0000299999997 raw_rhs_ret=1626.0000300000002 raw_rhs_total=4560.00006 raw_gap=0.0 lhs_out=2934.0000299999992 lhs_ret=1626.0000300000002 lhs_total=4560.000059999999 rhs_out=2934.0000299999992 rhs_ret=1626.0000300000002 rhs_total=4560.000059999999 tol_master=1e-08 tol_filter=None skip=not_violated_directional
[CUT SUMMARY] it=61 cand=OUT[0,2]|RET[0,3]|OUT[0,5]|RET[0,6]|OUT[0,7]|RET[0,9]|OUT[0,12]|RET[0,13]|OUT[0,17]|RET[0,18]|OUT[0,19]|RET[0,20]|...(+12) decision=None skip=not_violated_directional theta_total=4560.000059999999 rec_total=4560.00006 raw_rhs_total=4560.00006 rhs_total=4560.000059999999 lhs_total=4560.000059999999
Timing: master=1.652s sp_solve=0.046s cutgen=0.021s cutadd=0.001s cuts_added=0 total_cuts=23
MP stats: nodes=1614 best_bound=4561.371552163825 incumbent=4561.99006 gap=0.00013557851464827598
[CHECK] GAP: LB=4476.07 UB=4515.99 gap=39.9164 rel=0.00884

=== Iteration 62 ===
Solving Master (MP)...
[TIGHTEN] no new cuts for 38 iters: time_limit_s=568 mipgap=0.001
[MIPSTART] x-only start applied: n_out=44 n_ret=44
[MP] Wrote LP: Report\master_iter_062_cuts_023_20260806_051312.lp
2026-08-06 05:13:14,379 INFO | mobauto2_benders.benders.solver | iter=62 master status=SolveStatus.FEASIBLE obj=4561.99 lb=4561.37
Solver log file: C:\Users\fabio\AppData\Local\Temp\tmp7fyz280e.log
MP raw solver: status=ok term=optimal incumbent=4561.99006 best_bound=4561.371552163825
MP solutions: count=1 keys=['Gap', 'Status', 'Message', 'Problem', 'Objective', 'Variable', 'Constraint']
[MP] Solver log: Report\master_iter_062_cuts_023_20260806_051312.log
Shuttle totals (OUT+RET): q0=12, q1=12
MP stats (solver): nodes=1614 best_bound=4561.371552163825 incumbent=4561.99006 gap=0.00013557851464827598
MP result: status=SolveStatus.FEASIBLE obj=4561.99 lb=4561.37
[CHECK] MP: first=1.99 theta=4560 mp_total=4561.99 inc_obj=4561.99 best_bound=4561.37
[CHECK] MP bounds: mp_obj=4561.99 mp_best_bound=4561.37 mp_best_integer=4561.99 term=optimal status=ok gap=0.000135579
[MP] iter=62 incumbent=4561.99 best_bound=4561.37 gap=0.000135579 (src: inc=cplex_api bb=cplex_api gap=cplex_api)
[MP] iter=62 cuts=23 obj=4561.990 last_const=17369.000 last_nnz=27
[MW] core updated (t=0..): min=0.001 max=2 mean=0.546
Evaluating Subproblem (SP) at candidate...
2026-08-06 05:13:14,493 WARNING | mobauto2_benders.benders.solver | [CHECK FAIL] LB exceeds UB: LB=4561.37 UB=4515.99
2026-08-06 05:13:14,493 WARNING | mobauto2_benders.benders.solver | [CHECK] LB invalid; reverting to previous LB=4476.07
2026-08-06 05:13:14,493 INFO | mobauto2_benders.benders.solver | bounds: best_lb=4476.07 best_ub=4515.99 gap=39.9164 rel=0.00884
SP result: recourse=4560 feasible=True
[SP PIPELINE] iter=62 build=0.000s solve=0.000s extract=0.000s post=0.000s cutgen=0.022s mode=mw lb_valid=True tl_inc=False vars=- bin=- cons=- lp=-
[CHECK] SP: recourse=4560 first=1.99 sp_total=4561.99
[CUT TIGHTNESS] raw_line(y)=4560  SP_ub=4560  diff=-1.82e-12
[CUT DEBUG] Not violated (dir). viol_out=0 viol_ret=0
[CUT DEBUG] Not violated (dir). viol_out=0 viol_ret=0
Master updated: no new cuts (all skipped / duplicates)
[CUT ATTEMPT] it=62 cand=OUT[0,2]|RET[0,3]|OUT[0,5]|RET[0,6]|OUT[0,7]|RET[0,9]|OUT[0,12]|RET[0,13]|OUT[0,17]|RET[0,18]|OUT[0,19]|RET[0,20]|...(+12) theta_out=2934.0000299999992 theta_ret=1626.0000300000002 theta_total=4560.000059999999 rec_out=2934.00003 rec_ret=1626.00003 rec_total=4560.00006 raw_rhs_out=2934.0000299999997 raw_rhs_ret=1626.0000300000002 raw_rhs_total=4560.00006 raw_gap=0.0 lhs_out=2934.0000299999992 lhs_ret=1626.0000300000002 lhs_total=4560.000059999999 rhs_out=2934.0000299999992 rhs_ret=1626.0000300000002 rhs_total=4560.000059999999 tol_master=1e-08 tol_filter=None skip=not_violated_directional
[CUT SUMMARY] it=62 cand=OUT[0,2]|RET[0,3]|OUT[0,5]|RET[0,6]|OUT[0,7]|RET[0,9]|OUT[0,12]|RET[0,13]|OUT[0,17]|RET[0,18]|OUT[0,19]|RET[0,20]|...(+12) decision=None skip=not_violated_directional theta_total=4560.000059999999 rec_total=4560.00006 raw_rhs_total=4560.00006 rhs_total=4560.000059999999 lhs_total=4560.000059999999
Timing: master=1.605s sp_solve=0.020s cutgen=0.022s cutadd=0.002s cuts_added=0 total_cuts=23
MP stats: nodes=1614 best_bound=4561.371552163825 incumbent=4561.99006 gap=0.00013557851464827598
[CHECK] GAP: LB=4476.07 UB=4515.99 gap=39.9164 rel=0.00884

=== Iteration 63 ===
Solving Master (MP)...
[TIGHTEN] no new cuts for 39 iters: time_limit_s=568 mipgap=0.001
[MIPSTART] x-only start applied: n_out=44 n_ret=44
[MP] Wrote LP: Report\master_iter_063_cuts_023_20260806_051314.lp
2026-08-06 05:13:16,195 INFO | mobauto2_benders.benders.solver | iter=63 master status=SolveStatus.FEASIBLE obj=4561.99 lb=4561.37
Solver log file: C:\Users\fabio\AppData\Local\Temp\tmpilsmjuiz.log
MP raw solver: status=ok term=optimal incumbent=4561.99006 best_bound=4561.371552163825
MP solutions: count=1 keys=['Gap', 'Status', 'Message', 'Problem', 'Objective', 'Variable', 'Constraint']
[MP] Solver log: Report\master_iter_063_cuts_023_20260806_051314.log
Shuttle totals (OUT+RET): q0=12, q1=12
MP stats (solver): nodes=1614 best_bound=4561.371552163825 incumbent=4561.99006 gap=0.00013557851464827598
MP result: status=SolveStatus.FEASIBLE obj=4561.99 lb=4561.37
[CHECK] MP: first=1.99 theta=4560 mp_total=4561.99 inc_obj=4561.99 best_bound=4561.37
[CHECK] MP bounds: mp_obj=4561.99 mp_best_bound=4561.37 mp_best_integer=4561.99 term=optimal status=ok gap=0.000135579
[MP] iter=63 incumbent=4561.99 best_bound=4561.37 gap=0.000135579 (src: inc=cplex_api bb=cplex_api gap=cplex_api)
[MP] iter=63 cuts=23 obj=4561.990 last_const=17369.000 last_nnz=27
[MW] core updated (t=0..): min=0.001 max=2 mean=0.546
Evaluating Subproblem (SP) at candidate...
2026-08-06 05:13:16,303 WARNING | mobauto2_benders.benders.solver | [CHECK FAIL] LB exceeds UB: LB=4561.37 UB=4515.99
2026-08-06 05:13:16,303 WARNING | mobauto2_benders.benders.solver | [CHECK] LB invalid; reverting to previous LB=4476.07
2026-08-06 05:13:16,306 INFO | mobauto2_benders.benders.solver | bounds: best_lb=4476.07 best_ub=4515.99 gap=39.9164 rel=0.00884
SP result: recourse=4560 feasible=True
[SP PIPELINE] iter=63 build=0.000s solve=0.000s extract=0.000s post=0.000s cutgen=0.019s mode=mw lb_valid=True tl_inc=False vars=- bin=- cons=- lp=-
[CHECK] SP: recourse=4560 first=1.99 sp_total=4561.99
[CUT TIGHTNESS] raw_line(y)=4560  SP_ub=4560  diff=-1.82e-12
[CUT DEBUG] Not violated (dir). viol_out=0 viol_ret=0
[CUT DEBUG] Not violated (dir). viol_out=0 viol_ret=0
Master updated: no new cuts (all skipped / duplicates)
[CUT ATTEMPT] it=63 cand=OUT[0,2]|RET[0,3]|OUT[0,5]|RET[0,6]|OUT[0,7]|RET[0,9]|OUT[0,12]|RET[0,13]|OUT[0,17]|RET[0,18]|OUT[0,19]|RET[0,20]|...(+12) theta_out=2934.0000299999992 theta_ret=1626.0000300000002 theta_total=4560.000059999999 rec_out=2934.00003 rec_ret=1626.00003 rec_total=4560.00006 raw_rhs_out=2934.0000299999997 raw_rhs_ret=1626.0000300000002 raw_rhs_total=4560.00006 raw_gap=0.0 lhs_out=2934.0000299999992 lhs_ret=1626.0000300000002 lhs_total=4560.000059999999 rhs_out=2934.0000299999992 rhs_ret=1626.0000300000002 rhs_total=4560.000059999999 tol_master=1e-08 tol_filter=None skip=not_violated_directional
[CUT SUMMARY] it=63 cand=OUT[0,2]|RET[0,3]|OUT[0,5]|RET[0,6]|OUT[0,7]|RET[0,9]|OUT[0,12]|RET[0,13]|OUT[0,17]|RET[0,18]|OUT[0,19]|RET[0,20]|...(+12) decision=None skip=not_violated_directional theta_total=4560.000059999999 rec_total=4560.00006 raw_rhs_total=4560.00006 rhs_total=4560.000059999999 lhs_total=4560.000059999999
Timing: master=1.696s sp_solve=0.023s cutgen=0.019s cutadd=0.002s cuts_added=0 total_cuts=23
MP stats: nodes=1614 best_bound=4561.371552163825 incumbent=4561.99006 gap=0.00013557851464827598
[CHECK] GAP: LB=4476.07 UB=4515.99 gap=39.9164 rel=0.00884

=== Iteration 64 ===
Solving Master (MP)...
[TIGHTEN] no new cuts for 40 iters: time_limit_s=568 mipgap=0.001
[MIPSTART] x-only start applied: n_out=44 n_ret=44
[MP] Wrote LP: Report\master_iter_064_cuts_023_20260806_051316.lp
2026-08-06 05:13:17,863 INFO | mobauto2_benders.benders.solver | iter=64 master status=SolveStatus.FEASIBLE obj=4561.99 lb=4561.37
Solver log file: C:\Users\fabio\AppData\Local\Temp\tmpg_mfo_tz.log
MP raw solver: status=ok term=optimal incumbent=4561.99006 best_bound=4561.371552163825
MP solutions: count=1 keys=['Gap', 'Status', 'Message', 'Problem', 'Objective', 'Variable', 'Constraint']
[MP] Solver log: Report\master_iter_064_cuts_023_20260806_051316.log
Shuttle totals (OUT+RET): q0=12, q1=12
MP stats (solver): nodes=1614 best_bound=4561.371552163825 incumbent=4561.99006 gap=0.00013557851464827598
MP result: status=SolveStatus.FEASIBLE obj=4561.99 lb=4561.37
[CHECK] MP: first=1.99 theta=4560 mp_total=4561.99 inc_obj=4561.99 best_bound=4561.37
[CHECK] MP bounds: mp_obj=4561.99 mp_best_bound=4561.37 mp_best_integer=4561.99 term=optimal status=ok gap=0.000135579
[MP] iter=64 incumbent=4561.99 best_bound=4561.37 gap=0.000135579 (src: inc=cplex_api bb=cplex_api gap=cplex_api)
[MP] iter=64 cuts=23 obj=4561.990 last_const=17369.000 last_nnz=27
[MW] core updated (t=0..): min=0.001 max=2 mean=0.546
Evaluating Subproblem (SP) at candidate...
2026-08-06 05:13:17,973 WARNING | mobauto2_benders.benders.solver | [CHECK FAIL] LB exceeds UB: LB=4561.37 UB=4515.99
2026-08-06 05:13:17,975 WARNING | mobauto2_benders.benders.solver | [CHECK] LB invalid; reverting to previous LB=4476.07
2026-08-06 05:13:17,975 INFO | mobauto2_benders.benders.solver | bounds: best_lb=4476.07 best_ub=4515.99 gap=39.9164 rel=0.00884
SP result: recourse=4560 feasible=True
[SP PIPELINE] iter=64 build=0.000s solve=0.000s extract=0.000s post=0.000s cutgen=0.021s mode=mw lb_valid=True tl_inc=False vars=- bin=- cons=- lp=-
[CHECK] SP: recourse=4560 first=1.99 sp_total=4561.99
[CUT TIGHTNESS] raw_line(y)=4560  SP_ub=4560  diff=-1.82e-12
[CUT DEBUG] Not violated (dir). viol_out=0 viol_ret=0
[CUT DEBUG] Not violated (dir). viol_out=0 viol_ret=0
Master updated: no new cuts (all skipped / duplicates)
[CUT ATTEMPT] it=64 cand=OUT[0,2]|RET[0,3]|OUT[0,5]|RET[0,6]|OUT[0,7]|RET[0,9]|OUT[0,12]|RET[0,13]|OUT[0,17]|RET[0,18]|OUT[0,19]|RET[0,20]|...(+12) theta_out=2934.0000299999992 theta_ret=1626.0000300000002 theta_total=4560.000059999999 rec_out=2934.00003 rec_ret=1626.00003 rec_total=4560.00006 raw_rhs_out=2934.0000299999997 raw_rhs_ret=1626.0000300000002 raw_rhs_total=4560.00006 raw_gap=0.0 lhs_out=2934.0000299999992 lhs_ret=1626.0000300000002 lhs_total=4560.000059999999 rhs_out=2934.0000299999992 rhs_ret=1626.0000300000002 rhs_total=4560.000059999999 tol_master=1e-08 tol_filter=None skip=not_violated_directional
[CUT SUMMARY] it=64 cand=OUT[0,2]|RET[0,3]|OUT[0,5]|RET[0,6]|OUT[0,7]|RET[0,9]|OUT[0,12]|RET[0,13]|OUT[0,17]|RET[0,18]|OUT[0,19]|RET[0,20]|...(+12) decision=None skip=not_violated_directional theta_total=4560.000059999999 rec_total=4560.00006 raw_rhs_total=4560.00006 rhs_total=4560.000059999999 lhs_total=4560.000059999999
Timing: master=1.557s sp_solve=0.021s cutgen=0.021s cutadd=0.002s cuts_added=0 total_cuts=23
MP stats: nodes=1614 best_bound=4561.371552163825 incumbent=4561.99006 gap=0.00013557851464827598
[CHECK] GAP: LB=4476.07 UB=4515.99 gap=39.9164 rel=0.00884

=== Iteration 65 ===
Solving Master (MP)...
[TIGHTEN] no new cuts for 41 iters: time_limit_s=568 mipgap=0.001
[MIPSTART] x-only start applied: n_out=44 n_ret=44
[MP] Wrote LP: Report\master_iter_065_cuts_023_20260806_051317.lp
2026-08-06 05:13:19,666 INFO | mobauto2_benders.benders.solver | iter=65 master status=SolveStatus.FEASIBLE obj=4561.99 lb=4561.37
Solver log file: C:\Users\fabio\AppData\Local\Temp\tmp0zmh702l.log
MP raw solver: status=ok term=optimal incumbent=4561.99006 best_bound=4561.371552163825
MP solutions: count=1 keys=['Gap', 'Status', 'Message', 'Problem', 'Objective', 'Variable', 'Constraint']
[MP] Solver log: Report\master_iter_065_cuts_023_20260806_051318.log
Shuttle totals (OUT+RET): q0=12, q1=12
MP stats (solver): nodes=1614 best_bound=4561.371552163825 incumbent=4561.99006 gap=0.00013557851464827598
MP result: status=SolveStatus.FEASIBLE obj=4561.99 lb=4561.37
[CHECK] MP: first=1.99 theta=4560 mp_total=4561.99 inc_obj=4561.99 best_bound=4561.37
[CHECK] MP bounds: mp_obj=4561.99 mp_best_bound=4561.37 mp_best_integer=4561.99 term=optimal status=ok gap=0.000135579
[MP] iter=65 incumbent=4561.99 best_bound=4561.37 gap=0.000135579 (src: inc=cplex_api bb=cplex_api gap=cplex_api)
[MP] iter=65 cuts=23 obj=4561.990 last_const=17369.000 last_nnz=27
[MW] core updated (t=0..): min=0.001 max=2 mean=0.546
Evaluating Subproblem (SP) at candidate...
2026-08-06 05:13:19,811 WARNING | mobauto2_benders.benders.solver | [CHECK FAIL] LB exceeds UB: LB=4561.37 UB=4515.99
2026-08-06 05:13:19,811 WARNING | mobauto2_benders.benders.solver | [CHECK] LB invalid; reverting to previous LB=4476.07
2026-08-06 05:13:19,816 INFO | mobauto2_benders.benders.solver | bounds: best_lb=4476.07 best_ub=4515.99 gap=39.9164 rel=0.00884
SP result: recourse=4560 feasible=True
[SP PIPELINE] iter=65 build=0.000s solve=0.000s extract=0.000s post=0.000s cutgen=0.034s mode=mw lb_valid=True tl_inc=False vars=- bin=- cons=- lp=-
[CHECK] SP: recourse=4560 first=1.99 sp_total=4561.99
[CUT TIGHTNESS] raw_line(y)=4560  SP_ub=4560  diff=-1.82e-12
[CUT DEBUG] Not violated (dir). viol_out=0 viol_ret=0
[CUT DEBUG] Not violated (dir). viol_out=0 viol_ret=0
Master updated: no new cuts (all skipped / duplicates)
[CUT ATTEMPT] it=65 cand=OUT[0,2]|RET[0,3]|OUT[0,5]|RET[0,6]|OUT[0,7]|RET[0,9]|OUT[0,12]|RET[0,13]|OUT[0,17]|RET[0,18]|OUT[0,19]|RET[0,20]|...(+12) theta_out=2934.0000299999992 theta_ret=1626.0000300000002 theta_total=4560.000059999999 rec_out=2934.00003 rec_ret=1626.00003 rec_total=4560.00006 raw_rhs_out=2934.0000299999997 raw_rhs_ret=1626.0000300000002 raw_rhs_total=4560.00006 raw_gap=0.0 lhs_out=2934.0000299999992 lhs_ret=1626.0000300000002 lhs_total=4560.000059999999 rhs_out=2934.0000299999992 rhs_ret=1626.0000300000002 rhs_total=4560.000059999999 tol_master=1e-08 tol_filter=None skip=not_violated_directional
[CUT SUMMARY] it=65 cand=OUT[0,2]|RET[0,3]|OUT[0,5]|RET[0,6]|OUT[0,7]|RET[0,9]|OUT[0,12]|RET[0,13]|OUT[0,17]|RET[0,18]|OUT[0,19]|RET[0,20]|...(+12) decision=None skip=not_violated_directional theta_total=4560.000059999999 rec_total=4560.00006 raw_rhs_total=4560.00006 rhs_total=4560.000059999999 lhs_total=4560.000059999999
Timing: master=1.700s sp_solve=0.022s cutgen=0.034s cutadd=0.004s cuts_added=0 total_cuts=23
MP stats: nodes=1614 best_bound=4561.371552163825 incumbent=4561.99006 gap=0.00013557851464827598
[CHECK] GAP: LB=4476.07 UB=4515.99 gap=39.9164 rel=0.00884

=== Iteration 66 ===
Solving Master (MP)...
[TIGHTEN] no new cuts for 42 iters: time_limit_s=568 mipgap=0.001
[MIPSTART] x-only start applied: n_out=44 n_ret=44
[MP] Wrote LP: Report\master_iter_066_cuts_023_20260806_051319.lp
2026-08-06 05:13:21,383 INFO | mobauto2_benders.benders.solver | iter=66 master status=SolveStatus.FEASIBLE obj=4561.99 lb=4561.37
Solver log file: C:\Users\fabio\AppData\Local\Temp\tmpzqa1ywuz.log
MP raw solver: status=ok term=optimal incumbent=4561.99006 best_bound=4561.371552163825
MP solutions: count=1 keys=['Gap', 'Status', 'Message', 'Problem', 'Objective', 'Variable', 'Constraint']
[MP] Solver log: Report\master_iter_066_cuts_023_20260806_051319.log
Shuttle totals (OUT+RET): q0=12, q1=12
MP stats (solver): nodes=1614 best_bound=4561.371552163825 incumbent=4561.99006 gap=0.00013557851464827598
MP result: status=SolveStatus.FEASIBLE obj=4561.99 lb=4561.37
[CHECK] MP: first=1.99 theta=4560 mp_total=4561.99 inc_obj=4561.99 best_bound=4561.37
[CHECK] MP bounds: mp_obj=4561.99 mp_best_bound=4561.37 mp_best_integer=4561.99 term=optimal status=ok gap=0.000135579
[MP] iter=66 incumbent=4561.99 best_bound=4561.37 gap=0.000135579 (src: inc=cplex_api bb=cplex_api gap=cplex_api)
[MP] iter=66 cuts=23 obj=4561.990 last_const=17369.000 last_nnz=27
[MW] core updated (t=0..): min=0.001 max=2 mean=0.546
Evaluating Subproblem (SP) at candidate...
2026-08-06 05:13:21,489 WARNING | mobauto2_benders.benders.solver | [CHECK FAIL] LB exceeds UB: LB=4561.37 UB=4515.99
2026-08-06 05:13:21,489 WARNING | mobauto2_benders.benders.solver | [CHECK] LB invalid; reverting to previous LB=4476.07
2026-08-06 05:13:21,491 INFO | mobauto2_benders.benders.solver | bounds: best_lb=4476.07 best_ub=4515.99 gap=39.9164 rel=0.00884
SP result: recourse=4560 feasible=True
[SP PIPELINE] iter=66 build=0.000s solve=0.000s extract=0.000s post=0.000s cutgen=0.019s mode=mw lb_valid=True tl_inc=False vars=- bin=- cons=- lp=-
[CHECK] SP: recourse=4560 first=1.99 sp_total=4561.99
[CUT TIGHTNESS] raw_line(y)=4560  SP_ub=4560  diff=-1.82e-12
[CUT DEBUG] Not violated (dir). viol_out=0 viol_ret=0
[CUT DEBUG] Not violated (dir). viol_out=0 viol_ret=0
Master updated: no new cuts (all skipped / duplicates)
[CUT ATTEMPT] it=66 cand=OUT[0,2]|RET[0,3]|OUT[0,5]|RET[0,6]|OUT[0,7]|RET[0,9]|OUT[0,12]|RET[0,13]|OUT[0,17]|RET[0,18]|OUT[0,19]|RET[0,20]|...(+12) theta_out=2934.0000299999992 theta_ret=1626.0000300000002 theta_total=4560.000059999999 rec_out=2934.00003 rec_ret=1626.00003 rec_total=4560.00006 raw_rhs_out=2934.0000299999997 raw_rhs_ret=1626.0000300000002 raw_rhs_total=4560.00006 raw_gap=0.0 lhs_out=2934.0000299999992 lhs_ret=1626.0000300000002 lhs_total=4560.000059999999 rhs_out=2934.0000299999992 rhs_ret=1626.0000300000002 rhs_total=4560.000059999999 tol_master=1e-08 tol_filter=None skip=not_violated_directional
[CUT SUMMARY] it=66 cand=OUT[0,2]|RET[0,3]|OUT[0,5]|RET[0,6]|OUT[0,7]|RET[0,9]|OUT[0,12]|RET[0,13]|OUT[0,17]|RET[0,18]|OUT[0,19]|RET[0,20]|...(+12) decision=None skip=not_violated_directional theta_total=4560.000059999999 rec_total=4560.00006 raw_rhs_total=4560.00006 rhs_total=4560.000059999999 lhs_total=4560.000059999999
Timing: master=1.568s sp_solve=0.022s cutgen=0.019s cutadd=0.001s cuts_added=0 total_cuts=23
MP stats: nodes=1614 best_bound=4561.371552163825 incumbent=4561.99006 gap=0.00013557851464827598
[CHECK] GAP: LB=4476.07 UB=4515.99 gap=39.9164 rel=0.00884

=== Iteration 67 ===
Solving Master (MP)...
[TIGHTEN] no new cuts for 43 iters: time_limit_s=568 mipgap=0.001
[MIPSTART] x-only start applied: n_out=44 n_ret=44
[MP] Wrote LP: Report\master_iter_067_cuts_023_20260806_051321.lp
2026-08-06 05:13:22,984 INFO | mobauto2_benders.benders.solver | iter=67 master status=SolveStatus.FEASIBLE obj=4561.99 lb=4561.37
Solver log file: C:\Users\fabio\AppData\Local\Temp\tmplex9rtse.log
MP raw solver: status=ok term=optimal incumbent=4561.99006 best_bound=4561.371552163825
MP solutions: count=1 keys=['Gap', 'Status', 'Message', 'Problem', 'Objective', 'Variable', 'Constraint']
[MP] Solver log: Report\master_iter_067_cuts_023_20260806_051321.log
Shuttle totals (OUT+RET): q0=12, q1=12
MP stats (solver): nodes=1614 best_bound=4561.371552163825 incumbent=4561.99006 gap=0.00013557851464827598
MP result: status=SolveStatus.FEASIBLE obj=4561.99 lb=4561.37
[CHECK] MP: first=1.99 theta=4560 mp_total=4561.99 inc_obj=4561.99 best_bound=4561.37
[CHECK] MP bounds: mp_obj=4561.99 mp_best_bound=4561.37 mp_best_integer=4561.99 term=optimal status=ok gap=0.000135579
[MP] iter=67 incumbent=4561.99 best_bound=4561.37 gap=0.000135579 (src: inc=cplex_api bb=cplex_api gap=cplex_api)
[MP] iter=67 cuts=23 obj=4561.990 last_const=17369.000 last_nnz=27
[MW] core updated (t=0..): min=0.001 max=2 mean=0.546
Evaluating Subproblem (SP) at candidate...
2026-08-06 05:13:23,094 WARNING | mobauto2_benders.benders.solver | [CHECK FAIL] LB exceeds UB: LB=4561.37 UB=4515.99
2026-08-06 05:13:23,094 WARNING | mobauto2_benders.benders.solver | [CHECK] LB invalid; reverting to previous LB=4476.07
2026-08-06 05:13:23,096 INFO | mobauto2_benders.benders.solver | bounds: best_lb=4476.07 best_ub=4515.99 gap=39.9164 rel=0.00884
SP result: recourse=4560 feasible=True
[SP PIPELINE] iter=67 build=0.000s solve=0.000s extract=0.000s post=0.000s cutgen=0.021s mode=mw lb_valid=True tl_inc=False vars=- bin=- cons=- lp=-
[CHECK] SP: recourse=4560 first=1.99 sp_total=4561.99
[CUT TIGHTNESS] raw_line(y)=4560  SP_ub=4560  diff=-1.82e-12
[CUT DEBUG] Not violated (dir). viol_out=0 viol_ret=0
[CUT DEBUG] Not violated (dir). viol_out=0 viol_ret=0
Master updated: no new cuts (all skipped / duplicates)
[CUT ATTEMPT] it=67 cand=OUT[0,2]|RET[0,3]|OUT[0,5]|RET[0,6]|OUT[0,7]|RET[0,9]|OUT[0,12]|RET[0,13]|OUT[0,17]|RET[0,18]|OUT[0,19]|RET[0,20]|...(+12) theta_out=2934.0000299999992 theta_ret=1626.0000300000002 theta_total=4560.000059999999 rec_out=2934.00003 rec_ret=1626.00003 rec_total=4560.00006 raw_rhs_out=2934.0000299999997 raw_rhs_ret=1626.0000300000002 raw_rhs_total=4560.00006 raw_gap=0.0 lhs_out=2934.0000299999992 lhs_ret=1626.0000300000002 lhs_total=4560.000059999999 rhs_out=2934.0000299999992 rhs_ret=1626.0000300000002 rhs_total=4560.000059999999 tol_master=1e-08 tol_filter=None skip=not_violated_directional
[CUT SUMMARY] it=67 cand=OUT[0,2]|RET[0,3]|OUT[0,5]|RET[0,6]|OUT[0,7]|RET[0,9]|OUT[0,12]|RET[0,13]|OUT[0,17]|RET[0,18]|OUT[0,19]|RET[0,20]|...(+12) decision=None skip=not_violated_directional theta_total=4560.000059999999 rec_total=4560.00006 raw_rhs_total=4560.00006 rhs_total=4560.000059999999 lhs_total=4560.000059999999
Timing: master=1.495s sp_solve=0.021s cutgen=0.021s cutadd=0.002s cuts_added=0 total_cuts=23
MP stats: nodes=1614 best_bound=4561.371552163825 incumbent=4561.99006 gap=0.00013557851464827598
[CHECK] GAP: LB=4476.07 UB=4515.99 gap=39.9164 rel=0.00884

=== Iteration 68 ===
Solving Master (MP)...
[TIGHTEN] no new cuts for 44 iters: time_limit_s=568 mipgap=0.001
[MIPSTART] x-only start applied: n_out=44 n_ret=44
[MP] Wrote LP: Report\master_iter_068_cuts_023_20260806_051323.lp
2026-08-06 05:13:24,619 INFO | mobauto2_benders.benders.solver | iter=68 master status=SolveStatus.FEASIBLE obj=4561.99 lb=4561.37
Solver log file: C:\Users\fabio\AppData\Local\Temp\tmp_vag1ec8.log
MP raw solver: status=ok term=optimal incumbent=4561.99006 best_bound=4561.371552163825
MP solutions: count=1 keys=['Gap', 'Status', 'Message', 'Problem', 'Objective', 'Variable', 'Constraint']
[MP] Solver log: Report\master_iter_068_cuts_023_20260806_051323.log
Shuttle totals (OUT+RET): q0=12, q1=12
MP stats (solver): nodes=1614 best_bound=4561.371552163825 incumbent=4561.99006 gap=0.00013557851464827598
MP result: status=SolveStatus.FEASIBLE obj=4561.99 lb=4561.37
[CHECK] MP: first=1.99 theta=4560 mp_total=4561.99 inc_obj=4561.99 best_bound=4561.37
[CHECK] MP bounds: mp_obj=4561.99 mp_best_bound=4561.37 mp_best_integer=4561.99 term=optimal status=ok gap=0.000135579
[MP] iter=68 incumbent=4561.99 best_bound=4561.37 gap=0.000135579 (src: inc=cplex_api bb=cplex_api gap=cplex_api)
[MP] iter=68 cuts=23 obj=4561.990 last_const=17369.000 last_nnz=27
[MW] core updated (t=0..): min=0.001 max=2 mean=0.546
Evaluating Subproblem (SP) at candidate...
2026-08-06 05:13:24,719 WARNING | mobauto2_benders.benders.solver | [CHECK FAIL] LB exceeds UB: LB=4561.37 UB=4515.99
2026-08-06 05:13:24,719 WARNING | mobauto2_benders.benders.solver | [CHECK] LB invalid; reverting to previous LB=4476.07
2026-08-06 05:13:24,719 INFO | mobauto2_benders.benders.solver | bounds: best_lb=4476.07 best_ub=4515.99 gap=39.9164 rel=0.00884
SP result: recourse=4560 feasible=True
[SP PIPELINE] iter=68 build=0.000s solve=0.000s extract=0.000s post=0.000s cutgen=0.021s mode=mw lb_valid=True tl_inc=False vars=- bin=- cons=- lp=-
[CHECK] SP: recourse=4560 first=1.99 sp_total=4561.99
[CUT TIGHTNESS] raw_line(y)=4560  SP_ub=4560  diff=-1.82e-12
[CUT DEBUG] Not violated (dir). viol_out=0 viol_ret=0
[CUT DEBUG] Not violated (dir). viol_out=0 viol_ret=0
Master updated: no new cuts (all skipped / duplicates)
[CUT ATTEMPT] it=68 cand=OUT[0,2]|RET[0,3]|OUT[0,5]|RET[0,6]|OUT[0,7]|RET[0,9]|OUT[0,12]|RET[0,13]|OUT[0,17]|RET[0,18]|OUT[0,19]|RET[0,20]|...(+12) theta_out=2934.0000299999992 theta_ret=1626.0000300000002 theta_total=4560.000059999999 rec_out=2934.00003 rec_ret=1626.00003 rec_total=4560.00006 raw_rhs_out=2934.0000299999997 raw_rhs_ret=1626.0000300000002 raw_rhs_total=4560.00006 raw_gap=0.0 lhs_out=2934.0000299999992 lhs_ret=1626.0000300000002 lhs_total=4560.000059999999 rhs_out=2934.0000299999992 rhs_ret=1626.0000300000002 rhs_total=4560.000059999999 tol_master=1e-08 tol_filter=None skip=not_violated_directional
[CUT SUMMARY] it=68 cand=OUT[0,2]|RET[0,3]|OUT[0,5]|RET[0,6]|OUT[0,7]|RET[0,9]|OUT[0,12]|RET[0,13]|OUT[0,17]|RET[0,18]|OUT[0,19]|RET[0,20]|...(+12) decision=None skip=not_violated_directional theta_total=4560.000059999999 rec_total=4560.00006 raw_rhs_total=4560.00006 rhs_total=4560.000059999999 lhs_total=4560.000059999999
Timing: master=1.528s sp_solve=0.020s cutgen=0.021s cutadd=0.001s cuts_added=0 total_cuts=23
MP stats: nodes=1614 best_bound=4561.371552163825 incumbent=4561.99006 gap=0.00013557851464827598
[CHECK] GAP: LB=4476.07 UB=4515.99 gap=39.9164 rel=0.00884

=== Iteration 69 ===
Solving Master (MP)...
[TIGHTEN] no new cuts for 45 iters: time_limit_s=568 mipgap=0.001
[MIPSTART] x-only start applied: n_out=44 n_ret=44
[MP] Wrote LP: Report\master_iter_069_cuts_023_20260806_051324.lp
2026-08-06 05:13:26,338 INFO | mobauto2_benders.benders.solver | iter=69 master status=SolveStatus.FEASIBLE obj=4561.99 lb=4561.37
Solver log file: C:\Users\fabio\AppData\Local\Temp\tmpkk5o5rwb.log
MP raw solver: status=ok term=optimal incumbent=4561.99006 best_bound=4561.371552163825
MP solutions: count=1 keys=['Gap', 'Status', 'Message', 'Problem', 'Objective', 'Variable', 'Constraint']
[MP] Solver log: Report\master_iter_069_cuts_023_20260806_051324.log
Shuttle totals (OUT+RET): q0=12, q1=12
MP stats (solver): nodes=1614 best_bound=4561.371552163825 incumbent=4561.99006 gap=0.00013557851464827598
MP result: status=SolveStatus.FEASIBLE obj=4561.99 lb=4561.37
[CHECK] MP: first=1.99 theta=4560 mp_total=4561.99 inc_obj=4561.99 best_bound=4561.37
[CHECK] MP bounds: mp_obj=4561.99 mp_best_bound=4561.37 mp_best_integer=4561.99 term=optimal status=ok gap=0.000135579
[MP] iter=69 incumbent=4561.99 best_bound=4561.37 gap=0.000135579 (src: inc=cplex_api bb=cplex_api gap=cplex_api)
[MP] iter=69 cuts=23 obj=4561.990 last_const=17369.000 last_nnz=27
[MW] core updated (t=0..): min=0.001 max=2 mean=0.546
Evaluating Subproblem (SP) at candidate...
2026-08-06 05:13:26,474 WARNING | mobauto2_benders.benders.solver | [CHECK FAIL] LB exceeds UB: LB=4561.37 UB=4515.99
2026-08-06 05:13:26,474 WARNING | mobauto2_benders.benders.solver | [CHECK] LB invalid; reverting to previous LB=4476.07
2026-08-06 05:13:26,474 INFO | mobauto2_benders.benders.solver | bounds: best_lb=4476.07 best_ub=4515.99 gap=39.9164 rel=0.00884
SP result: recourse=4560 feasible=True
[SP PIPELINE] iter=69 build=0.000s solve=0.000s extract=0.000s post=0.000s cutgen=0.030s mode=mw lb_valid=True tl_inc=False vars=- bin=- cons=- lp=-
[CHECK] SP: recourse=4560 first=1.99 sp_total=4561.99
[CUT TIGHTNESS] raw_line(y)=4560  SP_ub=4560  diff=-1.82e-12
[CUT DEBUG] Not violated (dir). viol_out=0 viol_ret=0
[CUT DEBUG] Not violated (dir). viol_out=0 viol_ret=0
Master updated: no new cuts (all skipped / duplicates)
[CUT ATTEMPT] it=69 cand=OUT[0,2]|RET[0,3]|OUT[0,5]|RET[0,6]|OUT[0,7]|RET[0,9]|OUT[0,12]|RET[0,13]|OUT[0,17]|RET[0,18]|OUT[0,19]|RET[0,20]|...(+12) theta_out=2934.0000299999992 theta_ret=1626.0000300000002 theta_total=4560.000059999999 rec_out=2934.00003 rec_ret=1626.00003 rec_total=4560.00006 raw_rhs_out=2934.0000299999997 raw_rhs_ret=1626.0000300000002 raw_rhs_total=4560.00006 raw_gap=0.0 lhs_out=2934.0000299999992 lhs_ret=1626.0000300000002 lhs_total=4560.000059999999 rhs_out=2934.0000299999992 rhs_ret=1626.0000300000002 rhs_total=4560.000059999999 tol_master=1e-08 tol_filter=None skip=not_violated_directional
[CUT SUMMARY] it=69 cand=OUT[0,2]|RET[0,3]|OUT[0,5]|RET[0,6]|OUT[0,7]|RET[0,9]|OUT[0,12]|RET[0,13]|OUT[0,17]|RET[0,18]|OUT[0,19]|RET[0,20]|...(+12) decision=None skip=not_violated_directional theta_total=4560.000059999999 rec_total=4560.00006 raw_rhs_total=4560.00006 rhs_total=4560.000059999999 lhs_total=4560.000059999999
Timing: master=1.621s sp_solve=0.028s cutgen=0.030s cutadd=0.003s cuts_added=0 total_cuts=23
MP stats: nodes=1614 best_bound=4561.371552163825 incumbent=4561.99006 gap=0.00013557851464827598
[CHECK] GAP: LB=4476.07 UB=4515.99 gap=39.9164 rel=0.00884

=== Iteration 70 ===
Solving Master (MP)...
[TIGHTEN] no new cuts for 46 iters: time_limit_s=568 mipgap=0.001
[MIPSTART] x-only start applied: n_out=44 n_ret=44
[MP] Wrote LP: Report\master_iter_070_cuts_023_20260806_051326.lp
2026-08-06 05:13:27,953 INFO | mobauto2_benders.benders.solver | iter=70 master status=SolveStatus.FEASIBLE obj=4561.99 lb=4561.37
Solver log file: C:\Users\fabio\AppData\Local\Temp\tmp1wfp_cbz.log
MP raw solver: status=ok term=optimal incumbent=4561.99006 best_bound=4561.371552163825
MP solutions: count=1 keys=['Gap', 'Status', 'Message', 'Problem', 'Objective', 'Variable', 'Constraint']
[MP] Solver log: Report\master_iter_070_cuts_023_20260806_051326.log
Shuttle totals (OUT+RET): q0=12, q1=12
MP stats (solver): nodes=1614 best_bound=4561.371552163825 incumbent=4561.99006 gap=0.00013557851464827598
MP result: status=SolveStatus.FEASIBLE obj=4561.99 lb=4561.37
[CHECK] MP: first=1.99 theta=4560 mp_total=4561.99 inc_obj=4561.99 best_bound=4561.37
[CHECK] MP bounds: mp_obj=4561.99 mp_best_bound=4561.37 mp_best_integer=4561.99 term=optimal status=ok gap=0.000135579
[MP] iter=70 incumbent=4561.99 best_bound=4561.37 gap=0.000135579 (src: inc=cplex_api bb=cplex_api gap=cplex_api)
[MP] iter=70 cuts=23 obj=4561.990 last_const=17369.000 last_nnz=27
[MW] core updated (t=0..): min=0.001 max=2 mean=0.546
Evaluating Subproblem (SP) at candidate...
2026-08-06 05:13:28,133 WARNING | mobauto2_benders.benders.solver | [CHECK FAIL] LB exceeds UB: LB=4561.37 UB=4515.99
2026-08-06 05:13:28,133 WARNING | mobauto2_benders.benders.solver | [CHECK] LB invalid; reverting to previous LB=4476.07
2026-08-06 05:13:28,133 INFO | mobauto2_benders.benders.solver | bounds: best_lb=4476.07 best_ub=4515.99 gap=39.9164 rel=0.00884
SP result: recourse=4560 feasible=True
[SP PIPELINE] iter=70 build=0.000s solve=0.000s extract=0.000s post=0.000s cutgen=0.024s mode=mw lb_valid=True tl_inc=False vars=- bin=- cons=- lp=-
[CHECK] SP: recourse=4560 first=1.99 sp_total=4561.99
[CUT TIGHTNESS] raw_line(y)=4560  SP_ub=4560  diff=-1.82e-12
[CUT DEBUG] Not violated (dir). viol_out=0 viol_ret=0
[CUT DEBUG] Not violated (dir). viol_out=0 viol_ret=0
Master updated: no new cuts (all skipped / duplicates)
[CUT ATTEMPT] it=70 cand=OUT[0,2]|RET[0,3]|OUT[0,5]|RET[0,6]|OUT[0,7]|RET[0,9]|OUT[0,12]|RET[0,13]|OUT[0,17]|RET[0,18]|OUT[0,19]|RET[0,20]|...(+12) theta_out=2934.0000299999992 theta_ret=1626.0000300000002 theta_total=4560.000059999999 rec_out=2934.00003 rec_ret=1626.00003 rec_total=4560.00006 raw_rhs_out=2934.0000299999997 raw_rhs_ret=1626.0000300000002 raw_rhs_total=4560.00006 raw_gap=0.0 lhs_out=2934.0000299999992 lhs_ret=1626.0000300000002 lhs_total=4560.000059999999 rhs_out=2934.0000299999992 rhs_ret=1626.0000300000002 rhs_total=4560.000059999999 tol_master=1e-08 tol_filter=None skip=not_violated_directional
[CUT SUMMARY] it=70 cand=OUT[0,2]|RET[0,3]|OUT[0,5]|RET[0,6]|OUT[0,7]|RET[0,9]|OUT[0,12]|RET[0,13]|OUT[0,17]|RET[0,18]|OUT[0,19]|RET[0,20]|...(+12) decision=None skip=not_violated_directional theta_total=4560.000059999999 rec_total=4560.00006 raw_rhs_total=4560.00006 rhs_total=4560.000059999999 lhs_total=4560.000059999999
Timing: master=1.480s sp_solve=0.048s cutgen=0.024s cutadd=0.002s cuts_added=0 total_cuts=23
MP stats: nodes=1614 best_bound=4561.371552163825 incumbent=4561.99006 gap=0.00013557851464827598
[CHECK] GAP: LB=4476.07 UB=4515.99 gap=39.9164 rel=0.00884

=== Iteration 71 ===
Solving Master (MP)...
[TIGHTEN] no new cuts for 47 iters: time_limit_s=568 mipgap=0.001
[MIPSTART] x-only start applied: n_out=44 n_ret=44
[MP] Wrote LP: Report\master_iter_071_cuts_023_20260806_051328.lp
2026-08-06 05:13:29,673 INFO | mobauto2_benders.benders.solver | iter=71 master status=SolveStatus.FEASIBLE obj=4561.99 lb=4561.37
Solver log file: C:\Users\fabio\AppData\Local\Temp\tmp2waz1dcx.log
MP raw solver: status=ok term=optimal incumbent=4561.99006 best_bound=4561.371552163825
MP solutions: count=1 keys=['Gap', 'Status', 'Message', 'Problem', 'Objective', 'Variable', 'Constraint']
[MP] Solver log: Report\master_iter_071_cuts_023_20260806_051328.log
Shuttle totals (OUT+RET): q0=12, q1=12
MP stats (solver): nodes=1614 best_bound=4561.371552163825 incumbent=4561.99006 gap=0.00013557851464827598
MP result: status=SolveStatus.FEASIBLE obj=4561.99 lb=4561.37
[CHECK] MP: first=1.99 theta=4560 mp_total=4561.99 inc_obj=4561.99 best_bound=4561.37
[CHECK] MP bounds: mp_obj=4561.99 mp_best_bound=4561.37 mp_best_integer=4561.99 term=optimal status=ok gap=0.000135579
[MP] iter=71 incumbent=4561.99 best_bound=4561.37 gap=0.000135579 (src: inc=cplex_api bb=cplex_api gap=cplex_api)
[MP] iter=71 cuts=23 obj=4561.990 last_const=17369.000 last_nnz=27
[MW] core updated (t=0..): min=0.001 max=2 mean=0.546
Evaluating Subproblem (SP) at candidate...
2026-08-06 05:13:29,773 WARNING | mobauto2_benders.benders.solver | [CHECK FAIL] LB exceeds UB: LB=4561.37 UB=4515.99
2026-08-06 05:13:29,773 WARNING | mobauto2_benders.benders.solver | [CHECK] LB invalid; reverting to previous LB=4476.07
2026-08-06 05:13:29,773 INFO | mobauto2_benders.benders.solver | bounds: best_lb=4476.07 best_ub=4515.99 gap=39.9164 rel=0.00884
SP result: recourse=4560 feasible=True
[SP PIPELINE] iter=71 build=0.000s solve=0.000s extract=0.000s post=0.000s cutgen=0.020s mode=mw lb_valid=True tl_inc=False vars=- bin=- cons=- lp=-
[CHECK] SP: recourse=4560 first=1.99 sp_total=4561.99
[CUT TIGHTNESS] raw_line(y)=4560  SP_ub=4560  diff=-1.82e-12
[CUT DEBUG] Not violated (dir). viol_out=0 viol_ret=0
[CUT DEBUG] Not violated (dir). viol_out=0 viol_ret=0
Master updated: no new cuts (all skipped / duplicates)
[CUT ATTEMPT] it=71 cand=OUT[0,2]|RET[0,3]|OUT[0,5]|RET[0,6]|OUT[0,7]|RET[0,9]|OUT[0,12]|RET[0,13]|OUT[0,17]|RET[0,18]|OUT[0,19]|RET[0,20]|...(+12) theta_out=2934.0000299999992 theta_ret=1626.0000300000002 theta_total=4560.000059999999 rec_out=2934.00003 rec_ret=1626.00003 rec_total=4560.00006 raw_rhs_out=2934.0000299999997 raw_rhs_ret=1626.0000300000002 raw_rhs_total=4560.00006 raw_gap=0.0 lhs_out=2934.0000299999992 lhs_ret=1626.0000300000002 lhs_total=4560.000059999999 rhs_out=2934.0000299999992 rhs_ret=1626.0000300000002 rhs_total=4560.000059999999 tol_master=1e-08 tol_filter=None skip=not_violated_directional
[CUT SUMMARY] it=71 cand=OUT[0,2]|RET[0,3]|OUT[0,5]|RET[0,6]|OUT[0,7]|RET[0,9]|OUT[0,12]|RET[0,13]|OUT[0,17]|RET[0,18]|OUT[0,19]|RET[0,20]|...(+12) decision=None skip=not_violated_directional theta_total=4560.000059999999 rec_total=4560.00006 raw_rhs_total=4560.00006 rhs_total=4560.000059999999 lhs_total=4560.000059999999
Timing: master=1.543s sp_solve=0.020s cutgen=0.020s cutadd=0.002s cuts_added=0 total_cuts=23
MP stats: nodes=1614 best_bound=4561.371552163825 incumbent=4561.99006 gap=0.00013557851464827598
[CHECK] GAP: LB=4476.07 UB=4515.99 gap=39.9164 rel=0.00884

=== Iteration 72 ===
Solving Master (MP)...
[TIGHTEN] no new cuts for 48 iters: time_limit_s=568 mipgap=0.001
[MIPSTART] x-only start applied: n_out=44 n_ret=44
[MP] Wrote LP: Report\master_iter_072_cuts_023_20260806_051329.lp
2026-08-06 05:13:31,446 INFO | mobauto2_benders.benders.solver | iter=72 master status=SolveStatus.FEASIBLE obj=4561.99 lb=4561.37
Solver log file: C:\Users\fabio\AppData\Local\Temp\tmpfwxp597m.log
MP raw solver: status=ok term=optimal incumbent=4561.99006 best_bound=4561.371552163825
MP solutions: count=1 keys=['Gap', 'Status', 'Message', 'Problem', 'Objective', 'Variable', 'Constraint']
[MP] Solver log: Report\master_iter_072_cuts_023_20260806_051329.log
Shuttle totals (OUT+RET): q0=12, q1=12
MP stats (solver): nodes=1614 best_bound=4561.371552163825 incumbent=4561.99006 gap=0.00013557851464827598
MP result: status=SolveStatus.FEASIBLE obj=4561.99 lb=4561.37
[CHECK] MP: first=1.99 theta=4560 mp_total=4561.99 inc_obj=4561.99 best_bound=4561.37
[CHECK] MP bounds: mp_obj=4561.99 mp_best_bound=4561.37 mp_best_integer=4561.99 term=optimal status=ok gap=0.000135579
[MP] iter=72 incumbent=4561.99 best_bound=4561.37 gap=0.000135579 (src: inc=cplex_api bb=cplex_api gap=cplex_api)
[MP] iter=72 cuts=23 obj=4561.990 last_const=17369.000 last_nnz=27
[MW] core updated (t=0..): min=0.001 max=2 mean=0.546
Evaluating Subproblem (SP) at candidate...
2026-08-06 05:13:31,554 WARNING | mobauto2_benders.benders.solver | [CHECK FAIL] LB exceeds UB: LB=4561.37 UB=4515.99
2026-08-06 05:13:31,554 WARNING | mobauto2_benders.benders.solver | [CHECK] LB invalid; reverting to previous LB=4476.07
2026-08-06 05:13:31,556 INFO | mobauto2_benders.benders.solver | bounds: best_lb=4476.07 best_ub=4515.99 gap=39.9164 rel=0.00884
SP result: recourse=4560 feasible=True
[SP PIPELINE] iter=72 build=0.000s solve=0.000s extract=0.000s post=0.000s cutgen=0.020s mode=mw lb_valid=True tl_inc=False vars=- bin=- cons=- lp=-
[CHECK] SP: recourse=4560 first=1.99 sp_total=4561.99
[CUT TIGHTNESS] raw_line(y)=4560  SP_ub=4560  diff=-1.82e-12
[CUT DEBUG] Not violated (dir). viol_out=0 viol_ret=0
[CUT DEBUG] Not violated (dir). viol_out=0 viol_ret=0
Master updated: no new cuts (all skipped / duplicates)
[CUT ATTEMPT] it=72 cand=OUT[0,2]|RET[0,3]|OUT[0,5]|RET[0,6]|OUT[0,7]|RET[0,9]|OUT[0,12]|RET[0,13]|OUT[0,17]|RET[0,18]|OUT[0,19]|RET[0,20]|...(+12) theta_out=2934.0000299999992 theta_ret=1626.0000300000002 theta_total=4560.000059999999 rec_out=2934.00003 rec_ret=1626.00003 rec_total=4560.00006 raw_rhs_out=2934.0000299999997 raw_rhs_ret=1626.0000300000002 raw_rhs_total=4560.00006 raw_gap=0.0 lhs_out=2934.0000299999992 lhs_ret=1626.0000300000002 lhs_total=4560.000059999999 rhs_out=2934.0000299999992 rhs_ret=1626.0000300000002 rhs_total=4560.000059999999 tol_master=1e-08 tol_filter=None skip=not_violated_directional
[CUT SUMMARY] it=72 cand=OUT[0,2]|RET[0,3]|OUT[0,5]|RET[0,6]|OUT[0,7]|RET[0,9]|OUT[0,12]|RET[0,13]|OUT[0,17]|RET[0,18]|OUT[0,19]|RET[0,20]|...(+12) decision=None skip=not_violated_directional theta_total=4560.000059999999 rec_total=4560.00006 raw_rhs_total=4560.00006 rhs_total=4560.000059999999 lhs_total=4560.000059999999
Timing: master=1.661s sp_solve=0.021s cutgen=0.020s cutadd=0.002s cuts_added=0 total_cuts=23
MP stats: nodes=1614 best_bound=4561.371552163825 incumbent=4561.99006 gap=0.00013557851464827598
[CHECK] GAP: LB=4476.07 UB=4515.99 gap=39.9164 rel=0.00884

=== Iteration 73 ===
Solving Master (MP)...
[TIGHTEN] no new cuts for 49 iters: time_limit_s=568 mipgap=0.001
[MIPSTART] x-only start applied: n_out=44 n_ret=44
[MP] Wrote LP: Report\master_iter_073_cuts_023_20260806_051331.lp
2026-08-06 05:13:33,066 INFO | mobauto2_benders.benders.solver | iter=73 master status=SolveStatus.FEASIBLE obj=4561.99 lb=4561.37
Solver log file: C:\Users\fabio\AppData\Local\Temp\tmp7nn9h9b5.log
MP raw solver: status=ok term=optimal incumbent=4561.99006 best_bound=4561.371552163825
MP solutions: count=1 keys=['Gap', 'Status', 'Message', 'Problem', 'Objective', 'Variable', 'Constraint']
[MP] Solver log: Report\master_iter_073_cuts_023_20260806_051331.log
Shuttle totals (OUT+RET): q0=12, q1=12
MP stats (solver): nodes=1614 best_bound=4561.371552163825 incumbent=4561.99006 gap=0.00013557851464827598
MP result: status=SolveStatus.FEASIBLE obj=4561.99 lb=4561.37
[CHECK] MP: first=1.99 theta=4560 mp_total=4561.99 inc_obj=4561.99 best_bound=4561.37
[CHECK] MP bounds: mp_obj=4561.99 mp_best_bound=4561.37 mp_best_integer=4561.99 term=optimal status=ok gap=0.000135579
[MP] iter=73 incumbent=4561.99 best_bound=4561.37 gap=0.000135579 (src: inc=cplex_api bb=cplex_api gap=cplex_api)
[MP] iter=73 cuts=23 obj=4561.990 last_const=17369.000 last_nnz=27
[MW] core updated (t=0..): min=0.001 max=2 mean=0.546
Evaluating Subproblem (SP) at candidate...
2026-08-06 05:13:33,173 WARNING | mobauto2_benders.benders.solver | [CHECK FAIL] LB exceeds UB: LB=4561.37 UB=4515.99
2026-08-06 05:13:33,173 WARNING | mobauto2_benders.benders.solver | [CHECK] LB invalid; reverting to previous LB=4476.07
2026-08-06 05:13:33,175 INFO | mobauto2_benders.benders.solver | bounds: best_lb=4476.07 best_ub=4515.99 gap=39.9164 rel=0.00884
SP result: recourse=4560 feasible=True
[SP PIPELINE] iter=73 build=0.000s solve=0.000s extract=0.000s post=0.000s cutgen=0.019s mode=mw lb_valid=True tl_inc=False vars=- bin=- cons=- lp=-
[CHECK] SP: recourse=4560 first=1.99 sp_total=4561.99
[CUT TIGHTNESS] raw_line(y)=4560  SP_ub=4560  diff=-1.82e-12
[CUT DEBUG] Not violated (dir). viol_out=0 viol_ret=0
[CUT DEBUG] Not violated (dir). viol_out=0 viol_ret=0
Master updated: no new cuts (all skipped / duplicates)
[CUT ATTEMPT] it=73 cand=OUT[0,2]|RET[0,3]|OUT[0,5]|RET[0,6]|OUT[0,7]|RET[0,9]|OUT[0,12]|RET[0,13]|OUT[0,17]|RET[0,18]|OUT[0,19]|RET[0,20]|...(+12) theta_out=2934.0000299999992 theta_ret=1626.0000300000002 theta_total=4560.000059999999 rec_out=2934.00003 rec_ret=1626.00003 rec_total=4560.00006 raw_rhs_out=2934.0000299999997 raw_rhs_ret=1626.0000300000002 raw_rhs_total=4560.00006 raw_gap=0.0 lhs_out=2934.0000299999992 lhs_ret=1626.0000300000002 lhs_total=4560.000059999999 rhs_out=2934.0000299999992 rhs_ret=1626.0000300000002 rhs_total=4560.000059999999 tol_master=1e-08 tol_filter=None skip=not_violated_directional
[CUT SUMMARY] it=73 cand=OUT[0,2]|RET[0,3]|OUT[0,5]|RET[0,6]|OUT[0,7]|RET[0,9]|OUT[0,12]|RET[0,13]|OUT[0,17]|RET[0,18]|OUT[0,19]|RET[0,20]|...(+12) decision=None skip=not_violated_directional theta_total=4560.000059999999 rec_total=4560.00006 raw_rhs_total=4560.00006 rhs_total=4560.000059999999 lhs_total=4560.000059999999
Timing: master=1.511s sp_solve=0.020s cutgen=0.019s cutadd=0.003s cuts_added=0 total_cuts=23
MP stats: nodes=1614 best_bound=4561.371552163825 incumbent=4561.99006 gap=0.00013557851464827598
[CHECK] GAP: LB=4476.07 UB=4515.99 gap=39.9164 rel=0.00884

=== Iteration 74 ===
Solving Master (MP)...
[TIGHTEN] no new cuts for 50 iters: time_limit_s=568 mipgap=0.001
[MIPSTART] x-only start applied: n_out=44 n_ret=44
[MP] Wrote LP: Report\master_iter_074_cuts_023_20260806_051333.lp
2026-08-06 05:13:35,351 INFO | mobauto2_benders.benders.solver | iter=74 master status=SolveStatus.FEASIBLE obj=4561.99 lb=4561.37
Solver log file: C:\Users\fabio\AppData\Local\Temp\tmp9y2dai_l.log
MP raw solver: status=ok term=optimal incumbent=4561.99006 best_bound=4561.371552163825
MP solutions: count=1 keys=['Gap', 'Status', 'Message', 'Problem', 'Objective', 'Variable', 'Constraint']
[MP] Solver log: Report\master_iter_074_cuts_023_20260806_051333.log
Shuttle totals (OUT+RET): q0=12, q1=12
MP stats (solver): nodes=1614 best_bound=4561.371552163825 incumbent=4561.99006 gap=0.00013557851464827598
MP result: status=SolveStatus.FEASIBLE obj=4561.99 lb=4561.37
[CHECK] MP: first=1.99 theta=4560 mp_total=4561.99 inc_obj=4561.99 best_bound=4561.37
[CHECK] MP bounds: mp_obj=4561.99 mp_best_bound=4561.37 mp_best_integer=4561.99 term=optimal status=ok gap=0.000135579
[MP] iter=74 incumbent=4561.99 best_bound=4561.37 gap=0.000135579 (src: inc=cplex_api bb=cplex_api gap=cplex_api)
[MP] iter=74 cuts=23 obj=4561.990 last_const=17369.000 last_nnz=27
[MW] core updated (t=0..): min=0.001 max=2 mean=0.546
Evaluating Subproblem (SP) at candidate...
2026-08-06 05:13:35,532 WARNING | mobauto2_benders.benders.solver | [CHECK FAIL] LB exceeds UB: LB=4561.37 UB=4515.99
2026-08-06 05:13:35,534 WARNING | mobauto2_benders.benders.solver | [CHECK] LB invalid; reverting to previous LB=4476.07
2026-08-06 05:13:35,534 INFO | mobauto2_benders.benders.solver | bounds: best_lb=4476.07 best_ub=4515.99 gap=39.9164 rel=0.00884
SP result: recourse=4560 feasible=True
[SP PIPELINE] iter=74 build=0.000s solve=0.000s extract=0.000s post=0.000s cutgen=0.064s mode=mw lb_valid=True tl_inc=False vars=- bin=- cons=- lp=-
[CHECK] SP: recourse=4560 first=1.99 sp_total=4561.99
[CUT TIGHTNESS] raw_line(y)=4560  SP_ub=4560  diff=-1.82e-12
[CUT DEBUG] Not violated (dir). viol_out=0 viol_ret=0
[CUT DEBUG] Not violated (dir). viol_out=0 viol_ret=0
Master updated: no new cuts (all skipped / duplicates)
[CUT ATTEMPT] it=74 cand=OUT[0,2]|RET[0,3]|OUT[0,5]|RET[0,6]|OUT[0,7]|RET[0,9]|OUT[0,12]|RET[0,13]|OUT[0,17]|RET[0,18]|OUT[0,19]|RET[0,20]|...(+12) theta_out=2934.0000299999992 theta_ret=1626.0000300000002 theta_total=4560.000059999999 rec_out=2934.00003 rec_ret=1626.00003 rec_total=4560.00006 raw_rhs_out=2934.0000299999997 raw_rhs_ret=1626.0000300000002 raw_rhs_total=4560.00006 raw_gap=0.0 lhs_out=2934.0000299999992 lhs_ret=1626.0000300000002 lhs_total=4560.000059999999 rhs_out=2934.0000299999992 rhs_ret=1626.0000300000002 rhs_total=4560.000059999999 tol_master=1e-08 tol_filter=None skip=not_violated_directional
[CUT SUMMARY] it=74 cand=OUT[0,2]|RET[0,3]|OUT[0,5]|RET[0,6]|OUT[0,7]|RET[0,9]|OUT[0,12]|RET[0,13]|OUT[0,17]|RET[0,18]|OUT[0,19]|RET[0,20]|...(+12) decision=None skip=not_violated_directional theta_total=4560.000059999999 rec_total=4560.00006 raw_rhs_total=4560.00006 rhs_total=4560.000059999999 lhs_total=4560.000059999999
Timing: master=2.177s sp_solve=0.023s cutgen=0.064s cutadd=0.002s cuts_added=0 total_cuts=23
MP stats: nodes=1614 best_bound=4561.371552163825 incumbent=4561.99006 gap=0.00013557851464827598
[CHECK] GAP: LB=4476.07 UB=4515.99 gap=39.9164 rel=0.00884

=== Iteration 75 ===
Solving Master (MP)...
[TIGHTEN] no new cuts for 51 iters: time_limit_s=568 mipgap=0.001
[MIPSTART] x-only start applied: n_out=44 n_ret=44
[MP] Wrote LP: Report\master_iter_075_cuts_023_20260806_051335.lp
2026-08-06 05:13:41,138 INFO | mobauto2_benders.benders.solver | iter=75 master status=SolveStatus.FEASIBLE obj=4561.99 lb=4561.37
Solver log file: C:\Users\fabio\AppData\Local\Temp\tmpq9xo0ov2.log
MP raw solver: status=ok term=optimal incumbent=4561.99006 best_bound=4561.371552163825
MP solutions: count=1 keys=['Gap', 'Status', 'Message', 'Problem', 'Objective', 'Variable', 'Constraint']
[MP] Solver log: Report\master_iter_075_cuts_023_20260806_051335.log
Shuttle totals (OUT+RET): q0=12, q1=12
MP stats (solver): nodes=1614 best_bound=4561.371552163825 incumbent=4561.99006 gap=0.00013557851464827598
MP result: status=SolveStatus.FEASIBLE obj=4561.99 lb=4561.37
[CHECK] MP: first=1.99 theta=4560 mp_total=4561.99 inc_obj=4561.99 best_bound=4561.37
[CHECK] MP bounds: mp_obj=4561.99 mp_best_bound=4561.37 mp_best_integer=4561.99 term=optimal status=ok gap=0.000135579
[MP] iter=75 incumbent=4561.99 best_bound=4561.37 gap=0.000135579 (src: inc=cplex_api bb=cplex_api gap=cplex_api)
[MP] iter=75 cuts=23 obj=4561.990 last_const=17369.000 last_nnz=27
[MW] core updated (t=0..): min=0.001 max=2 mean=0.546
Evaluating Subproblem (SP) at candidate...
2026-08-06 05:13:41,514 WARNING | mobauto2_benders.benders.solver | [CHECK FAIL] LB exceeds UB: LB=4561.37 UB=4515.99
2026-08-06 05:13:41,515 WARNING | mobauto2_benders.benders.solver | [CHECK] LB invalid; reverting to previous LB=4476.07
2026-08-06 05:13:41,522 INFO | mobauto2_benders.benders.solver | bounds: best_lb=4476.07 best_ub=4515.99 gap=39.9164 rel=0.00884
SP result: recourse=4560 feasible=True
[SP PIPELINE] iter=75 build=0.000s solve=0.000s extract=0.000s post=0.000s cutgen=0.054s mode=mw lb_valid=True tl_inc=False vars=- bin=- cons=- lp=-
[CHECK] SP: recourse=4560 first=1.99 sp_total=4561.99
[CUT TIGHTNESS] raw_line(y)=4560  SP_ub=4560  diff=-1.82e-12
[CUT DEBUG] Not violated (dir). viol_out=0 viol_ret=0
[CUT DEBUG] Not violated (dir). viol_out=0 viol_ret=0
Master updated: no new cuts (all skipped / duplicates)
[CUT ATTEMPT] it=75 cand=OUT[0,2]|RET[0,3]|OUT[0,5]|RET[0,6]|OUT[0,7]|RET[0,9]|OUT[0,12]|RET[0,13]|OUT[0,17]|RET[0,18]|OUT[0,19]|RET[0,20]|...(+12) theta_out=2934.0000299999992 theta_ret=1626.0000300000002 theta_total=4560.000059999999 rec_out=2934.00003 rec_ret=1626.00003 rec_total=4560.00006 raw_rhs_out=2934.0000299999997 raw_rhs_ret=1626.0000300000002 raw_rhs_total=4560.00006 raw_gap=0.0 lhs_out=2934.0000299999992 lhs_ret=1626.0000300000002 lhs_total=4560.000059999999 rhs_out=2934.0000299999992 rhs_ret=1626.0000300000002 rhs_total=4560.000059999999 tol_master=1e-08 tol_filter=None skip=not_violated_directional
[CUT SUMMARY] it=75 cand=OUT[0,2]|RET[0,3]|OUT[0,5]|RET[0,6]|OUT[0,7]|RET[0,9]|OUT[0,12]|RET[0,13]|OUT[0,17]|RET[0,18]|OUT[0,19]|RET[0,20]|...(+12) decision=None skip=not_violated_directional theta_total=4560.000059999999 rec_total=4560.00006 raw_rhs_total=4560.00006 rhs_total=4560.000059999999 lhs_total=4560.000059999999
Timing: master=5.603s sp_solve=0.066s cutgen=0.054s cutadd=0.005s cuts_added=0 total_cuts=23
MP stats: nodes=1614 best_bound=4561.371552163825 incumbent=4561.99006 gap=0.00013557851464827598
[CHECK] GAP: LB=4476.07 UB=4515.99 gap=39.9164 rel=0.00884

=== Iteration 76 ===
Solving Master (MP)...
[TIGHTEN] no new cuts for 52 iters: time_limit_s=568 mipgap=0.001
[MIPSTART] x-only start applied: n_out=44 n_ret=44
[MP] Wrote LP: Report\master_iter_076_cuts_023_20260806_051341.lp
2026-08-06 05:13:44,297 INFO | mobauto2_benders.benders.solver | iter=76 master status=SolveStatus.FEASIBLE obj=4561.99 lb=4561.37
Solver log file: C:\Users\fabio\AppData\Local\Temp\tmpshohbhjg.log
MP raw solver: status=ok term=optimal incumbent=4561.99006 best_bound=4561.371552163825
MP solutions: count=1 keys=['Gap', 'Status', 'Message', 'Problem', 'Objective', 'Variable', 'Constraint']
[MP] Solver log: Report\master_iter_076_cuts_023_20260806_051341.log
Shuttle totals (OUT+RET): q0=12, q1=12
MP stats (solver): nodes=1614 best_bound=4561.371552163825 incumbent=4561.99006 gap=0.00013557851464827598
MP result: status=SolveStatus.FEASIBLE obj=4561.99 lb=4561.37
[CHECK] MP: first=1.99 theta=4560 mp_total=4561.99 inc_obj=4561.99 best_bound=4561.37
[CHECK] MP bounds: mp_obj=4561.99 mp_best_bound=4561.37 mp_best_integer=4561.99 term=optimal status=ok gap=0.000135579
[MP] iter=76 incumbent=4561.99 best_bound=4561.37 gap=0.000135579 (src: inc=cplex_api bb=cplex_api gap=cplex_api)
[MP] iter=76 cuts=23 obj=4561.990 last_const=17369.000 last_nnz=27
[MW] core updated (t=0..): min=0.001 max=2 mean=0.546
Evaluating Subproblem (SP) at candidate...
2026-08-06 05:13:44,566 WARNING | mobauto2_benders.benders.solver | [CHECK FAIL] LB exceeds UB: LB=4561.37 UB=4515.99
2026-08-06 05:13:44,566 WARNING | mobauto2_benders.benders.solver | [CHECK] LB invalid; reverting to previous LB=4476.07
2026-08-06 05:13:44,572 INFO | mobauto2_benders.benders.solver | bounds: best_lb=4476.07 best_ub=4515.99 gap=39.9164 rel=0.00884
SP result: recourse=4560 feasible=True
[SP PIPELINE] iter=76 build=0.000s solve=0.000s extract=0.000s post=0.000s cutgen=0.049s mode=mw lb_valid=True tl_inc=False vars=- bin=- cons=- lp=-
[CHECK] SP: recourse=4560 first=1.99 sp_total=4561.99
[CUT TIGHTNESS] raw_line(y)=4560  SP_ub=4560  diff=-1.82e-12
[CUT DEBUG] Not violated (dir). viol_out=0 viol_ret=0
[CUT DEBUG] Not violated (dir). viol_out=0 viol_ret=0
Master updated: no new cuts (all skipped / duplicates)
[CUT ATTEMPT] it=76 cand=OUT[0,2]|RET[0,3]|OUT[0,5]|RET[0,6]|OUT[0,7]|RET[0,9]|OUT[0,12]|RET[0,13]|OUT[0,17]|RET[0,18]|OUT[0,19]|RET[0,20]|...(+12) theta_out=2934.0000299999992 theta_ret=1626.0000300000002 theta_total=4560.000059999999 rec_out=2934.00003 rec_ret=1626.00003 rec_total=4560.00006 raw_rhs_out=2934.0000299999997 raw_rhs_ret=1626.0000300000002 raw_rhs_total=4560.00006 raw_gap=0.0 lhs_out=2934.0000299999992 lhs_ret=1626.0000300000002 lhs_total=4560.000059999999 rhs_out=2934.0000299999992 rhs_ret=1626.0000300000002 rhs_total=4560.000059999999 tol_master=1e-08 tol_filter=None skip=not_violated_directional
[CUT SUMMARY] it=76 cand=OUT[0,2]|RET[0,3]|OUT[0,5]|RET[0,6]|OUT[0,7]|RET[0,9]|OUT[0,12]|RET[0,13]|OUT[0,17]|RET[0,18]|OUT[0,19]|RET[0,20]|...(+12) decision=None skip=not_violated_directional theta_total=4560.000059999999 rec_total=4560.00006 raw_rhs_total=4560.00006 rhs_total=4560.000059999999 lhs_total=4560.000059999999
Timing: master=2.775s sp_solve=0.054s cutgen=0.049s cutadd=0.005s cuts_added=0 total_cuts=23
MP stats: nodes=1614 best_bound=4561.371552163825 incumbent=4561.99006 gap=0.00013557851464827598
[CHECK] GAP: LB=4476.07 UB=4515.99 gap=39.9164 rel=0.00884

=== Iteration 77 ===
Solving Master (MP)...
[TIGHTEN] no new cuts for 53 iters: time_limit_s=568 mipgap=0.001
[MIPSTART] x-only start applied: n_out=44 n_ret=44
[MP] Wrote LP: Report\master_iter_077_cuts_023_20260806_051344.lp
2026-08-06 05:13:46,495 INFO | mobauto2_benders.benders.solver | iter=77 master status=SolveStatus.FEASIBLE obj=4561.99 lb=4561.37
Solver log file: C:\Users\fabio\AppData\Local\Temp\tmp0g4q87md.log
MP raw solver: status=ok term=optimal incumbent=4561.99006 best_bound=4561.371552163825
MP solutions: count=1 keys=['Gap', 'Status', 'Message', 'Problem', 'Objective', 'Variable', 'Constraint']
[MP] Solver log: Report\master_iter_077_cuts_023_20260806_051344.log
Shuttle totals (OUT+RET): q0=12, q1=12
MP stats (solver): nodes=1614 best_bound=4561.371552163825 incumbent=4561.99006 gap=0.00013557851464827598
MP result: status=SolveStatus.FEASIBLE obj=4561.99 lb=4561.37
[CHECK] MP: first=1.99 theta=4560 mp_total=4561.99 inc_obj=4561.99 best_bound=4561.37
[CHECK] MP bounds: mp_obj=4561.99 mp_best_bound=4561.37 mp_best_integer=4561.99 term=optimal status=ok gap=0.000135579
[MP] iter=77 incumbent=4561.99 best_bound=4561.37 gap=0.000135579 (src: inc=cplex_api bb=cplex_api gap=cplex_api)
[MP] iter=77 cuts=23 obj=4561.990 last_const=17369.000 last_nnz=27
[MW] core updated (t=0..): min=0.001 max=2 mean=0.546
Evaluating Subproblem (SP) at candidate...
2026-08-06 05:13:46,851 WARNING | mobauto2_benders.benders.solver | [CHECK FAIL] LB exceeds UB: LB=4561.37 UB=4515.99
2026-08-06 05:13:46,852 WARNING | mobauto2_benders.benders.solver | [CHECK] LB invalid; reverting to previous LB=4476.07
2026-08-06 05:13:46,857 INFO | mobauto2_benders.benders.solver | bounds: best_lb=4476.07 best_ub=4515.99 gap=39.9164 rel=0.00884
SP result: recourse=4560 feasible=True
[SP PIPELINE] iter=77 build=0.000s solve=0.000s extract=0.000s post=0.000s cutgen=0.066s mode=mw lb_valid=True tl_inc=False vars=- bin=- cons=- lp=-
[CHECK] SP: recourse=4560 first=1.99 sp_total=4561.99
[CUT TIGHTNESS] raw_line(y)=4560  SP_ub=4560  diff=-1.82e-12
[CUT DEBUG] Not violated (dir). viol_out=0 viol_ret=0
[CUT DEBUG] Not violated (dir). viol_out=0 viol_ret=0
Master updated: no new cuts (all skipped / duplicates)
[CUT ATTEMPT] it=77 cand=OUT[0,2]|RET[0,3]|OUT[0,5]|RET[0,6]|OUT[0,7]|RET[0,9]|OUT[0,12]|RET[0,13]|OUT[0,17]|RET[0,18]|OUT[0,19]|RET[0,20]|...(+12) theta_out=2934.0000299999992 theta_ret=1626.0000300000002 theta_total=4560.000059999999 rec_out=2934.00003 rec_ret=1626.00003 rec_total=4560.00006 raw_rhs_out=2934.0000299999997 raw_rhs_ret=1626.0000300000002 raw_rhs_total=4560.00006 raw_gap=0.0 lhs_out=2934.0000299999992 lhs_ret=1626.0000300000002 lhs_total=4560.000059999999 rhs_out=2934.0000299999992 rhs_ret=1626.0000300000002 rhs_total=4560.000059999999 tol_master=1e-08 tol_filter=None skip=not_violated_directional
[CUT SUMMARY] it=77 cand=OUT[0,2]|RET[0,3]|OUT[0,5]|RET[0,6]|OUT[0,7]|RET[0,9]|OUT[0,12]|RET[0,13]|OUT[0,17]|RET[0,18]|OUT[0,19]|RET[0,20]|...(+12) decision=None skip=not_violated_directional theta_total=4560.000059999999 rec_total=4560.00006 raw_rhs_total=4560.00006 rhs_total=4560.000059999999 lhs_total=4560.000059999999
Timing: master=1.922s sp_solve=0.071s cutgen=0.066s cutadd=0.005s cuts_added=0 total_cuts=23
MP stats: nodes=1614 best_bound=4561.371552163825 incumbent=4561.99006 gap=0.00013557851464827598
[CHECK] GAP: LB=4476.07 UB=4515.99 gap=39.9164 rel=0.00884

=== Iteration 78 ===
Solving Master (MP)...
[TIGHTEN] no new cuts for 54 iters: time_limit_s=568 mipgap=0.001
[MIPSTART] x-only start applied: n_out=44 n_ret=44
[MP] Wrote LP: Report\master_iter_078_cuts_023_20260806_051346.lp
2026-08-06 05:13:48,243 INFO | mobauto2_benders.benders.solver | iter=78 master status=SolveStatus.FEASIBLE obj=4561.99 lb=4561.37
Solver log file: C:\Users\fabio\AppData\Local\Temp\tmp588fflbo.log
MP raw solver: status=ok term=optimal incumbent=4561.99006 best_bound=4561.371552163825
MP solutions: count=1 keys=['Gap', 'Status', 'Message', 'Problem', 'Objective', 'Variable', 'Constraint']
[MP] Solver log: Report\master_iter_078_cuts_023_20260806_051346.log
Shuttle totals (OUT+RET): q0=12, q1=12
MP stats (solver): nodes=1614 best_bound=4561.371552163825 incumbent=4561.99006 gap=0.00013557851464827598
MP result: status=SolveStatus.FEASIBLE obj=4561.99 lb=4561.37
[CHECK] MP: first=1.99 theta=4560 mp_total=4561.99 inc_obj=4561.99 best_bound=4561.37
[CHECK] MP bounds: mp_obj=4561.99 mp_best_bound=4561.37 mp_best_integer=4561.99 term=optimal status=ok gap=0.000135579
[MP] iter=78 incumbent=4561.99 best_bound=4561.37 gap=0.000135579 (src: inc=cplex_api bb=cplex_api gap=cplex_api)
[MP] iter=78 cuts=23 obj=4561.990 last_const=17369.000 last_nnz=27
[MW] core updated (t=0..): min=0.001 max=2 mean=0.546
Evaluating Subproblem (SP) at candidate...
2026-08-06 05:13:48,484 WARNING | mobauto2_benders.benders.solver | [CHECK FAIL] LB exceeds UB: LB=4561.37 UB=4515.99
2026-08-06 05:13:48,484 WARNING | mobauto2_benders.benders.solver | [CHECK] LB invalid; reverting to previous LB=4476.07
2026-08-06 05:13:48,486 INFO | mobauto2_benders.benders.solver | bounds: best_lb=4476.07 best_ub=4515.99 gap=39.9164 rel=0.00884
2026-08-06 05:13:48,487 WARNING | mobauto2_benders.benders.solver | Time limit reached after 78 iterations
SP result: recourse=4560 feasible=True
[SP PIPELINE] iter=78 build=0.000s solve=0.000s extract=0.000s post=0.000s cutgen=0.052s mode=mw lb_valid=True tl_inc=False vars=- bin=- cons=- lp=-
[CHECK] SP: recourse=4560 first=1.99 sp_total=4561.99
[CUT TIGHTNESS] raw_line(y)=4560  SP_ub=4560  diff=-1.82e-12
[CUT DEBUG] Not violated (dir). viol_out=0 viol_ret=0
[CUT DEBUG] Not violated (dir). viol_out=0 viol_ret=0
Master updated: no new cuts (all skipped / duplicates)
[CUT ATTEMPT] it=78 cand=OUT[0,2]|RET[0,3]|OUT[0,5]|RET[0,6]|OUT[0,7]|RET[0,9]|OUT[0,12]|RET[0,13]|OUT[0,17]|RET[0,18]|OUT[0,19]|RET[0,20]|...(+12) theta_out=2934.0000299999992 theta_ret=1626.0000300000002 theta_total=4560.000059999999 rec_out=2934.00003 rec_ret=1626.00003 rec_total=4560.00006 raw_rhs_out=2934.0000299999997 raw_rhs_ret=1626.0000300000002 raw_rhs_total=4560.00006 raw_gap=0.0 lhs_out=2934.0000299999992 lhs_ret=1626.0000300000002 lhs_total=4560.000059999999 rhs_out=2934.0000299999992 rhs_ret=1626.0000300000002 rhs_total=4560.000059999999 tol_master=1e-08 tol_filter=None skip=not_violated_directional
[CUT SUMMARY] it=78 cand=OUT[0,2]|RET[0,3]|OUT[0,5]|RET[0,6]|OUT[0,7]|RET[0,9]|OUT[0,12]|RET[0,13]|OUT[0,17]|RET[0,18]|OUT[0,19]|RET[0,20]|...(+12) decision=None skip=not_violated_directional theta_total=4560.000059999999 rec_total=4560.00006 raw_rhs_total=4560.00006 rhs_total=4560.000059999999 lhs_total=4560.000059999999
Timing: master=1.385s sp_solve=0.039s cutgen=0.052s cutadd=0.002s cuts_added=0 total_cuts=23
MP stats: nodes=1614 best_bound=4561.371552163825 incumbent=4561.99006 gap=0.00013557851464827598
[CHECK] GAP: LB=4476.07 UB=4515.99 gap=39.9164 rel=0.00884

Time limit reached after 78 iterations.
Total solve time: 120.435 seconds
Best bounds: LB=4476.07 UB=4515.99 gap=39.9164 rel=0.00884

Best Master Solution:
Q=2 T=22
theta = 3659
  - theta_out = 2510
  - theta_ret = 1149
Timeline (per shuttle):
           0     1     2     3     4     5     6     7     8     9    10    11    12    13    14    15    16    17    18    19    20    21
  q=0:   IDL   OUT   RET   OUT   RET   CHR   OUT   RET   CHR   CHR   OUT   RET   CHR   CHR   CHR   OUT   IDL   IDL   RET   OUT   RET   IDL
  q=1:   IDL   IDL   OUT   RET   CHR   OUT   RET   OUT   IDL   RET   CHR   CHR   CHR   OUT   RET   CHR   CHR   OUT   RET   OUT   RET   IDL
Battery (per shuttle):
           0     1     2     3     4     5     6     7     8     9    10    11    12    13    14    15    16    17    18    19    20    21
  q=0:   150   150   150   120    90   125    95    65    35    35     5    40    75    45    15    50    85   120    90    60    30     0
  q=1:   150   150   150   120    90   125    95    95    65   100   135   105    75   110   145   115    85   120    90    60    30     0

Demand per slot (OUT/RET):
         0   1   2   3   4   5   6   7   8   9  10  11  12  13  14  15  16  17  18  19  20  21
  OUT:  19  22  29  22  17   8   4   4   2   4   5   3   1   4   1   2   0   1   0   2   0   0
  RET:   3   1   2   0   0   4   3   7   4   4   8  12   8   7   6   7  19  15  24  16   0   0

Pax per shuttle and slot (total):
         0   1   2   3   4   5   6   7   8   9  10  11  12  13  14  15  16  17  18  19  20  21
  q=0:   0  15   4  15   0   0  15   3   0   0   6  12   0   0   0   5   0   0  15   1  15   0
  q=1:   0   0  15   2   0  15   4  12   0  11   0   0   0   4  15   0   0   2  15   0  15   0
Pax served: 216/300
Pax served: 216/300
Subproblem (last): obj=4515 wait_slots=315 fill_eps=3e-05 penalty_cost=4200 penalty_pax=84 total_demand=300
Avg wait (min): 43.75
UB_total (best): 4515.99

Result: status=UNKNOWN iterations=78 best_lb=4476.073608137006 best_ub=4515.99003
