Run configuration:
  solver: iterations=200 tol=0.001 time_limit_s=120 seed=42
  master: solver=cplex Q=2 T_minutes=660 slot_res=30 (slots=22) trip_dur_min=30 Emax=150.0 L=30.0 eps=0.01 conc_pen=0.25 delta_chg=35.0
  subproblem: solver=cplex_direct S=15.0 Wmax=60 p=50.0 fill_eps=1e-06 (slot_res=30)
  demand_file: setups/base.yaml
Initialized master problem.
[MW] enabled=True alpha=0.3 eps=0.001

=== Iteration 1 ===
Solving Master (MP)...
[SCHEDULE] master gap-tied: time_limit_s=102 mipgap=0.05 g_bd=0.05
[MP] Wrote LP: Report\master_iter_001_cuts_000_20260806_045438.lp
2026-08-06 04:54:38,235 INFO | mobauto2_benders.benders.solver | iter=1 master status=SolveStatus.OPTIMAL obj=0 lb=0
Solver log file: C:\Users\fabio\AppData\Local\Temp\tmp9lff9qmg.log
MP raw solver: status=ok term=optimal incumbent=0.0 best_bound=0.0
MP solutions: count=1 keys=['Gap', 'Status', 'Message', 'Problem', 'Objective', 'Variable', 'Constraint']
[MP] Solver log: Report\master_iter_001_cuts_000_20260806_045438.log
Shuttle totals (OUT+RET): q0=0, q1=0
MP stats (solver): nodes=0 best_bound=0.0 incumbent=0.0 gap=0.0
MP result: status=SolveStatus.OPTIMAL obj=0 lb=0
[CHECK] MP: first=0 theta=0 mp_total=0 inc_obj=0 best_bound=0
[CHECK] MP bounds: mp_obj=0 mp_best_bound=0 mp_best_integer=0 term=optimal status=ok gap=0
[MP] iter=1 incumbent=0 best_bound=0 gap=0 (src: inc=cplex_api bb=cplex_api gap=cplex_api)
[MP] iter=1 cuts=0 obj=0.000
[MW] core updated (t=0..): min=0.7 max=0.7 mean=0.7
Evaluating Subproblem (SP) at candidate...
2026-08-06 04:54:38,303 INFO | mobauto2_benders.benders.solver | force-added CutType.OPTIMALITY cut 'opt_cut'
2026-08-06 04:54:38,303 INFO | mobauto2_benders.benders.solver | added 1 cut(s)
2026-08-06 04:54:38,303 INFO | mobauto2_benders.benders.solver | bounds: best_lb=0 best_ub=15000 gap=15000 rel=1
SP result: recourse=15000 feasible=True
[SP PIPELINE] iter=1 build=0.000s solve=0.000s extract=0.000s post=0.000s cutgen=0.014s mode=mw lb_valid=True tl_inc=False vars=- bin=- cons=- lp=-
[CHECK] SP: recourse=15000 first=0 sp_total=15000
[CUT TIGHTNESS] raw_line(y)=15000  SP_ub=15000  diff=0
[BENDERS] Added cut #0: const_out=7500, const_ret=7500, nnz=41, slope_range=[-735,-720], raw_pos_dm=0, scale=1
[BENDERS] Eval cut (dir): OUT lhs=0 rhs=7500; RET lhs=0 rhs=7500
Master updated: added 1 cut(s): opt_cut
[CUT SUMMARY] it=1 cand=candidate:idle decision=added skip=None theta_total=0.0 rec_total=15000.0 raw_rhs_total=15000.0 rhs_total=15000.0 lhs_total=0.0
Timing: master=0.080s sp_solve=0.012s cutgen=0.014s cutadd=0.001s cuts_added=1 total_cuts=1
MP stats: nodes=0 best_bound=0.0 incumbent=0.0 gap=0.0
[CHECK] GAP: LB=0 UB=15000 gap=15000 rel=1

=== Iteration 2 ===
Solving Master (MP)...
[SCHEDULE] master gap-tied: time_limit_s=102 mipgap=0.05 g_bd=1
[MIPSTART] x-only start applied: n_out=44 n_ret=44
[MP] Wrote LP: Report\master_iter_002_cuts_001_20260806_045438.lp
Warning:  No solution found from 1 MIP starts.
2026-08-06 04:54:38,454 INFO | mobauto2_benders.benders.solver | iter=2 master status=SolveStatus.OPTIMAL obj=0.22 lb=0.22
Solver log file: C:\Users\fabio\AppData\Local\Temp\tmp1b5_1y57.log
MP raw solver: status=ok term=optimal incumbent=0.22000000000000003 best_bound=0.22000000000000003
MP solutions: count=1 keys=['Gap', 'Status', 'Message', 'Problem', 'Objective', 'Variable', 'Constraint']
[MP] Solver log: Report\master_iter_002_cuts_001_20260806_045438.log
Shuttle totals (OUT+RET): q0=12, q1=10
MP stats (solver): nodes=0 best_bound=0.22000000000000003 incumbent=0.22000000000000003 gap=0.0
MP result: status=SolveStatus.OPTIMAL obj=0.22 lb=0.22
[CHECK] MP: first=0.22 theta=0 mp_total=0.22 inc_obj=0.22 best_bound=0.22
[CHECK] MP bounds: mp_obj=0.22 mp_best_bound=0.22 mp_best_integer=0.22 term=optimal status=ok gap=0
[MP] iter=2 incumbent=0.22 best_bound=0.22 gap=0 (src: inc=cplex_api bb=cplex_api gap=cplex_api)
[MP] iter=2 cuts=1 obj=0.220 last_const=15000.000 last_nnz=41
[MW] core updated (t=0..): min=0.49 max=0.79 mean=0.64
Evaluating Subproblem (SP) at candidate...
2026-08-06 04:54:38,519 INFO | mobauto2_benders.benders.solver | force-added CutType.OPTIMALITY cut 'opt_cut'
2026-08-06 04:54:38,519 INFO | mobauto2_benders.benders.solver | added 1 cut(s)
2026-08-06 04:54:38,519 INFO | mobauto2_benders.benders.solver | bounds: best_lb=0.22 best_ub=5541.22 gap=5541 rel=1
SP result: recourse=5541 feasible=True
[SP PIPELINE] iter=2 build=0.000s solve=0.000s extract=0.000s post=0.000s cutgen=0.013s mode=mw lb_valid=True tl_inc=False vars=- bin=- cons=- lp=-
[CHECK] SP: recourse=5541 first=0.22 sp_total=5541.22
[CUT TIGHTNESS] raw_line(y)=5541  SP_ub=5541  diff=0
[BENDERS] Added cut #1: const_out=5804, const_ret=4162, nnz=24, slope_range=[-735,-15], raw_pos_dm=0, scale=1
[BENDERS] Eval cut (dir): OUT lhs=0 rhs=3599; RET lhs=0 rhs=1942
Master updated: added 1 cut(s): opt_cut
[CUT SUMMARY] it=2 cand=OUT[0,2]|RET[0,3]|OUT[0,5]|RET[0,6]|OUT[0,7]|RET[0,8]|OUT[0,12]|RET[0,13]|OUT[0,16]|RET[0,17]|OUT[0,18]|RET[0,19]|...(+10) decision=added skip=None theta_total=0.0 rec_total=5541.0 raw_rhs_total=5541.0 rhs_total=5541.0 lhs_total=0.0
Timing: master=0.138s sp_solve=0.014s cutgen=0.013s cutadd=0.001s cuts_added=1 total_cuts=2
MP stats: nodes=0 best_bound=0.22000000000000003 incumbent=0.22000000000000003 gap=0.0
[CHECK] GAP: LB=0.22 UB=5541.22 gap=5541 rel=1

=== Iteration 3 ===
Solving Master (MP)...
[SCHEDULE] master gap-tied: time_limit_s=102 mipgap=0.05 g_bd=1
[MIPSTART] x-only start applied: n_out=44 n_ret=44
[MP] Wrote LP: Report\master_iter_003_cuts_002_20260806_045438.lp
Warning:  No solution found from 1 MIP starts.
2026-08-06 04:54:38,827 INFO | mobauto2_benders.benders.solver | iter=3 master status=SolveStatus.FEASIBLE obj=1350.47 lb=1294.79
Solver log file: C:\Users\fabio\AppData\Local\Temp\tmpgwto05hm.log
MP raw solver: status=ok term=optimal incumbent=1350.4699999999998 best_bound=1294.7889560439555
MP solutions: count=1 keys=['Gap', 'Status', 'Message', 'Problem', 'Objective', 'Variable', 'Constraint']
[MP] Solver log: Report\master_iter_003_cuts_002_20260806_045438.log
Shuttle totals (OUT+RET): q0=12, q1=10
MP stats (solver): nodes=0 best_bound=1294.7889560439555 incumbent=1350.4699999999998 gap=0.041230863296511704
MP result: status=SolveStatus.FEASIBLE obj=1350.47 lb=1294.79
[CHECK] MP: first=1.47 theta=1349 mp_total=1350.47 inc_obj=1350.47 best_bound=1294.79
[CHECK] MP bounds: mp_obj=1350.47 mp_best_bound=1294.79 mp_best_integer=1350.47 term=optimal status=ok gap=0.0412309
[MP] iter=3 incumbent=1350.47 best_bound=1294.79 gap=0.0412309 (src: inc=cplex_api bb=cplex_api gap=cplex_api)
[MP] iter=3 cuts=2 obj=1350.470 last_const=9966.000 last_nnz=24
[MW] core updated (t=0..): min=0.343 max=0.943 mean=0.598
Evaluating Subproblem (SP) at candidate...
2026-08-06 04:54:38,887 INFO | mobauto2_benders.benders.solver | force-added CutType.OPTIMALITY cut 'opt_cut'
2026-08-06 04:54:38,887 INFO | mobauto2_benders.benders.solver | added 1 cut(s)
2026-08-06 04:54:38,887 INFO | mobauto2_benders.benders.solver | bounds: best_lb=1294.79 best_ub=5541.22 gap=4246.43 rel=0.766
SP result: recourse=6996 feasible=True
[SP PIPELINE] iter=3 build=0.000s solve=0.000s extract=0.000s post=0.000s cutgen=0.013s mode=mw lb_valid=True tl_inc=False vars=- bin=- cons=- lp=-
[CHECK] SP: recourse=6996 first=1.47 sp_total=6997.47
[CUT TIGHTNESS] raw_line(y)=6996  SP_ub=6996  diff=-9.09e-13
[BENDERS] Added cut #2: const_out=5356, const_ret=5315, nnz=29, slope_range=[-735,-15], raw_pos_dm=0, scale=1
[BENDERS] Eval cut (dir): OUT lhs=1349 rhs=3886; RET lhs=0 rhs=3110
Master updated: added 1 cut(s): opt_cut
[CUT SUMMARY] it=3 cand=OUT[0,1]|RET[0,2]|OUT[0,3]|RET[0,4]|OUT[0,8]|RET[0,9]|OUT[0,11]|RET[0,12]|OUT[0,14]|RET[0,17]|OUT[0,19]|RET[0,20]|...(+10) decision=added skip=None theta_total=1349.0 rec_total=6996.000009 raw_rhs_total=6996.000009 rhs_total=6996.000009000001 lhs_total=1349.0
Timing: master=0.310s sp_solve=0.012s cutgen=0.013s cutadd=0.001s cuts_added=1 total_cuts=3
MP stats: nodes=0 best_bound=1294.7889560439555 incumbent=1350.4699999999998 gap=0.041230863296511704
[CHECK] GAP: LB=1294.79 UB=5541.22 gap=4246.43 rel=0.766

=== Iteration 4 ===
Solving Master (MP)...
[SCHEDULE] master gap-tied: time_limit_s=102 mipgap=0.05 g_bd=0.766
[MIPSTART] x-only start applied: n_out=44 n_ret=44
[MP] Wrote LP: Report\master_iter_004_cuts_003_20260806_045438.lp
Warning:  No solution found from 1 MIP starts.
2026-08-06 04:54:39,370 INFO | mobauto2_benders.benders.solver | iter=4 master status=SolveStatus.FEASIBLE obj=1367.24 lb=1302.24
Solver log file: C:\Users\fabio\AppData\Local\Temp\tmp7rz8g5dk.log
MP raw solver: status=ok term=optimal incumbent=1367.2399999999998 best_bound=1302.2383419927814
MP solutions: count=1 keys=['Gap', 'Status', 'Message', 'Problem', 'Objective', 'Variable', 'Constraint']
[MP] Solver log: Report\master_iter_004_cuts_003_20260806_045438.log
Shuttle totals (OUT+RET): q0=12, q1=12
MP stats (solver): nodes=296 best_bound=1302.2383419927814 incumbent=1367.2399999999998 gap=0.047542244234526194
MP result: status=SolveStatus.FEASIBLE obj=1367.24 lb=1302.24
[CHECK] MP: first=3.24 theta=1364 mp_total=1367.24 inc_obj=1367.24 best_bound=1302.24
[CHECK] MP bounds: mp_obj=1367.24 mp_best_bound=1302.24 mp_best_integer=1367.24 term=optimal status=ok gap=0.0475422
[MP] iter=4 incumbent=1367.24 best_bound=1302.24 gap=0.0475422 (src: inc=cplex_api bb=cplex_api gap=cplex_api)
[MP] iter=4 cuts=3 obj=1367.240 last_const=10671.000 last_nnz=29
[MW] core updated (t=0..): min=0.24 max=1.26 mean=0.582
Evaluating Subproblem (SP) at candidate...
2026-08-06 04:54:39,449 INFO | mobauto2_benders.benders.solver | force-added CutType.OPTIMALITY cut 'opt_cut'
2026-08-06 04:54:39,449 INFO | mobauto2_benders.benders.solver | added 1 cut(s)
2026-08-06 04:54:39,451 INFO | mobauto2_benders.benders.solver | bounds: best_lb=1302.24 best_ub=5541.22 gap=4238.98 rel=0.765
SP result: recourse=6885 feasible=True
[SP PIPELINE] iter=4 build=0.000s solve=0.000s extract=0.000s post=0.000s cutgen=0.013s mode=mw lb_valid=True tl_inc=False vars=- bin=- cons=- lp=-
[CHECK] SP: recourse=6885 first=3.24 sp_total=6888.24
[CUT TIGHTNESS] raw_line(y)=6885  SP_ub=6885  diff=-2.73e-12
[BENDERS] Added cut #3: const_out=9515, const_ret=6010, nnz=30, slope_range=[-1.44e+03,-15], raw_pos_dm=0, scale=1
[BENDERS] Eval cut (dir): OUT lhs=1364 rhs=3755; RET lhs=0 rhs=3130
Master updated: added 1 cut(s): opt_cut
[CUT SUMMARY] it=4 cand=OUT[0,2]|RET[0,3]|OUT[0,5]|RET[0,7]|OUT[0,8]|RET[0,9]|OUT[0,14]|RET[0,15]|OUT[0,16]|RET[0,17]|OUT[0,19]|RET[0,20]|...(+12) decision=added skip=None theta_total=1364.0 rec_total=6885.000056 raw_rhs_total=6885.000055999996 rhs_total=6885.000056000002 lhs_total=1364.0
Timing: master=0.474s sp_solve=0.027s cutgen=0.013s cutadd=0.001s cuts_added=1 total_cuts=4
MP stats: nodes=296 best_bound=1302.2383419927814 incumbent=1367.2399999999998 gap=0.047542244234526194
[CHECK] GAP: LB=1302.24 UB=5541.22 gap=4238.98 rel=0.765

=== Iteration 5 ===
Solving Master (MP)...
[SCHEDULE] master gap-tied: time_limit_s=102 mipgap=0.05 g_bd=0.765
[MIPSTART] x-only start applied: n_out=44 n_ret=44
[MP] Wrote LP: Report\master_iter_005_cuts_004_20260806_045439.lp
Warning:  No solution found from 1 MIP starts.
2026-08-06 04:54:39,644 INFO | mobauto2_benders.benders.solver | iter=5 master status=SolveStatus.FEASIBLE obj=1427.24 lb=1361.15
Solver log file: C:\Users\fabio\AppData\Local\Temp\tmp6k_jt72w.log
MP raw solver: status=ok term=optimal incumbent=1427.2399999999998 best_bound=1361.1540860521156
MP solutions: count=1 keys=['Gap', 'Status', 'Message', 'Problem', 'Objective', 'Variable', 'Constraint']
[MP] Solver log: Report\master_iter_005_cuts_004_20260806_045439.log
Shuttle totals (OUT+RET): q0=12, q1=12
MP stats (solver): nodes=0 best_bound=1361.1540860521156 incumbent=1427.2399999999998 gap=0.04630329443392808
MP result: status=SolveStatus.FEASIBLE obj=1427.24 lb=1361.15
[CHECK] MP: first=3.24 theta=1424 mp_total=1427.24 inc_obj=1427.24 best_bound=1361.15
[CHECK] MP bounds: mp_obj=1427.24 mp_best_bound=1361.15 mp_best_integer=1427.24 term=optimal status=ok gap=0.0463033
[MP] iter=5 incumbent=1427.24 best_bound=1361.15 gap=0.0463033 (src: inc=cplex_api bb=cplex_api gap=cplex_api)
[MP] iter=5 cuts=4 obj=1427.240 last_const=15525.000 last_nnz=30
[MW] core updated (t=0..): min=0.168 max=1.44 mean=0.571
Evaluating Subproblem (SP) at candidate...
2026-08-06 04:54:39,727 INFO | mobauto2_benders.benders.solver | force-added CutType.OPTIMALITY cut 'opt_cut'
2026-08-06 04:54:39,727 INFO | mobauto2_benders.benders.solver | added 1 cut(s)
2026-08-06 04:54:39,727 INFO | mobauto2_benders.benders.solver | bounds: best_lb=1361.15 best_ub=5541.22 gap=4180.07 rel=0.754
SP result: recourse=6943 feasible=True
[SP PIPELINE] iter=5 build=0.000s solve=0.000s extract=0.000s post=0.000s cutgen=0.017s mode=mw lb_valid=True tl_inc=False vars=- bin=- cons=- lp=-
[CHECK] SP: recourse=6943 first=3.24 sp_total=6946.24
[CUT TIGHTNESS] raw_line(y)=6943  SP_ub=6943  diff=0
[BENDERS] Added cut #4: const_out=9714, const_ret=8749, nnz=32, slope_range=[-1.44e+03,-15], raw_pos_dm=0, scale=1
[BENDERS] Eval cut (dir): OUT lhs=1424 rhs=3954; RET lhs=0 rhs=2989
Master updated: added 1 cut(s): opt_cut
[CUT SUMMARY] it=5 cand=OUT[0,2]|RET[0,3]|OUT[0,5]|RET[0,7]|OUT[0,9]|RET[0,10]|OUT[0,13]|RET[0,14]|OUT[0,17]|RET[0,18]|OUT[0,19]|RET[0,20]|...(+12) decision=added skip=None theta_total=1424.0 rec_total=6943.00006 raw_rhs_total=6943.000060000002 rhs_total=6943.0000599999985 lhs_total=1424.0
Timing: master=0.192s sp_solve=0.027s cutgen=0.017s cutadd=0.001s cuts_added=1 total_cuts=5
MP stats: nodes=0 best_bound=1361.1540860521156 incumbent=1427.2399999999998 gap=0.04630329443392808
[CHECK] GAP: LB=1361.15 UB=5541.22 gap=4180.07 rel=0.754

=== Iteration 6 ===
Solving Master (MP)...
[SCHEDULE] master gap-tied: time_limit_s=102 mipgap=0.05 g_bd=0.754
[MIPSTART] x-only start applied: n_out=44 n_ret=44
[MP] Wrote LP: Report\master_iter_006_cuts_005_20260806_045439.lp
Warning:  No solution found from 1 MIP starts.
2026-08-06 04:54:40,584 INFO | mobauto2_benders.benders.solver | iter=6 master status=SolveStatus.FEASIBLE obj=2224.74 lb=2114.76
Solver log file: C:\Users\fabio\AppData\Local\Temp\tmpka3k_83a.log
MP raw solver: status=ok term=optimal incumbent=2224.74003 best_bound=2114.763596265234
MP solutions: count=1 keys=['Gap', 'Status', 'Message', 'Problem', 'Objective', 'Variable', 'Constraint']
[MP] Solver log: Report\master_iter_006_cuts_005_20260806_045439.log
Shuttle totals (OUT+RET): q0=12, q1=12
MP stats (solver): nodes=242 best_bound=2114.763596265234 incumbent=2224.74003 gap=0.04943338648640268
MP result: status=SolveStatus.FEASIBLE obj=2224.74 lb=2114.76
[CHECK] MP: first=1.74 theta=2223 mp_total=2224.74 inc_obj=2224.74 best_bound=2114.76
[CHECK] MP bounds: mp_obj=2224.74 mp_best_bound=2114.76 mp_best_integer=2224.74 term=optimal status=ok gap=0.0494334
[MP] iter=6 incumbent=2224.74 best_bound=2114.76 gap=0.0494334 (src: inc=cplex_api bb=cplex_api gap=cplex_api)
[MP] iter=6 cuts=5 obj=2224.740 last_const=18463.000 last_nnz=32
[MW] core updated (t=0..): min=0.118 max=1.61 mean=0.563
Evaluating Subproblem (SP) at candidate...
2026-08-06 04:54:40,677 INFO | mobauto2_benders.benders.solver | force-added CutType.OPTIMALITY cut 'opt_cut'
2026-08-06 04:54:40,677 INFO | mobauto2_benders.benders.solver | added 1 cut(s)
2026-08-06 04:54:40,677 INFO | mobauto2_benders.benders.solver | bounds: best_lb=2114.76 best_ub=5379.74 gap=3264.98 rel=0.607
SP result: recourse=5378 feasible=True
[SP PIPELINE] iter=6 build=0.000s solve=0.000s extract=0.000s post=0.000s cutgen=0.018s mode=mw lb_valid=True tl_inc=False vars=- bin=- cons=- lp=-
[CHECK] SP: recourse=5378 first=1.74 sp_total=5379.74
[CUT TIGHTNESS] raw_line(y)=5378  SP_ub=5378  diff=-2.73e-12
[BENDERS] Added cut #5: const_out=7472, const_ret=8016, nnz=27, slope_range=[-1.44e+03,-15], raw_pos_dm=0, scale=1
[BENDERS] Eval cut (dir): OUT lhs=2144 rhs=3122; RET lhs=79 rhs=2256
Master updated: added 1 cut(s): opt_cut
[CUT SUMMARY] it=6 cand=OUT[0,1]|RET[0,2]|OUT[0,5]|RET[0,6]|OUT[0,7]|RET[0,8]|OUT[0,12]|RET[0,13]|OUT[0,16]|RET[0,18]|OUT[0,19]|RET[0,20]|...(+12) decision=added skip=None theta_total=2223.0000299999992 rec_total=5378.00005 raw_rhs_total=5378.000049999999 rhs_total=5378.000050000001 lhs_total=2223.0000299999992
Timing: master=0.857s sp_solve=0.016s cutgen=0.018s cutadd=0.002s cuts_added=1 total_cuts=6
MP stats: nodes=242 best_bound=2114.763596265234 incumbent=2224.74003 gap=0.04943338648640268
[CHECK] GAP: LB=2114.76 UB=5379.74 gap=3264.98 rel=0.607

=== Iteration 7 ===
Solving Master (MP)...
[SCHEDULE] master gap-tied: time_limit_s=102 mipgap=0.05 g_bd=0.607
[MIPSTART] x-only start applied: n_out=44 n_ret=44
[MP] Wrote LP: Report\master_iter_007_cuts_006_20260806_045440.lp
2026-08-06 04:54:41,622 INFO | mobauto2_benders.benders.solver | iter=7 master status=SolveStatus.FEASIBLE obj=2595.74 lb=2466.73
Solver log file: C:\Users\fabio\AppData\Local\Temp\tmpvwkbuhxm.log
MP raw solver: status=ok term=optimal incumbent=2595.740019737987 best_bound=2466.7336597319377
MP solutions: count=1 keys=['Gap', 'Status', 'Message', 'Problem', 'Objective', 'Variable', 'Constraint']
[MP] Solver log: Report\master_iter_007_cuts_006_20260806_045440.log
Shuttle totals (OUT+RET): q0=12, q1=12
MP stats (solver): nodes=150 best_bound=2466.7336597319377 incumbent=2595.740019737987 gap=0.04969926072144399
MP result: status=SolveStatus.FEASIBLE obj=2595.74 lb=2466.73
[CHECK] MP: first=1.74 theta=2594 mp_total=2595.74 inc_obj=2595.74 best_bound=2466.73
[CHECK] MP bounds: mp_obj=2595.74 mp_best_bound=2466.73 mp_best_integer=2595.74 term=optimal status=ok gap=0.0496993
[MP] iter=7 incumbent=2595.74 best_bound=2466.73 gap=0.0496993 (src: inc=cplex_api bb=cplex_api gap=cplex_api)
[MP] iter=7 cuts=6 obj=2595.740 last_const=15488.000 last_nnz=27
[MW] core updated (t=0..): min=0.0824 max=1.72 mean=0.558
Evaluating Subproblem (SP) at candidate...
2026-08-06 04:54:41,845 INFO | mobauto2_benders.benders.solver | force-added CutType.OPTIMALITY cut 'opt_cut'
2026-08-06 04:54:41,845 INFO | mobauto2_benders.benders.solver | added 1 cut(s)
2026-08-06 04:54:41,846 INFO | mobauto2_benders.benders.solver | bounds: best_lb=2466.73 best_ub=5379.74 gap=2913.01 rel=0.541
SP result: recourse=5415 feasible=True
[SP PIPELINE] iter=7 build=0.000s solve=0.000s extract=0.000s post=0.000s cutgen=0.042s mode=mw lb_valid=True tl_inc=False vars=- bin=- cons=- lp=-
[CHECK] SP: recourse=5415 first=1.74 sp_total=5416.74
[CUT TIGHTNESS] raw_line(y)=5415  SP_ub=5415  diff=-2.73e-12
[BENDERS] Added cut #6: const_out=7804, const_ret=7721, nnz=27, slope_range=[-1.44e+03,-15], raw_pos_dm=0, scale=1
[BENDERS] Eval cut (dir): OUT lhs=2454 rhs=3454; RET lhs=140 rhs=1961
Master updated: added 1 cut(s): opt_cut
[CUT SUMMARY] it=7 cand=OUT[0,1]|RET[0,2]|OUT[0,5]|RET[0,7]|OUT[0,9]|RET[0,10]|OUT[0,11]|RET[0,12]|OUT[0,17]|RET[0,18]|OUT[0,19]|RET[0,20]|...(+12) decision=added skip=None theta_total=2594.000019737887 rec_total=5415.000045 raw_rhs_total=5415.00004513786 rhs_total=5415.000045137863 lhs_total=2594.000019737887
Timing: master=0.945s sp_solve=0.048s cutgen=0.042s cutadd=0.002s cuts_added=1 total_cuts=7
MP stats: nodes=150 best_bound=2466.7336597319377 incumbent=2595.740019737987 gap=0.04969926072144399
[CHECK] GAP: LB=2466.73 UB=5379.74 gap=2913.01 rel=0.541

=== Iteration 8 ===
Solving Master (MP)...
[SCHEDULE] master gap-tied: time_limit_s=102 mipgap=0.05 g_bd=0.541
[MIPSTART] x-only start applied: n_out=44 n_ret=44
[MP] Wrote LP: Report\master_iter_008_cuts_007_20260806_045441.lp
2026-08-06 04:54:42,804 INFO | mobauto2_benders.benders.solver | iter=8 master status=SolveStatus.FEASIBLE obj=2914.99 lb=2769.56
Solver log file: C:\Users\fabio\AppData\Local\Temp\tmp2y0zzad2.log
MP raw solver: status=ok term=optimal incumbent=2914.9900299063743 best_bound=2769.5613920886567
MP solutions: count=1 keys=['Gap', 'Status', 'Message', 'Problem', 'Objective', 'Variable', 'Constraint']
[MP] Solver log: Report\master_iter_008_cuts_007_20260806_045441.log
Shuttle totals (OUT+RET): q0=12, q1=12
MP stats (solver): nodes=829 best_bound=2769.5613920886567 incumbent=2914.9900299063743 gap=0.049889926320737216
MP result: status=SolveStatus.FEASIBLE obj=2914.99 lb=2769.56
[CHECK] MP: first=1.99 theta=2913 mp_total=2914.99 inc_obj=2914.99 best_bound=2769.56
[CHECK] MP bounds: mp_obj=2914.99 mp_best_bound=2769.56 mp_best_integer=2914.99 term=optimal status=ok gap=0.0498899
[MP] iter=8 incumbent=2914.99 best_bound=2769.56 gap=0.0498899 (src: inc=cplex_api bb=cplex_api gap=cplex_api)
[MP] iter=8 cuts=7 obj=2914.990 last_const=15525.000 last_nnz=27
[MW] core updated (t=0..): min=0.0576 max=1.81 mean=0.554
Evaluating Subproblem (SP) at candidate...
2026-08-06 04:54:43,043 INFO | mobauto2_benders.benders.solver | force-added CutType.OPTIMALITY cut 'opt_cut'
2026-08-06 04:54:43,044 INFO | mobauto2_benders.benders.solver | added 1 cut(s)
2026-08-06 04:54:43,044 INFO | mobauto2_benders.benders.solver | bounds: best_lb=2769.56 best_ub=4998.99 gap=2229.43 rel=0.446
SP result: recourse=4997 feasible=True
[SP PIPELINE] iter=8 build=0.000s solve=0.000s extract=0.000s post=0.000s cutgen=0.047s mode=mw lb_valid=True tl_inc=False vars=- bin=- cons=- lp=-
[CHECK] SP: recourse=4997 first=1.99 sp_total=4998.99
[CUT TIGHTNESS] raw_line(y)=4997  SP_ub=4997  diff=-1.82e-12
[BENDERS] Added cut #7: const_out=9079, const_ret=7453, nnz=28, slope_range=[-1.44e+03,-15], raw_pos_dm=0, scale=1
[BENDERS] Eval cut (dir): OUT lhs=2114 rhs=3319; RET lhs=799 rhs=1678
Master updated: added 1 cut(s): opt_cut
[CUT SUMMARY] it=8 cand=OUT[0,2]|RET[0,3]|OUT[0,5]|RET[0,6]|OUT[0,8]|RET[0,9]|OUT[0,11]|RET[0,13]|OUT[0,17]|RET[0,18]|OUT[0,19]|RET[0,20]|...(+12) decision=added skip=None theta_total=2913.000029906158 rec_total=4997.00006 raw_rhs_total=4997.000059904267 rhs_total=4997.000059904263 lhs_total=2913.000029906158
Timing: master=0.958s sp_solve=0.052s cutgen=0.047s cutadd=0.004s cuts_added=1 total_cuts=8
MP stats: nodes=829 best_bound=2769.5613920886567 incumbent=2914.9900299063743 gap=0.049889926320737216
[CHECK] GAP: LB=2769.56 UB=4998.99 gap=2229.43 rel=0.446

=== Iteration 9 ===
Solving Master (MP)...
[SCHEDULE] master gap-tied: time_limit_s=102 mipgap=0.05 g_bd=0.446
[MIPSTART] x-only start applied: n_out=44 n_ret=44
[MP] Wrote LP: Report\master_iter_009_cuts_008_20260806_045443.lp
2026-08-06 04:54:43,975 INFO | mobauto2_benders.benders.solver | iter=9 master status=SolveStatus.FEASIBLE obj=2957.49 lb=2810.41
Solver log file: C:\Users\fabio\AppData\Local\Temp\tmp67lybj0o.log
MP raw solver: status=ok term=optimal incumbent=2957.490224144991 best_bound=2810.411054438264
MP solutions: count=1 keys=['Gap', 'Status', 'Message', 'Problem', 'Objective', 'Variable', 'Constraint']
[MP] Solver log: Report\master_iter_009_cuts_008_20260806_045443.log
Shuttle totals (OUT+RET): q0=12, q1=12
MP stats (solver): nodes=193 best_bound=2810.411054438264 incumbent=2957.490224144991 gap=0.049731075526798264
MP result: status=SolveStatus.FEASIBLE obj=2957.49 lb=2810.41
[CHECK] MP: first=1.49 theta=2956 mp_total=2957.49 inc_obj=2957.49 best_bound=2810.41
[CHECK] MP bounds: mp_obj=2957.49 mp_best_bound=2810.41 mp_best_integer=2957.49 term=optimal status=ok gap=0.0497311
[MP] iter=9 incumbent=2957.49 best_bound=2810.41 gap=0.0497311 (src: inc=cplex_api bb=cplex_api gap=cplex_api)
[MP] iter=9 cuts=8 obj=2957.490 last_const=16532.000 last_nnz=28
[MW] core updated (t=0..): min=0.0404 max=1.87 mean=0.552
Evaluating Subproblem (SP) at candidate...
2026-08-06 04:54:44,208 INFO | mobauto2_benders.benders.solver | force-added CutType.OPTIMALITY cut 'opt_cut'
2026-08-06 04:54:44,208 INFO | mobauto2_benders.benders.solver | added 1 cut(s)
2026-08-06 04:54:44,208 INFO | mobauto2_benders.benders.solver | bounds: best_lb=2810.41 best_ub=4998.99 gap=2188.58 rel=0.438
SP result: recourse=5130 feasible=True
[SP PIPELINE] iter=9 build=0.000s solve=0.000s extract=0.000s post=0.000s cutgen=0.034s mode=mw lb_valid=True tl_inc=False vars=- bin=- cons=- lp=-
[CHECK] SP: recourse=5130 first=1.49 sp_total=5131.49
[CUT TIGHTNESS] raw_line(y)=5130  SP_ub=5130  diff=-2.73e-12
[BENDERS] Added cut #8: const_out=7470, const_ret=7785, nnz=27, slope_range=[-1.44e+03,-15], raw_pos_dm=0, scale=1
[BENDERS] Eval cut (dir): OUT lhs=2469 rhs=3120; RET lhs=487 rhs=2010
Master updated: added 1 cut(s): opt_cut
[CUT SUMMARY] it=9 cand=OUT[0,1]|RET[0,2]|OUT[0,5]|RET[0,6]|OUT[0,7]|RET[0,8]|OUT[0,13]|RET[0,14]|OUT[0,16]|RET[0,18]|OUT[0,19]|RET[0,20]|...(+12) decision=added skip=None theta_total=2956.00022414499 rec_total=5130.000045 raw_rhs_total=5130.000044999999 rhs_total=5130.000045000001 lhs_total=2956.00022414499
Timing: master=0.944s sp_solve=0.047s cutgen=0.034s cutadd=0.002s cuts_added=1 total_cuts=9
MP stats: nodes=193 best_bound=2810.411054438264 incumbent=2957.490224144991 gap=0.049731075526798264
[CHECK] GAP: LB=2810.41 UB=4998.99 gap=2188.58 rel=0.438

=== Iteration 10 ===
Solving Master (MP)...
[SCHEDULE] master gap-tied: time_limit_s=102 mipgap=0.05 g_bd=0.438
[MIPSTART] x-only start applied: n_out=44 n_ret=44
[MP] Wrote LP: Report\master_iter_010_cuts_009_20260806_045444.lp
2026-08-06 04:54:45,125 INFO | mobauto2_benders.benders.solver | iter=10 master status=SolveStatus.FEASIBLE obj=3161.99 lb=3006.72
Solver log file: C:\Users\fabio\AppData\Local\Temp\tmpba1csrsa.log
MP raw solver: status=ok term=optimal incumbent=3161.990004999998 best_bound=3006.724131078652
MP solutions: count=1 keys=['Gap', 'Status', 'Message', 'Problem', 'Objective', 'Variable', 'Constraint']
[MP] Solver log: Report\master_iter_010_cuts_009_20260806_045444.log
Shuttle totals (OUT+RET): q0=12, q1=12
MP stats (solver): nodes=312 best_bound=3006.724131078652 incumbent=3161.990004999998 gap=0.049103847158220505
MP result: status=SolveStatus.FEASIBLE obj=3161.99 lb=3006.72
[CHECK] MP: first=1.99 theta=3160 mp_total=3161.99 inc_obj=3161.99 best_bound=3006.72
[CHECK] MP bounds: mp_obj=3161.99 mp_best_bound=3006.72 mp_best_integer=3161.99 term=optimal status=ok gap=0.0491038
[MP] iter=10 incumbent=3161.99 best_bound=3006.72 gap=0.0491038 (src: inc=cplex_api bb=cplex_api gap=cplex_api)
[MP] iter=10 cuts=9 obj=3161.990 last_const=15255.000 last_nnz=27
[MW] core updated (t=0..): min=0.0282 max=1.91 mean=0.55
Evaluating Subproblem (SP) at candidate...
2026-08-06 04:54:45,233 INFO | mobauto2_benders.benders.solver | force-added CutType.OPTIMALITY cut 'opt_cut'
2026-08-06 04:54:45,233 INFO | mobauto2_benders.benders.solver | added 1 cut(s)
2026-08-06 04:54:45,233 INFO | mobauto2_benders.benders.solver | bounds: best_lb=3006.72 best_ub=4998.99 gap=1992.27 rel=0.399
SP result: recourse=5285 feasible=True
[SP PIPELINE] iter=10 build=0.000s solve=0.000s extract=0.000s post=0.000s cutgen=0.017s mode=mw lb_valid=True tl_inc=False vars=- bin=- cons=- lp=-
[CHECK] SP: recourse=5285 first=1.99 sp_total=5286.99
[CUT TIGHTNESS] raw_line(y)=5285  SP_ub=5285  diff=9.09e-13
[BENDERS] Added cut #9: const_out=6272, const_ret=8403, nnz=30, slope_range=[-1.44e+03,-15], raw_pos_dm=0, scale=1
[BENDERS] Eval cut (dir): OUT lhs=2240 rhs=2642; RET lhs=920 rhs=2643
Master updated: added 1 cut(s): opt_cut
[CUT SUMMARY] it=10 cand=OUT[0,1]|RET[0,2]|OUT[0,3]|RET[0,4]|OUT[0,6]|RET[0,8]|OUT[0,11]|RET[0,12]|OUT[0,16]|RET[0,18]|OUT[0,19]|RET[0,20]|...(+12) decision=added skip=None theta_total=3160.0000049999967 rec_total=5285.000035 raw_rhs_total=5285.000035000001 rhs_total=5285.000034999999 lhs_total=3160.0000049999967
Timing: master=0.916s sp_solve=0.020s cutgen=0.017s cutadd=0.001s cuts_added=1 total_cuts=10
MP stats: nodes=312 best_bound=3006.724131078652 incumbent=3161.990004999998 gap=0.049103847158220505
[CHECK] GAP: LB=3006.72 UB=4998.99 gap=1992.27 rel=0.399

=== Iteration 11 ===
Solving Master (MP)...
[SCHEDULE] master gap-tied: time_limit_s=102 mipgap=0.05 g_bd=0.399
[MIPSTART] x-only start applied: n_out=44 n_ret=44
[MP] Wrote LP: Report\master_iter_011_cuts_010_20260806_045445.lp
2026-08-06 04:54:46,412 INFO | mobauto2_benders.benders.solver | iter=11 master status=SolveStatus.FEASIBLE obj=3229.99 lb=3076.26
Solver log file: C:\Users\fabio\AppData\Local\Temp\tmpfror7lpx.log
MP raw solver: status=ok term=optimal incumbent=3229.990059999999 best_bound=3076.2603558397573
MP solutions: count=1 keys=['Gap', 'Status', 'Message', 'Problem', 'Objective', 'Variable', 'Constraint']
[MP] Solver log: Report\master_iter_011_cuts_010_20260806_045445.log
Shuttle totals (OUT+RET): q0=12, q1=12
MP stats (solver): nodes=506 best_bound=3076.2603558397573 incumbent=3229.990059999999 gap=0.04759448212055401
MP result: status=SolveStatus.FEASIBLE obj=3229.99 lb=3076.26
[CHECK] MP: first=1.99 theta=3228 mp_total=3229.99 inc_obj=3229.99 best_bound=3076.26
[CHECK] MP bounds: mp_obj=3229.99 mp_best_bound=3076.26 mp_best_integer=3229.99 term=optimal status=ok gap=0.0475945
[MP] iter=11 incumbent=3229.99 best_bound=3076.26 gap=0.0475945 (src: inc=cplex_api bb=cplex_api gap=cplex_api)
[MP] iter=11 cuts=10 obj=3229.990 last_const=14675.000 last_nnz=30
[MW] core updated (t=0..): min=0.0198 max=1.93 mean=0.548
Evaluating Subproblem (SP) at candidate...
2026-08-06 04:54:46,660 INFO | mobauto2_benders.benders.solver | force-added CutType.OPTIMALITY cut 'opt_cut'
2026-08-06 04:54:46,660 INFO | mobauto2_benders.benders.solver | added 1 cut(s)
2026-08-06 04:54:46,660 INFO | mobauto2_benders.benders.solver | bounds: best_lb=3076.26 best_ub=4850.99 gap=1774.73 rel=0.366
SP result: recourse=4849 feasible=True
[SP PIPELINE] iter=11 build=0.000s solve=0.000s extract=0.000s post=0.000s cutgen=0.024s mode=mw lb_valid=True tl_inc=False vars=- bin=- cons=- lp=-
[CHECK] SP: recourse=4849 first=1.99 sp_total=4850.99
[CUT TIGHTNESS] raw_line(y)=4849  SP_ub=4849  diff=-1.82e-12
[BENDERS] Added cut #10: const_out=8836, const_ret=8253, nnz=28, slope_range=[-1.44e+03,-15], raw_pos_dm=0, scale=1
[BENDERS] Eval cut (dir): OUT lhs=2285 rhs=3076; RET lhs=943 rhs=1773
Master updated: added 1 cut(s): opt_cut
[CUT SUMMARY] it=11 cand=OUT[0,2]|RET[0,3]|OUT[0,5]|RET[0,6]|OUT[0,8]|RET[0,9]|OUT[0,12]|RET[0,13]|OUT[0,16]|RET[0,18]|OUT[0,19]|RET[0,20]|...(+12) decision=added skip=None theta_total=3228.0000599999985 rec_total=4849.00006 raw_rhs_total=4849.00006 rhs_total=4849.000059999997 lhs_total=3228.0000599999985
Timing: master=1.188s sp_solve=0.038s cutgen=0.024s cutadd=0.001s cuts_added=1 total_cuts=11
MP stats: nodes=506 best_bound=3076.2603558397573 incumbent=3229.990059999999 gap=0.04759448212055401
[CHECK] GAP: LB=3076.26 UB=4850.99 gap=1774.73 rel=0.366

=== Iteration 12 ===
Solving Master (MP)...
[SCHEDULE] master gap-tied: time_limit_s=102 mipgap=0.05 g_bd=0.366
[MIPSTART] x-only start applied: n_out=44 n_ret=44
[MP] Wrote LP: Report\master_iter_012_cuts_011_20260806_045446.lp
2026-08-06 04:54:47,445 INFO | mobauto2_benders.benders.solver | iter=12 master status=SolveStatus.FEASIBLE obj=3529.99 lb=3353.74
Solver log file: C:\Users\fabio\AppData\Local\Temp\tmprvkf1fnl.log
MP raw solver: status=ok term=optimal incumbent=3529.9900500000003 best_bound=3353.7354473701666
MP solutions: count=1 keys=['Gap', 'Status', 'Message', 'Problem', 'Objective', 'Variable', 'Constraint']
[MP] Solver log: Report\master_iter_012_cuts_011_20260806_045446.log
Shuttle totals (OUT+RET): q0=12, q1=12
MP stats (solver): nodes=0 best_bound=3353.7354473701666 incumbent=3529.9900500000003 gap=0.049930623070687886
MP result: status=SolveStatus.FEASIBLE obj=3529.99 lb=3353.74
[CHECK] MP: first=1.99 theta=3528 mp_total=3529.99 inc_obj=3529.99 best_bound=3353.74
[CHECK] MP bounds: mp_obj=3529.99 mp_best_bound=3353.74 mp_best_integer=3529.99 term=optimal status=ok gap=0.0499306
[MP] iter=12 incumbent=3529.99 best_bound=3353.74 gap=0.0499306 (src: inc=cplex_api bb=cplex_api gap=cplex_api)
[MP] iter=12 cuts=11 obj=3529.990 last_const=17089.000 last_nnz=28
[MW] core updated (t=0..): min=0.0138 max=1.95 mean=0.548
Evaluating Subproblem (SP) at candidate...
2026-08-06 04:54:47,733 INFO | mobauto2_benders.benders.solver | force-added CutType.OPTIMALITY cut 'opt_cut'
2026-08-06 04:54:47,733 INFO | mobauto2_benders.benders.solver | added 1 cut(s)
2026-08-06 04:54:47,733 INFO | mobauto2_benders.benders.solver | bounds: best_lb=3353.74 best_ub=4850.99 gap=1497.25 rel=0.309
SP result: recourse=5179 feasible=True
[SP PIPELINE] iter=12 build=0.000s solve=0.000s extract=0.000s post=0.000s cutgen=0.024s mode=mw lb_valid=True tl_inc=False vars=- bin=- cons=- lp=-
[CHECK] SP: recourse=5179 first=1.99 sp_total=5180.99
[CUT TIGHTNESS] raw_line(y)=5179  SP_ub=5179  diff=-1.82e-12
[BENDERS] Added cut #11: const_out=8740, const_ret=8679, nnz=28, slope_range=[-1.44e+03,-15], raw_pos_dm=0, scale=1
[BENDERS] Eval cut (dir): OUT lhs=2370 rhs=2980; RET lhs=1158 rhs=2199
Master updated: added 1 cut(s): opt_cut
[CUT SUMMARY] it=12 cand=OUT[0,2]|RET[0,3]|OUT[0,5]|RET[0,6]|OUT[0,7]|RET[0,8]|OUT[0,11]|RET[0,12]|OUT[0,17]|RET[0,18]|OUT[0,19]|RET[0,20]|...(+12) decision=added skip=None theta_total=3528.0000499999996 rec_total=5179.00006 raw_rhs_total=5179.00006 rhs_total=5179.00006 lhs_total=3528.0000499999996
Timing: master=0.791s sp_solve=0.036s cutgen=0.024s cutadd=0.001s cuts_added=1 total_cuts=12
MP stats: nodes=0 best_bound=3353.7354473701666 incumbent=3529.9900500000003 gap=0.049930623070687886
[CHECK] GAP: LB=3353.74 UB=4850.99 gap=1497.25 rel=0.309

=== Iteration 13 ===
Solving Master (MP)...
[SCHEDULE] master gap-tied: time_limit_s=102 mipgap=0.05 g_bd=0.309
[MIPSTART] x-only start applied: n_out=44 n_ret=44
[MP] Wrote LP: Report\master_iter_013_cuts_012_20260806_045447.lp
2026-08-06 04:54:48,695 INFO | mobauto2_benders.benders.solver | iter=13 master status=SolveStatus.FEASIBLE obj=3833.49 lb=3642.16
Solver log file: C:\Users\fabio\AppData\Local\Temp\tmp1qf_yijx.log
MP raw solver: status=ok term=optimal incumbent=3833.4900499999994 best_bound=3642.156778121872
MP solutions: count=1 keys=['Gap', 'Status', 'Message', 'Problem', 'Objective', 'Variable', 'Constraint']
[MP] Solver log: Report\master_iter_013_cuts_012_20260806_045447.log
Shuttle totals (OUT+RET): q0=12, q1=12
MP stats (solver): nodes=189 best_bound=3642.156778121872 incumbent=3833.4900499999994 gap=0.04991098695511746
MP result: status=SolveStatus.FEASIBLE obj=3833.49 lb=3642.16
[CHECK] MP: first=1.49 theta=3832 mp_total=3833.49 inc_obj=3833.49 best_bound=3642.16
[CHECK] MP bounds: mp_obj=3833.49 mp_best_bound=3642.16 mp_best_integer=3833.49 term=optimal status=ok gap=0.049911
[MP] iter=13 incumbent=3833.49 best_bound=3642.16 gap=0.049911 (src: inc=cplex_api bb=cplex_api gap=cplex_api)
[MP] iter=13 cuts=12 obj=3833.490 last_const=17419.000 last_nnz=28
[MW] core updated (t=0..): min=0.00969 max=1.97 mean=0.547
Evaluating Subproblem (SP) at candidate...
2026-08-06 04:54:49,052 INFO | mobauto2_benders.benders.solver | force-added CutType.OPTIMALITY cut 'opt_cut'
2026-08-06 04:54:49,053 INFO | mobauto2_benders.benders.solver | added 1 cut(s)
2026-08-06 04:54:49,053 INFO | mobauto2_benders.benders.solver | bounds: best_lb=3642.16 best_ub=4408.49 gap=766.333 rel=0.174
SP result: recourse=4407 feasible=True
[SP PIPELINE] iter=13 build=0.000s solve=0.000s extract=0.000s post=0.000s cutgen=0.058s mode=mw lb_valid=True tl_inc=False vars=- bin=- cons=- lp=-
[CHECK] SP: recourse=4407 first=1.49 sp_total=4408.49
[CUT TIGHTNESS] raw_line(y)=4407  SP_ub=4407  diff=-2.73e-12
[BENDERS] Added cut #12: const_out=7276, const_ret=7961, nnz=27, slope_range=[-1.44e+03,-15], raw_pos_dm=0, scale=1
[BENDERS] Eval cut (dir): OUT lhs=3061 rhs=2926; RET lhs=771 rhs=1481
Master updated: added 1 cut(s): opt_cut
[CUT SUMMARY] it=13 cand=OUT[0,1]|RET[0,2]|OUT[0,5]|RET[0,6]|OUT[0,7]|RET[0,9]|OUT[0,12]|RET[0,13]|OUT[0,17]|RET[0,18]|OUT[0,19]|RET[0,20]|...(+12) decision=added skip=None theta_total=3832.0000499999987 rec_total=4407.000045 raw_rhs_total=4407.000044999999 rhs_total=4407.000045000001 lhs_total=3832.0000499999987
Timing: master=0.974s sp_solve=0.041s cutgen=0.058s cutadd=0.004s cuts_added=1 total_cuts=13
MP stats: nodes=189 best_bound=3642.156778121872 incumbent=3833.4900499999994 gap=0.04991098695511746
[CHECK] GAP: LB=3642.16 UB=4408.49 gap=766.333 rel=0.174

=== Iteration 14 ===
Solving Master (MP)...
[SCHEDULE] master gap-tied: time_limit_s=102 mipgap=0.05 g_bd=0.174
[MIPSTART] x-only start applied: n_out=44 n_ret=44
[MP] Wrote LP: Report\master_iter_014_cuts_013_20260806_045449.lp
2026-08-06 04:54:49,652 INFO | mobauto2_benders.benders.solver | iter=14 master status=SolveStatus.FEASIBLE obj=3835.99 lb=3646.34
Solver log file: C:\Users\fabio\AppData\Local\Temp\tmp483kkjf4.log
MP raw solver: status=ok term=optimal incumbent=3835.9900450000023 best_bound=3646.3441468698115
MP solutions: count=1 keys=['Gap', 'Status', 'Message', 'Problem', 'Objective', 'Variable', 'Constraint']
[MP] Solver log: Report\master_iter_014_cuts_013_20260806_045449.log
Shuttle totals (OUT+RET): q0=12, q1=12
MP stats (solver): nodes=0 best_bound=3646.3441468698115 incumbent=3835.9900450000023 gap=0.04943857932514152
MP result: status=SolveStatus.FEASIBLE obj=3835.99 lb=3646.34
[CHECK] MP: first=1.99 theta=3834 mp_total=3835.99 inc_obj=3835.99 best_bound=3646.34
[CHECK] MP bounds: mp_obj=3835.99 mp_best_bound=3646.34 mp_best_integer=3835.99 term=optimal status=ok gap=0.0494386
[MP] iter=14 incumbent=3835.99 best_bound=3646.34 gap=0.0494386 (src: inc=cplex_api bb=cplex_api gap=cplex_api)
[MP] iter=14 cuts=13 obj=3835.990 last_const=15237.000 last_nnz=27
[MW] core updated (t=0..): min=0.00678 max=1.98 mean=0.546
Evaluating Subproblem (SP) at candidate...
2026-08-06 04:54:49,779 INFO | mobauto2_benders.benders.solver | force-added CutType.OPTIMALITY cut 'opt_cut'
2026-08-06 04:54:49,779 INFO | mobauto2_benders.benders.solver | added 1 cut(s)
2026-08-06 04:54:49,779 INFO | mobauto2_benders.benders.solver | bounds: best_lb=3646.34 best_ub=4408.49 gap=762.146 rel=0.173
SP result: recourse=4940 feasible=True
[SP PIPELINE] iter=14 build=0.000s solve=0.000s extract=0.000s post=0.000s cutgen=0.026s mode=mw lb_valid=True tl_inc=False vars=- bin=- cons=- lp=-
[CHECK] SP: recourse=4940 first=1.99 sp_total=4941.99
[CUT TIGHTNESS] raw_line(y)=4940  SP_ub=4940  diff=-1.82e-12
[BENDERS] Added cut #13: const_out=8690, const_ret=8490, nnz=28, slope_range=[-1.44e+03,-15], raw_pos_dm=0, scale=1
[BENDERS] Eval cut (dir): OUT lhs=2370 rhs=2930; RET lhs=1464 rhs=2010
Master updated: added 1 cut(s): opt_cut
[CUT SUMMARY] it=14 cand=OUT[0,2]|RET[0,3]|OUT[0,5]|RET[0,6]|OUT[0,7]|RET[0,8]|OUT[0,11]|RET[0,12]|OUT[0,16]|RET[0,18]|OUT[0,19]|RET[0,20]|...(+12) decision=added skip=None theta_total=3834.0000450000016 rec_total=4940.00006 raw_rhs_total=4940.00006 rhs_total=4940.000059999997 lhs_total=3834.0000450000016
Timing: master=0.600s sp_solve=0.020s cutgen=0.026s cutadd=0.004s cuts_added=1 total_cuts=14
MP stats: nodes=0 best_bound=3646.3441468698115 incumbent=3835.9900450000023 gap=0.04943857932514152
[CHECK] GAP: LB=3646.34 UB=4408.49 gap=762.146 rel=0.173

=== Iteration 15 ===
Solving Master (MP)...
[SCHEDULE] master gap-tied: time_limit_s=102 mipgap=0.05 g_bd=0.173
[MIPSTART] x-only start applied: n_out=44 n_ret=44
[MP] Wrote LP: Report\master_iter_015_cuts_014_20260806_045449.lp
2026-08-06 04:54:50,580 INFO | mobauto2_benders.benders.solver | iter=15 master status=SolveStatus.FEASIBLE obj=3850.99 lb=3659.09
Solver log file: C:\Users\fabio\AppData\Local\Temp\tmpa1nn5fo1.log
MP raw solver: status=ok term=optimal incumbent=3850.9900450000023 best_bound=3659.0927974023375
MP solutions: count=1 keys=['Gap', 'Status', 'Message', 'Problem', 'Objective', 'Variable', 'Constraint']
[MP] Solver log: Report\master_iter_015_cuts_014_20260806_045449.log
Shuttle totals (OUT+RET): q0=12, q1=12
MP stats (solver): nodes=0 best_bound=3659.0927974023375 incumbent=3850.9900450000023 gap=0.04983062676228229
MP result: status=SolveStatus.FEASIBLE obj=3850.99 lb=3659.09
[CHECK] MP: first=1.99 theta=3849 mp_total=3850.99 inc_obj=3850.99 best_bound=3659.09
[CHECK] MP bounds: mp_obj=3850.99 mp_best_bound=3659.09 mp_best_integer=3850.99 term=optimal status=ok gap=0.0498306
[MP] iter=15 incumbent=3850.99 best_bound=3659.09 gap=0.0498306 (src: inc=cplex_api bb=cplex_api gap=cplex_api)
[MP] iter=15 cuts=14 obj=3850.990 last_const=17180.000 last_nnz=28
[MW] core updated (t=0..): min=0.00475 max=1.98 mean=0.546
Evaluating Subproblem (SP) at candidate...
2026-08-06 04:54:50,812 INFO | mobauto2_benders.benders.solver | force-added CutType.OPTIMALITY cut 'opt_cut'
2026-08-06 04:54:50,812 INFO | mobauto2_benders.benders.solver | added 1 cut(s)
2026-08-06 04:54:50,813 INFO | mobauto2_benders.benders.solver | bounds: best_lb=3659.09 best_ub=4408.49 gap=749.397 rel=0.17
SP result: recourse=4794 feasible=True
[SP PIPELINE] iter=15 build=0.000s solve=0.000s extract=0.000s post=0.000s cutgen=0.045s mode=mw lb_valid=True tl_inc=False vars=- bin=- cons=- lp=-
[CHECK] SP: recourse=4794 first=1.99 sp_total=4795.99
[CUT TIGHTNESS] raw_line(y)=4794  SP_ub=4794  diff=-3.64e-12
[BENDERS] Added cut #14: const_out=8596, const_ret=7718, nnz=27, slope_range=[-1.44e+03,-15], raw_pos_dm=0, scale=1
[BENDERS] Eval cut (dir): OUT lhs=2385 rhs=2836; RET lhs=1464 rhs=1958
Master updated: added 1 cut(s): opt_cut
[CUT SUMMARY] it=15 cand=OUT[0,2]|RET[0,3]|OUT[0,5]|RET[0,6]|OUT[0,7]|RET[0,8]|OUT[0,11]|RET[0,12]|OUT[0,16]|RET[0,18]|OUT[0,19]|RET[0,20]|...(+12) decision=added skip=None theta_total=3849.0000450000016 rec_total=4794.00006 raw_rhs_total=4794.0000599999985 rhs_total=4794.000059999999 lhs_total=3849.0000450000016
Timing: master=0.801s sp_solve=0.041s cutgen=0.045s cutadd=0.002s cuts_added=1 total_cuts=15
MP stats: nodes=0 best_bound=3659.0927974023375 incumbent=3850.9900450000023 gap=0.04983062676228229
[CHECK] GAP: LB=3659.09 UB=4408.49 gap=749.397 rel=0.17

=== Iteration 16 ===
Solving Master (MP)...
[SCHEDULE] master gap-tied: time_limit_s=102 mipgap=0.05 g_bd=0.17
[MIPSTART] x-only start applied: n_out=44 n_ret=44
[MP] Wrote LP: Report\master_iter_016_cuts_015_20260806_045450.lp
2026-08-06 04:54:51,418 INFO | mobauto2_benders.benders.solver | iter=16 master status=SolveStatus.FEASIBLE obj=3867.99 lb=3677.93
Solver log file: C:\Users\fabio\AppData\Local\Temp\tmp00nob5k3.log
MP raw solver: status=ok term=optimal incumbent=3867.9900450000014 best_bound=3677.929253065852
MP solutions: count=1 keys=['Gap', 'Status', 'Message', 'Problem', 'Objective', 'Variable', 'Constraint']
[MP] Solver log: Report\master_iter_016_cuts_015_20260806_045450.log
Shuttle totals (OUT+RET): q0=12, q1=12
MP stats (solver): nodes=173 best_bound=3677.929253065852 incumbent=3867.9900450000014 gap=0.049136835856087156
MP result: status=SolveStatus.FEASIBLE obj=3867.99 lb=3677.93
[CHECK] MP: first=1.99 theta=3866 mp_total=3867.99 inc_obj=3867.99 best_bound=3677.93
[CHECK] MP bounds: mp_obj=3867.99 mp_best_bound=3677.93 mp_best_integer=3867.99 term=optimal status=ok gap=0.0491368
[MP] iter=16 incumbent=3867.99 best_bound=3677.93 gap=0.0491368 (src: inc=cplex_api bb=cplex_api gap=cplex_api)
[MP] iter=16 cuts=15 obj=3867.990 last_const=16314.000 last_nnz=27
[MW] core updated (t=0..): min=0.00332 max=1.99 mean=0.546
Evaluating Subproblem (SP) at candidate...
2026-08-06 04:54:51,521 INFO | mobauto2_benders.benders.solver | force-added CutType.OPTIMALITY cut 'opt_cut'
2026-08-06 04:54:51,521 INFO | mobauto2_benders.benders.solver | added 1 cut(s)
2026-08-06 04:54:51,521 INFO | mobauto2_benders.benders.solver | bounds: best_lb=3677.93 best_ub=4408.49 gap=730.561 rel=0.166
SP result: recourse=4704 feasible=True
[SP PIPELINE] iter=16 build=0.000s solve=0.000s extract=0.000s post=0.000s cutgen=0.019s mode=mw lb_valid=True tl_inc=False vars=- bin=- cons=- lp=-
[CHECK] SP: recourse=4704 first=1.99 sp_total=4705.99
[CUT TIGHTNESS] raw_line(y)=4704  SP_ub=4704  diff=-1.82e-12
[BENDERS] Added cut #15: const_out=8646, const_ret=8298, nnz=28, slope_range=[-1.44e+03,-15], raw_pos_dm=0, scale=1
[BENDERS] Eval cut (dir): OUT lhs=2400 rhs=2886; RET lhs=1466 rhs=1818
Master updated: added 1 cut(s): opt_cut
[CUT SUMMARY] it=16 cand=OUT[0,2]|RET[0,3]|OUT[0,5]|RET[0,6]|OUT[0,7]|RET[0,8]|OUT[0,12]|RET[0,13]|OUT[0,16]|RET[0,18]|OUT[0,19]|RET[0,20]|...(+12) decision=added skip=None theta_total=3866.000045000001 rec_total=4704.00006 raw_rhs_total=4704.00006 rhs_total=4704.000059999997 lhs_total=3866.000045000001
Timing: master=0.615s sp_solve=0.018s cutgen=0.019s cutadd=0.001s cuts_added=1 total_cuts=16
MP stats: nodes=173 best_bound=3677.929253065852 incumbent=3867.9900450000014 gap=0.049136835856087156
[CHECK] GAP: LB=3677.93 UB=4408.49 gap=730.561 rel=0.166

=== Iteration 17 ===
Solving Master (MP)...
[SCHEDULE] master gap-tied: time_limit_s=102 mipgap=0.05 g_bd=0.166
[MIPSTART] x-only start applied: n_out=44 n_ret=44
[MP] Wrote LP: Report\master_iter_017_cuts_016_20260806_045451.lp
2026-08-06 04:54:52,848 INFO | mobauto2_benders.benders.solver | iter=17 master status=SolveStatus.FEASIBLE obj=4004.99 lb=3805.35
Solver log file: C:\Users\fabio\AppData\Local\Temp\tmpr305i0sg.log
MP raw solver: status=ok term=optimal incumbent=4004.9900450000005 best_bound=3805.3507573813604
MP solutions: count=1 keys=['Gap', 'Status', 'Message', 'Problem', 'Objective', 'Variable', 'Constraint']
[MP] Solver log: Report\master_iter_017_cuts_016_20260806_045451.log
Shuttle totals (OUT+RET): q0=12, q1=12
MP stats (solver): nodes=257 best_bound=3805.3507573813604 incumbent=4004.9900450000005 gap=0.0498476364174421
MP result: status=SolveStatus.FEASIBLE obj=4004.99 lb=3805.35
[CHECK] MP: first=1.99 theta=4003 mp_total=4004.99 inc_obj=4004.99 best_bound=3805.35
[CHECK] MP bounds: mp_obj=4004.99 mp_best_bound=3805.35 mp_best_integer=4004.99 term=optimal status=ok gap=0.0498476
[MP] iter=17 incumbent=4004.99 best_bound=3805.35 gap=0.0498476 (src: inc=cplex_api bb=cplex_api gap=cplex_api)
[MP] iter=17 cuts=16 obj=4004.990 last_const=16944.000 last_nnz=28
[MW] core updated (t=0..): min=0.00233 max=1.99 mean=0.546
Evaluating Subproblem (SP) at candidate...
2026-08-06 04:54:53,048 INFO | mobauto2_benders.benders.solver | force-added CutType.OPTIMALITY cut 'opt_cut'
2026-08-06 04:54:53,048 INFO | mobauto2_benders.benders.solver | added 1 cut(s)
2026-08-06 04:54:53,048 INFO | mobauto2_benders.benders.solver | bounds: best_lb=3805.35 best_ub=4408.49 gap=603.139 rel=0.137
SP result: recourse=4894 feasible=True
[SP PIPELINE] iter=17 build=0.000s solve=0.000s extract=0.000s post=0.000s cutgen=0.045s mode=mw lb_valid=True tl_inc=False vars=- bin=- cons=- lp=-
[CHECK] SP: recourse=4894 first=1.99 sp_total=4895.99
[CUT TIGHTNESS] raw_line(y)=4894  SP_ub=4894  diff=0
[BENDERS] Added cut #16: const_out=8741, const_ret=9113, nnz=29, slope_range=[-1.44e+03,-15], raw_pos_dm=0, scale=1
[BENDERS] Eval cut (dir): OUT lhs=2370 rhs=2981; RET lhs=1633 rhs=1913
Master updated: added 1 cut(s): opt_cut
[CUT SUMMARY] it=17 cand=OUT[0,2]|RET[0,3]|OUT[0,5]|RET[0,6]|OUT[0,7]|RET[0,8]|OUT[0,11]|RET[0,12]|OUT[0,16]|RET[0,18]|OUT[0,19]|RET[0,20]|...(+12) decision=added skip=None theta_total=4003.000045 rec_total=4894.00006 raw_rhs_total=4894.000060000002 rhs_total=4894.000059999997 lhs_total=4003.000045
Timing: master=1.337s sp_solve=0.020s cutgen=0.045s cutadd=0.001s cuts_added=1 total_cuts=17
MP stats: nodes=257 best_bound=3805.3507573813604 incumbent=4004.9900450000005 gap=0.0498476364174421
[CHECK] GAP: LB=3805.35 UB=4408.49 gap=603.139 rel=0.137

=== Iteration 18 ===
Solving Master (MP)...
[SCHEDULE] master gap-tied: time_limit_s=102 mipgap=0.05 g_bd=0.137
[MIPSTART] x-only start applied: n_out=44 n_ret=44
[MP] Wrote LP: Report\master_iter_018_cuts_017_20260806_045453.lp
2026-08-06 04:54:54,464 INFO | mobauto2_benders.benders.solver | iter=18 master status=SolveStatus.FEASIBLE obj=4034.99 lb=3834.53
Solver log file: C:\Users\fabio\AppData\Local\Temp\tmpe9u6xqcg.log
MP raw solver: status=ok term=optimal incumbent=4034.9900444597747 best_bound=3834.5269837590113
MP solutions: count=1 keys=['Gap', 'Status', 'Message', 'Problem', 'Objective', 'Variable', 'Constraint']
[MP] Solver log: Report\master_iter_018_cuts_017_20260806_045453.log
Shuttle totals (OUT+RET): q0=12, q1=12
MP stats (solver): nodes=203 best_bound=3834.5269837590113 incumbent=4034.9900444597747 gap=0.04968117851393546
MP result: status=SolveStatus.FEASIBLE obj=4034.99 lb=3834.53
[CHECK] MP: first=1.99 theta=4033 mp_total=4034.99 inc_obj=4034.99 best_bound=3834.53
[CHECK] MP bounds: mp_obj=4034.99 mp_best_bound=3834.53 mp_best_integer=4034.99 term=optimal status=ok gap=0.0496812
[MP] iter=18 incumbent=4034.99 best_bound=3834.53 gap=0.0496812 (src: inc=cplex_api bb=cplex_api gap=cplex_api)
[MP] iter=18 cuts=17 obj=4034.990 last_const=17854.000 last_nnz=29
[MW] core updated (t=0..): min=0.00163 max=1.99 mean=0.546
Evaluating Subproblem (SP) at candidate...
2026-08-06 04:54:54,732 INFO | mobauto2_benders.benders.solver | force-added CutType.OPTIMALITY cut 'opt_cut'
2026-08-06 04:54:54,733 INFO | mobauto2_benders.benders.solver | added 1 cut(s)
2026-08-06 04:54:54,733 INFO | mobauto2_benders.benders.solver | bounds: best_lb=3834.53 best_ub=4408.49 gap=573.963 rel=0.13
SP result: recourse=4748 feasible=True
[SP PIPELINE] iter=18 build=0.000s solve=0.000s extract=0.000s post=0.000s cutgen=0.028s mode=mw lb_valid=True tl_inc=False vars=- bin=- cons=- lp=-
[CHECK] SP: recourse=4748 first=1.99 sp_total=4749.99
[CUT TIGHTNESS] raw_line(y)=4748  SP_ub=4748  diff=-1.82e-12
[BENDERS] Added cut #17: const_out=8647, const_ret=8341, nnz=28, slope_range=[-1.44e+03,-15], raw_pos_dm=0, scale=1
[BENDERS] Eval cut (dir): OUT lhs=2385 rhs=2887; RET lhs=1648 rhs=1861
Master updated: added 1 cut(s): opt_cut
[CUT SUMMARY] it=18 cand=OUT[0,2]|RET[0,3]|OUT[0,5]|RET[0,6]|OUT[0,7]|RET[0,8]|OUT[0,11]|RET[0,12]|OUT[0,16]|RET[0,18]|OUT[0,19]|RET[0,20]|...(+12) decision=added skip=None theta_total=4033.000044459727 rec_total=4748.00006 raw_rhs_total=4748.000059687849 rhs_total=4748.000059687846 lhs_total=4033.000044459727
Timing: master=1.409s sp_solve=0.077s cutgen=0.028s cutadd=0.002s cuts_added=1 total_cuts=18
MP stats: nodes=203 best_bound=3834.5269837590113 incumbent=4034.9900444597747 gap=0.04968117851393546
[CHECK] GAP: LB=3834.53 UB=4408.49 gap=573.963 rel=0.13

=== Iteration 19 ===
Solving Master (MP)...
[SCHEDULE] master gap-tied: time_limit_s=102 mipgap=0.05 g_bd=0.13
[MIPSTART] x-only start applied: n_out=44 n_ret=44
[MP] Wrote LP: Report\master_iter_019_cuts_018_20260806_045454.lp
2026-08-06 04:54:57,976 INFO | mobauto2_benders.benders.solver | iter=19 master status=SolveStatus.FEASIBLE obj=4149.99 lb=3971.79
Solver log file: C:\Users\fabio\AppData\Local\Temp\tmpfvqylem0.log
MP raw solver: status=ok term=optimal incumbent=4149.990029999997 best_bound=3971.792472705582
MP solutions: count=1 keys=['Gap', 'Status', 'Message', 'Problem', 'Objective', 'Variable', 'Constraint']
[MP] Solver log: Report\master_iter_019_cuts_018_20260806_045454.log
Shuttle totals (OUT+RET): q0=12, q1=12
MP stats (solver): nodes=1194 best_bound=3971.792472705582 incumbent=4149.990029999997 gap=0.04293927359011295
MP result: status=SolveStatus.FEASIBLE obj=4149.99 lb=3971.79
[CHECK] MP: first=0.99 theta=4149 mp_total=4149.99 inc_obj=4149.99 best_bound=3971.79
[CHECK] MP bounds: mp_obj=4149.99 mp_best_bound=3971.79 mp_best_integer=4149.99 term=optimal status=ok gap=0.0429393
[MP] iter=19 incumbent=4149.99 best_bound=3971.79 gap=0.0429393 (src: inc=cplex_api bb=cplex_api gap=cplex_api)
[MP] iter=19 cuts=18 obj=4149.990 last_const=16988.000 last_nnz=28
[MW] core updated (t=0..): min=0.00114 max=2 mean=0.546
Evaluating Subproblem (SP) at candidate...
2026-08-06 04:54:58,173 INFO | mobauto2_benders.benders.solver | force-added CutType.OPTIMALITY cut 'opt_cut'
2026-08-06 04:54:58,174 INFO | mobauto2_benders.benders.solver | added 1 cut(s)
2026-08-06 04:54:58,174 INFO | mobauto2_benders.benders.solver | bounds: best_lb=3971.79 best_ub=4228.99 gap=257.198 rel=0.0608
SP result: recourse=4228 feasible=True
[SP PIPELINE] iter=19 build=0.000s solve=0.000s extract=0.000s post=0.000s cutgen=0.042s mode=mw lb_valid=True tl_inc=False vars=- bin=- cons=- lp=-
[CHECK] SP: recourse=4228 first=0.99 sp_total=4228.99
[CUT TIGHTNESS] raw_line(y)=4228  SP_ub=4228  diff=-9.09e-13
[BENDERS] Added cut #18: const_out=5849, const_ret=9164, nnz=29, slope_range=[-1.44e+03,-15], raw_pos_dm=0, scale=1
[BENDERS] Eval cut (dir): OUT lhs=2986 rhs=2264; RET lhs=1163 rhs=1964
Master updated: added 1 cut(s): opt_cut
[CUT SUMMARY] it=19 cand=OUT[0,1]|RET[0,2]|OUT[0,4]|RET[0,5]|OUT[0,6]|RET[0,7]|OUT[0,11]|RET[0,12]|OUT[0,15]|RET[0,18]|OUT[0,19]|RET[0,20]|...(+12) decision=added skip=None theta_total=4149.000029999996 rec_total=4228.00003 raw_rhs_total=4228.000030000001 rhs_total=4228.000029999997 lhs_total=4149.000029999996
Timing: master=3.242s sp_solve=0.043s cutgen=0.042s cutadd=0.002s cuts_added=1 total_cuts=19
MP stats: nodes=1194 best_bound=3971.792472705582 incumbent=4149.990029999997 gap=0.04293927359011295
[CHECK] GAP: LB=3971.79 UB=4228.99 gap=257.198 rel=0.0608

=== Iteration 20 ===
Solving Master (MP)...
[SCHEDULE] master gap-tied: time_limit_s=102 mipgap=0.05 g_bd=0.0608
[MIPSTART] x-only start applied: n_out=44 n_ret=44
[MP] Wrote LP: Report\master_iter_020_cuts_019_20260806_045458.lp
2026-08-06 04:55:00,832 INFO | mobauto2_benders.benders.solver | iter=20 master status=SolveStatus.FEASIBLE obj=4408.99 lb=4189.12
Solver log file: C:\Users\fabio\AppData\Local\Temp\tmpeqjszxst.log
MP raw solver: status=ok term=optimal incumbent=4408.9900450000005 best_bound=4189.116232756909
MP solutions: count=1 keys=['Gap', 'Status', 'Message', 'Problem', 'Objective', 'Variable', 'Constraint']
[MP] Solver log: Report\master_iter_020_cuts_019_20260806_045458.log
Shuttle totals (OUT+RET): q0=12, q1=12
MP stats (solver): nodes=1283 best_bound=4189.116232756909 incumbent=4408.9900450000005 gap=0.04986942814543968
MP result: status=SolveStatus.FEASIBLE obj=4408.99 lb=4189.12
[CHECK] MP: first=1.99 theta=4407 mp_total=4408.99 inc_obj=4408.99 best_bound=4189.12
[CHECK] MP bounds: mp_obj=4408.99 mp_best_bound=4189.12 mp_best_integer=4408.99 term=optimal status=ok gap=0.0498694
[MP] iter=20 incumbent=4408.99 best_bound=4189.12 gap=0.0498694 (src: inc=cplex_api bb=cplex_api gap=cplex_api)
[MP] iter=20 cuts=19 obj=4408.990 last_const=15013.000 last_nnz=29
[MW] core updated (t=0..): min=0.001 max=2 mean=0.546
Evaluating Subproblem (SP) at candidate...
2026-08-06 04:55:01,003 INFO | mobauto2_benders.benders.solver | force-added CutType.OPTIMALITY cut 'opt_cut'
2026-08-06 04:55:01,003 INFO | mobauto2_benders.benders.solver | added 1 cut(s)
2026-08-06 04:55:01,003 INFO | mobauto2_benders.benders.solver | bounds: best_lb=4189.12 best_ub=4228.99 gap=39.8738 rel=0.00943
SP result: recourse=5139 feasible=True
[SP PIPELINE] iter=20 build=0.000s solve=0.000s extract=0.000s post=0.000s cutgen=0.028s mode=mw lb_valid=True tl_inc=False vars=- bin=- cons=- lp=-
[CHECK] SP: recourse=5139 first=1.99 sp_total=5140.99
[CUT TIGHTNESS] raw_line(y)=5139  SP_ub=5139  diff=-1.82e-12
[BENDERS] Added cut #19: const_out=8936, const_ret=7738, nnz=28, slope_range=[-1.44e+03,-15], raw_pos_dm=0, scale=1
[BENDERS] Eval cut (dir): OUT lhs=2911 rhs=3176; RET lhs=1496 rhs=1963
Master updated: added 1 cut(s): opt_cut
[CUT SUMMARY] it=20 cand=OUT[0,2]|RET[0,3]|OUT[0,5]|RET[0,6]|OUT[0,7]|RET[0,9]|OUT[0,13]|RET[0,14]|OUT[0,17]|RET[0,18]|OUT[0,19]|RET[0,20]|...(+12) decision=added skip=None theta_total=4407.000045000001 rec_total=5139.00006 raw_rhs_total=5139.00006 rhs_total=5139.000059999999 lhs_total=4407.000045000001
Timing: master=2.659s sp_solve=0.029s cutgen=0.028s cutadd=0.002s cuts_added=1 total_cuts=20
MP stats: nodes=1283 best_bound=4189.116232756909 incumbent=4408.9900450000005 gap=0.04986942814543968
[CHECK] GAP: LB=4189.12 UB=4228.99 gap=39.8738 rel=0.00943

=== Iteration 21 ===
Solving Master (MP)...
[SCHEDULE] master gap-tied: time_limit_s=532 mipgap=0.0094 g_bd=0.00943
[MIPSTART] x-only start applied: n_out=44 n_ret=44
[MP] Wrote LP: Report\master_iter_021_cuts_020_20260806_045501.lp
2026-08-06 04:55:02,388 INFO | mobauto2_benders.benders.solver | iter=21 master status=SolveStatus.FEASIBLE obj=4408.99 lb=4371.24
Solver log file: C:\Users\fabio\AppData\Local\Temp\tmpivyewvp0.log
MP raw solver: status=ok term=optimal incumbent=4408.990045000001 best_bound=4371.23791614822
MP solutions: count=1 keys=['Gap', 'Status', 'Message', 'Problem', 'Objective', 'Variable', 'Constraint']
[MP] Solver log: Report\master_iter_021_cuts_020_20260806_045501.log
Shuttle totals (OUT+RET): q0=12, q1=12
MP stats (solver): nodes=1568 best_bound=4371.23791614822 incumbent=4408.990045000001 gap=0.008562534382356518
MP result: status=SolveStatus.FEASIBLE obj=4408.99 lb=4371.24
[CHECK] MP: first=1.99 theta=4407 mp_total=4408.99 inc_obj=4408.99 best_bound=4371.24
[CHECK] MP bounds: mp_obj=4408.99 mp_best_bound=4371.24 mp_best_integer=4408.99 term=optimal status=ok gap=0.00856253
[MP] iter=21 incumbent=4408.99 best_bound=4371.24 gap=0.00856253 (src: inc=cplex_api bb=cplex_api gap=cplex_api)
[MP] iter=21 cuts=20 obj=4408.990 last_const=16674.000 last_nnz=28
[MW] core updated (t=0..): min=0.001 max=2 mean=0.546
Evaluating Subproblem (SP) at candidate...
2026-08-06 04:55:02,598 WARNING | mobauto2_benders.benders.solver | [CHECK FAIL] LB exceeds UB: LB=4371.24 UB=4228.99
2026-08-06 04:55:02,598 WARNING | mobauto2_benders.benders.solver | [CHECK] LB invalid; reverting to previous LB=4189.12
2026-08-06 04:55:02,601 INFO | mobauto2_benders.benders.solver | force-added CutType.OPTIMALITY cut 'opt_cut'
2026-08-06 04:55:02,601 INFO | mobauto2_benders.benders.solver | added 1 cut(s)
2026-08-06 04:55:02,601 INFO | mobauto2_benders.benders.solver | bounds: best_lb=4189.12 best_ub=4228.99 gap=39.8738 rel=0.00943
SP result: recourse=4560 feasible=True
[SP PIPELINE] iter=21 build=0.000s solve=0.000s extract=0.000s post=0.000s cutgen=0.041s mode=mw lb_valid=True tl_inc=False vars=- bin=- cons=- lp=-
[CHECK] SP: recourse=4560 first=1.99 sp_total=4561.99
[CUT TIGHTNESS] raw_line(y)=4560  SP_ub=4560  diff=-1.82e-12
[BENDERS] Added cut #20: const_out=8694, const_ret=8106, nnz=28, slope_range=[-1.44e+03,-15], raw_pos_dm=0, scale=1
[BENDERS] Eval cut (dir): OUT lhs=2926 rhs=2934; RET lhs=1481 rhs=1626
Master updated: added 1 cut(s): opt_cut
[CUT SUMMARY] it=21 cand=OUT[0,2]|RET[0,3]|OUT[0,5]|RET[0,6]|OUT[0,7]|RET[0,9]|OUT[0,12]|RET[0,13]|OUT[0,17]|RET[0,18]|OUT[0,19]|RET[0,20]|...(+12) decision=added skip=None theta_total=4407.000045000001 rec_total=4560.00006 raw_rhs_total=4560.00006 rhs_total=4560.000059999999 lhs_total=4407.000045000001
Timing: master=1.382s sp_solve=0.039s cutgen=0.041s cutadd=0.002s cuts_added=1 total_cuts=21
MP stats: nodes=1568 best_bound=4371.23791614822 incumbent=4408.990045000001 gap=0.008562534382356518
[CHECK] GAP: LB=4189.12 UB=4228.99 gap=39.8738 rel=0.00943

=== Iteration 22 ===
Solving Master (MP)...
[SCHEDULE] master gap-tied: time_limit_s=532 mipgap=0.0094 g_bd=0.00943
[MIPSTART] x-only start applied: n_out=44 n_ret=44
[MP] Wrote LP: Report\master_iter_022_cuts_021_20260806_045502.lp
2026-08-06 04:55:03,902 INFO | mobauto2_benders.benders.solver | iter=22 master status=SolveStatus.FEASIBLE obj=4514.24 lb=4472.16
Solver log file: C:\Users\fabio\AppData\Local\Temp\tmp6y9vaeyo.log
MP raw solver: status=ok term=optimal incumbent=4514.24003 best_bound=4472.1611023010455
MP solutions: count=1 keys=['Gap', 'Status', 'Message', 'Problem', 'Objective', 'Variable', 'Constraint']
[MP] Solver log: Report\master_iter_022_cuts_021_20260806_045502.log
Shuttle totals (OUT+RET): q0=12, q1=12
MP stats (solver): nodes=2130 best_bound=4472.1611023010455 incumbent=4514.24003 gap=0.0093213757840328
MP result: status=SolveStatus.FEASIBLE obj=4514.24 lb=4472.16
[CHECK] MP: first=2.24 theta=4512 mp_total=4514.24 inc_obj=4514.24 best_bound=4472.16
[CHECK] MP bounds: mp_obj=4514.24 mp_best_bound=4472.16 mp_best_integer=4514.24 term=optimal status=ok gap=0.00932138
[MP] iter=22 incumbent=4514.24 best_bound=4472.16 gap=0.00932138 (src: inc=cplex_api bb=cplex_api gap=cplex_api)
[MP] iter=22 cuts=21 obj=4514.240 last_const=16800.000 last_nnz=28
[MW] core updated (t=0..): min=0.001 max=2 mean=0.546
Evaluating Subproblem (SP) at candidate...
2026-08-06 04:55:04,075 WARNING | mobauto2_benders.benders.solver | [CHECK FAIL] LB exceeds UB: LB=4472.16 UB=4228.99
2026-08-06 04:55:04,075 WARNING | mobauto2_benders.benders.solver | [CHECK] LB invalid; reverting to previous LB=4189.12
2026-08-06 04:55:04,082 INFO | mobauto2_benders.benders.solver | force-added CutType.OPTIMALITY cut 'opt_cut'
2026-08-06 04:55:04,082 INFO | mobauto2_benders.benders.solver | added 1 cut(s)
2026-08-06 04:55:04,082 INFO | mobauto2_benders.benders.solver | bounds: best_lb=4189.12 best_ub=4228.99 gap=39.8738 rel=0.00943
SP result: recourse=5333 feasible=True
[SP PIPELINE] iter=22 build=0.000s solve=0.000s extract=0.000s post=0.000s cutgen=0.029s mode=mw lb_valid=True tl_inc=False vars=- bin=- cons=- lp=-
[CHECK] SP: recourse=5333 first=2.24 sp_total=5335.24
[CUT TIGHTNESS] raw_line(y)=5333  SP_ub=5333  diff=-3.64e-12
[BENDERS] Added cut #21: const_out=8888, const_ret=7965, nnz=28, slope_range=[-1.44e+03,-15], raw_pos_dm=0, scale=1
[BENDERS] Eval cut (dir): OUT lhs=2864 rhs=3128; RET lhs=1648 rhs=2205
Master updated: added 1 cut(s): opt_cut
[CUT SUMMARY] it=22 cand=OUT[0,2]|RET[0,3]|OUT[0,5]|RET[0,6]|OUT[0,7]|RET[0,8]|OUT[0,12]|RET[0,13]|OUT[0,16]|RET[0,18]|OUT[0,19]|RET[0,20]|...(+12) decision=added skip=None theta_total=4512.000029999999 rec_total=5333.000065 raw_rhs_total=5333.000064999998 rhs_total=5333.000064999999 lhs_total=4512.000029999999
Timing: master=1.302s sp_solve=0.028s cutgen=0.029s cutadd=0.002s cuts_added=1 total_cuts=22
MP stats: nodes=2130 best_bound=4472.1611023010455 incumbent=4514.24003 gap=0.0093213757840328
[CHECK] GAP: LB=4189.12 UB=4228.99 gap=39.8738 rel=0.00943

=== Iteration 23 ===
Solving Master (MP)...
[SCHEDULE] master gap-tied: time_limit_s=532 mipgap=0.0094 g_bd=0.00943
[MIPSTART] x-only start applied: n_out=44 n_ret=44
[MP] Wrote LP: Report\master_iter_023_cuts_022_20260806_045504.lp
2026-08-06 04:55:05,629 INFO | mobauto2_benders.benders.solver | iter=23 master status=SolveStatus.FEASIBLE obj=4536.99 lb=4494.35
Solver log file: C:\Users\fabio\AppData\Local\Temp\tmpoci1egae.log
MP raw solver: status=ok term=optimal incumbent=4536.990060000001 best_bound=4494.352038472636
MP solutions: count=1 keys=['Gap', 'Status', 'Message', 'Problem', 'Objective', 'Variable', 'Constraint']
[MP] Solver log: Report\master_iter_023_cuts_022_20260806_045504.log
Shuttle totals (OUT+RET): q0=12, q1=12
MP stats (solver): nodes=2254 best_bound=4494.352038472636 incumbent=4536.990060000001 gap=0.009397865316761097
MP result: status=SolveStatus.FEASIBLE obj=4536.99 lb=4494.35
[CHECK] MP: first=1.99 theta=4535 mp_total=4536.99 inc_obj=4536.99 best_bound=4494.35
[CHECK] MP bounds: mp_obj=4536.99 mp_best_bound=4494.35 mp_best_integer=4536.99 term=optimal status=ok gap=0.00939787
[MP] iter=23 incumbent=4536.99 best_bound=4494.35 gap=0.00939787 (src: inc=cplex_api bb=cplex_api gap=cplex_api)
[MP] iter=23 cuts=22 obj=4536.990 last_const=16853.000 last_nnz=28
[MW] core updated (t=0..): min=0.001 max=2 mean=0.546
Evaluating Subproblem (SP) at candidate...
2026-08-06 04:55:05,779 WARNING | mobauto2_benders.benders.solver | [CHECK FAIL] LB exceeds UB: LB=4494.35 UB=4228.99
2026-08-06 04:55:05,779 WARNING | mobauto2_benders.benders.solver | [CHECK] LB invalid; reverting to previous LB=4189.12
2026-08-06 04:55:05,780 INFO | mobauto2_benders.benders.solver | force-added CutType.OPTIMALITY cut 'opt_cut'
2026-08-06 04:55:05,781 INFO | mobauto2_benders.benders.solver | added 1 cut(s)
2026-08-06 04:55:05,781 INFO | mobauto2_benders.benders.solver | bounds: best_lb=4189.12 best_ub=4228.99 gap=39.8738 rel=0.00943
SP result: recourse=4951 feasible=True
[SP PIPELINE] iter=23 build=0.000s solve=0.000s extract=0.000s post=0.000s cutgen=0.027s mode=mw lb_valid=True tl_inc=False vars=- bin=- cons=- lp=-
[CHECK] SP: recourse=4951 first=1.99 sp_total=4952.99
[CUT TIGHTNESS] raw_line(y)=4951  SP_ub=4951  diff=-1.82e-12
[BENDERS] Added cut #22: const_out=8841, const_ret=7645, nnz=28, slope_range=[-1.44e+03,-15], raw_pos_dm=0, scale=1
[BENDERS] Eval cut (dir): OUT lhs=2872 rhs=3081; RET lhs=1663 rhs=1870
Master updated: added 1 cut(s): opt_cut
[CUT SUMMARY] it=23 cand=OUT[0,2]|RET[0,3]|OUT[0,5]|RET[0,6]|OUT[0,7]|RET[0,8]|OUT[0,12]|RET[0,13]|OUT[0,16]|RET[0,18]|OUT[0,19]|RET[0,20]|...(+12) decision=added skip=None theta_total=4535.00006 rec_total=4951.00006 raw_rhs_total=4951.00006 rhs_total=4951.000059999999 lhs_total=4535.00006
Timing: master=1.546s sp_solve=0.031s cutgen=0.027s cutadd=0.002s cuts_added=1 total_cuts=23
MP stats: nodes=2254 best_bound=4494.352038472636 incumbent=4536.990060000001 gap=0.009397865316761097
[CHECK] GAP: LB=4189.12 UB=4228.99 gap=39.8738 rel=0.00943

=== Iteration 24 ===
Solving Master (MP)...
[SCHEDULE] master gap-tied: time_limit_s=532 mipgap=0.0094 g_bd=0.00943
[MIPSTART] x-only start applied: n_out=44 n_ret=44
[MP] Wrote LP: Report\master_iter_024_cuts_023_20260806_045505.lp
2026-08-06 04:55:07,676 INFO | mobauto2_benders.benders.solver | iter=24 master status=SolveStatus.FEASIBLE obj=4561.99 lb=4519.04
Solver log file: C:\Users\fabio\AppData\Local\Temp\tmpr1hr_y0x.log
MP raw solver: status=ok term=optimal incumbent=4561.99006 best_bound=4519.044557354498
MP solutions: count=1 keys=['Gap', 'Status', 'Message', 'Problem', 'Objective', 'Variable', 'Constraint']
[MP] Solver log: Report\master_iter_024_cuts_023_20260806_045505.log
Shuttle totals (OUT+RET): q0=12, q1=12
MP stats (solver): nodes=2774 best_bound=4519.044557354498 incumbent=4561.99006 gap=0.009413765063201735
MP result: status=SolveStatus.FEASIBLE obj=4561.99 lb=4519.04
[CHECK] MP: first=1.99 theta=4560 mp_total=4561.99 inc_obj=4561.99 best_bound=4519.04
[CHECK] MP bounds: mp_obj=4561.99 mp_best_bound=4519.04 mp_best_integer=4561.99 term=optimal status=ok gap=0.00941377
[MP] iter=24 incumbent=4561.99 best_bound=4519.04 gap=0.00941377 (src: inc=cplex_api bb=cplex_api gap=cplex_api)
[MP] iter=24 cuts=23 obj=4561.990 last_const=16486.000 last_nnz=28
[MW] core updated (t=0..): min=0.001 max=2 mean=0.546
Evaluating Subproblem (SP) at candidate...
2026-08-06 04:55:07,790 WARNING | mobauto2_benders.benders.solver | [CHECK FAIL] LB exceeds UB: LB=4519.04 UB=4228.99
2026-08-06 04:55:07,790 WARNING | mobauto2_benders.benders.solver | [CHECK] LB invalid; reverting to previous LB=4189.12
2026-08-06 04:55:07,792 INFO | mobauto2_benders.benders.solver | bounds: best_lb=4189.12 best_ub=4228.99 gap=39.8738 rel=0.00943
SP result: recourse=4560 feasible=True
[SP PIPELINE] iter=24 build=0.000s solve=0.000s extract=0.000s post=0.000s cutgen=0.023s mode=mw lb_valid=True tl_inc=False vars=- bin=- cons=- lp=-
[CHECK] SP: recourse=4560 first=1.99 sp_total=4561.99
[CUT TIGHTNESS] raw_line(y)=4560  SP_ub=4560  diff=-1.82e-12
[CUT DEBUG] Not violated (dir). viol_out=0 viol_ret=0
[CUT DEBUG] Not violated (dir). viol_out=0 viol_ret=0
Master updated: no new cuts (all skipped / duplicates)
[CUT ATTEMPT] it=24 cand=OUT[0,2]|RET[0,3]|OUT[0,5]|RET[0,6]|OUT[0,7]|RET[0,9]|OUT[0,12]|RET[0,13]|OUT[0,17]|RET[0,18]|OUT[0,19]|RET[0,20]|...(+12) theta_out=2934.0000299999992 theta_ret=1626.0000300000002 theta_total=4560.000059999999 rec_out=2934.00003 rec_ret=1626.00003 rec_total=4560.00006 raw_rhs_out=2934.0000299999997 raw_rhs_ret=1626.0000300000002 raw_rhs_total=4560.00006 raw_gap=0.0 lhs_out=2934.0000299999992 lhs_ret=1626.0000300000002 lhs_total=4560.000059999999 rhs_out=2934.0000299999992 rhs_ret=1626.0000300000002 rhs_total=4560.000059999999 tol_master=1e-08 tol_filter=None skip=not_violated_directional
[CUT SUMMARY] it=24 cand=OUT[0,2]|RET[0,3]|OUT[0,5]|RET[0,6]|OUT[0,7]|RET[0,9]|OUT[0,12]|RET[0,13]|OUT[0,17]|RET[0,18]|OUT[0,19]|RET[0,20]|...(+12) decision=None skip=not_violated_directional theta_total=4560.000059999999 rec_total=4560.00006 raw_rhs_total=4560.00006 rhs_total=4560.000059999999 lhs_total=4560.000059999999
Timing: master=1.895s sp_solve=0.024s cutgen=0.023s cutadd=0.001s cuts_added=0 total_cuts=23
MP stats: nodes=2774 best_bound=4519.044557354498 incumbent=4561.99006 gap=0.009413765063201735
[CHECK] GAP: LB=4189.12 UB=4228.99 gap=39.8738 rel=0.00943

=== Iteration 25 ===
Solving Master (MP)...
[SCHEDULE] master gap-tied: time_limit_s=532 mipgap=0.0094 g_bd=0.00943
[MIPSTART] x-only start applied: n_out=44 n_ret=44
[MP] Wrote LP: Report\master_iter_025_cuts_023_20260806_045507.lp
2026-08-06 04:55:09,708 INFO | mobauto2_benders.benders.solver | iter=25 master status=SolveStatus.FEASIBLE obj=4561.99 lb=4519.01
Solver log file: C:\Users\fabio\AppData\Local\Temp\tmpq71pxjc7.log
MP raw solver: status=ok term=optimal incumbent=4561.99006 best_bound=4519.014653562599
MP solutions: count=1 keys=['Gap', 'Status', 'Message', 'Problem', 'Objective', 'Variable', 'Constraint']
[MP] Solver log: Report\master_iter_025_cuts_023_20260806_045507.log
Shuttle totals (OUT+RET): q0=12, q1=12
MP stats (solver): nodes=2284 best_bound=4519.014653562599 incumbent=4561.99006 gap=0.009420320051596098
MP result: status=SolveStatus.FEASIBLE obj=4561.99 lb=4519.01
[CHECK] MP: first=1.99 theta=4560 mp_total=4561.99 inc_obj=4561.99 best_bound=4519.01
[CHECK] MP bounds: mp_obj=4561.99 mp_best_bound=4519.01 mp_best_integer=4561.99 term=optimal status=ok gap=0.00942032
[MP] iter=25 incumbent=4561.99 best_bound=4519.01 gap=0.00942032 (src: inc=cplex_api bb=cplex_api gap=cplex_api)
[MP] iter=25 cuts=23 obj=4561.990 last_const=16486.000 last_nnz=28
[MW] core updated (t=0..): min=0.001 max=2 mean=0.546
Evaluating Subproblem (SP) at candidate...
2026-08-06 04:55:09,829 WARNING | mobauto2_benders.benders.solver | [CHECK FAIL] LB exceeds UB: LB=4519.01 UB=4228.99
2026-08-06 04:55:09,829 WARNING | mobauto2_benders.benders.solver | [CHECK] LB invalid; reverting to previous LB=4189.12
2026-08-06 04:55:09,832 INFO | mobauto2_benders.benders.solver | bounds: best_lb=4189.12 best_ub=4228.99 gap=39.8738 rel=0.00943
SP result: recourse=4560 feasible=True
[SP PIPELINE] iter=25 build=0.000s solve=0.000s extract=0.000s post=0.000s cutgen=0.024s mode=mw lb_valid=True tl_inc=False vars=- bin=- cons=- lp=-
[CHECK] SP: recourse=4560 first=1.99 sp_total=4561.99
[CUT TIGHTNESS] raw_line(y)=4560  SP_ub=4560  diff=-1.82e-12
[CUT DEBUG] Not violated (dir). viol_out=0 viol_ret=0
[CUT DEBUG] Not violated (dir). viol_out=0 viol_ret=0
Master updated: no new cuts (all skipped / duplicates)
[CUT ATTEMPT] it=25 cand=OUT[0,2]|RET[0,3]|OUT[0,5]|RET[0,6]|OUT[0,7]|RET[0,9]|OUT[0,12]|RET[0,13]|OUT[0,17]|RET[0,18]|OUT[0,19]|RET[0,20]|...(+12) theta_out=2934.0000299999992 theta_ret=1626.0000300000002 theta_total=4560.000059999999 rec_out=2934.00003 rec_ret=1626.00003 rec_total=4560.00006 raw_rhs_out=2934.0000299999997 raw_rhs_ret=1626.0000300000002 raw_rhs_total=4560.00006 raw_gap=0.0 lhs_out=2934.0000299999992 lhs_ret=1626.0000300000002 lhs_total=4560.000059999999 rhs_out=2934.0000299999992 rhs_ret=1626.0000300000002 rhs_total=4560.000059999999 tol_master=1e-08 tol_filter=None skip=not_violated_directional
[CUT SUMMARY] it=25 cand=OUT[0,2]|RET[0,3]|OUT[0,5]|RET[0,6]|OUT[0,7]|RET[0,9]|OUT[0,12]|RET[0,13]|OUT[0,17]|RET[0,18]|OUT[0,19]|RET[0,20]|...(+12) decision=None skip=not_violated_directional theta_total=4560.000059999999 rec_total=4560.00006 raw_rhs_total=4560.00006 rhs_total=4560.000059999999 lhs_total=4560.000059999999
Timing: master=1.916s sp_solve=0.024s cutgen=0.024s cutadd=0.003s cuts_added=0 total_cuts=23
MP stats: nodes=2284 best_bound=4519.014653562599 incumbent=4561.99006 gap=0.009420320051596098
[CHECK] GAP: LB=4189.12 UB=4228.99 gap=39.8738 rel=0.00943

=== Iteration 26 ===
Solving Master (MP)...
[TIGHTEN] no new cuts for 2 iters: time_limit_s=532 mipgap=0.00943
[MIPSTART] x-only start applied: n_out=44 n_ret=44
[MP] Wrote LP: Report\master_iter_026_cuts_023_20260806_045509.lp
2026-08-06 04:55:11,663 INFO | mobauto2_benders.benders.solver | iter=26 master status=SolveStatus.FEASIBLE obj=4561.99 lb=4519.01
Solver log file: C:\Users\fabio\AppData\Local\Temp\tmp7rthas5y.log
MP raw solver: status=ok term=optimal incumbent=4561.99006 best_bound=4519.014653562599
MP solutions: count=1 keys=['Gap', 'Status', 'Message', 'Problem', 'Objective', 'Variable', 'Constraint']
[MP] Solver log: Report\master_iter_026_cuts_023_20260806_045509.log
Shuttle totals (OUT+RET): q0=12, q1=12
MP stats (solver): nodes=2284 best_bound=4519.014653562599 incumbent=4561.99006 gap=0.009420320051596098
MP result: status=SolveStatus.FEASIBLE obj=4561.99 lb=4519.01
[CHECK] MP: first=1.99 theta=4560 mp_total=4561.99 inc_obj=4561.99 best_bound=4519.01
[CHECK] MP bounds: mp_obj=4561.99 mp_best_bound=4519.01 mp_best_integer=4561.99 term=optimal status=ok gap=0.00942032
[MP] iter=26 incumbent=4561.99 best_bound=4519.01 gap=0.00942032 (src: inc=cplex_api bb=cplex_api gap=cplex_api)
[MP] iter=26 cuts=23 obj=4561.990 last_const=16486.000 last_nnz=28
[MW] core updated (t=0..): min=0.001 max=2 mean=0.546
Evaluating Subproblem (SP) at candidate...
2026-08-06 04:55:11,809 WARNING | mobauto2_benders.benders.solver | [CHECK FAIL] LB exceeds UB: LB=4519.01 UB=4228.99
2026-08-06 04:55:11,809 WARNING | mobauto2_benders.benders.solver | [CHECK] LB invalid; reverting to previous LB=4189.12
2026-08-06 04:55:11,811 INFO | mobauto2_benders.benders.solver | bounds: best_lb=4189.12 best_ub=4228.99 gap=39.8738 rel=0.00943
SP result: recourse=4560 feasible=True
[SP PIPELINE] iter=26 build=0.000s solve=0.000s extract=0.000s post=0.000s cutgen=0.023s mode=mw lb_valid=True tl_inc=False vars=- bin=- cons=- lp=-
[CHECK] SP: recourse=4560 first=1.99 sp_total=4561.99
[CUT TIGHTNESS] raw_line(y)=4560  SP_ub=4560  diff=-1.82e-12
[CUT DEBUG] Not violated (dir). viol_out=0 viol_ret=0
[CUT DEBUG] Not violated (dir). viol_out=0 viol_ret=0
Master updated: no new cuts (all skipped / duplicates)
[CUT ATTEMPT] it=26 cand=OUT[0,2]|RET[0,3]|OUT[0,5]|RET[0,6]|OUT[0,7]|RET[0,9]|OUT[0,12]|RET[0,13]|OUT[0,17]|RET[0,18]|OUT[0,19]|RET[0,20]|...(+12) theta_out=2934.0000299999992 theta_ret=1626.0000300000002 theta_total=4560.000059999999 rec_out=2934.00003 rec_ret=1626.00003 rec_total=4560.00006 raw_rhs_out=2934.0000299999997 raw_rhs_ret=1626.0000300000002 raw_rhs_total=4560.00006 raw_gap=0.0 lhs_out=2934.0000299999992 lhs_ret=1626.0000300000002 lhs_total=4560.000059999999 rhs_out=2934.0000299999992 rhs_ret=1626.0000300000002 rhs_total=4560.000059999999 tol_master=1e-08 tol_filter=None skip=not_violated_directional
[CUT SUMMARY] it=26 cand=OUT[0,2]|RET[0,3]|OUT[0,5]|RET[0,6]|OUT[0,7]|RET[0,9]|OUT[0,12]|RET[0,13]|OUT[0,17]|RET[0,18]|OUT[0,19]|RET[0,20]|...(+12) decision=None skip=not_violated_directional theta_total=4560.000059999999 rec_total=4560.00006 raw_rhs_total=4560.00006 rhs_total=4560.000059999999 lhs_total=4560.000059999999
Timing: master=1.830s sp_solve=0.047s cutgen=0.023s cutadd=0.002s cuts_added=0 total_cuts=23
MP stats: nodes=2284 best_bound=4519.014653562599 incumbent=4561.99006 gap=0.009420320051596098
[CHECK] GAP: LB=4189.12 UB=4228.99 gap=39.8738 rel=0.00943

=== Iteration 27 ===
Solving Master (MP)...
[TIGHTEN] no new cuts for 3 iters: time_limit_s=532 mipgap=0.001
[MIPSTART] x-only start applied: n_out=44 n_ret=44
[MP] Wrote LP: Report\master_iter_027_cuts_023_20260806_045511.lp
2026-08-06 04:55:12,978 INFO | mobauto2_benders.benders.solver | iter=27 master status=SolveStatus.FEASIBLE obj=4561.99 lb=4558.35
Solver log file: C:\Users\fabio\AppData\Local\Temp\tmpysiwyfsh.log
MP raw solver: status=ok term=optimal incumbent=4561.99006 best_bound=4558.3495534579615
MP solutions: count=1 keys=['Gap', 'Status', 'Message', 'Problem', 'Objective', 'Variable', 'Constraint']
[MP] Solver log: Report\master_iter_027_cuts_023_20260806_045511.log
Shuttle totals (OUT+RET): q0=12, q1=12
MP stats (solver): nodes=2398 best_bound=4558.3495534579615 incumbent=4561.99006 gap=0.0007980084336348786
MP result: status=SolveStatus.FEASIBLE obj=4561.99 lb=4558.35
[CHECK] MP: first=1.99 theta=4560 mp_total=4561.99 inc_obj=4561.99 best_bound=4558.35
[CHECK] MP bounds: mp_obj=4561.99 mp_best_bound=4558.35 mp_best_integer=4561.99 term=optimal status=ok gap=0.000798008
[MP] iter=27 incumbent=4561.99 best_bound=4558.35 gap=0.000798008 (src: inc=cplex_api bb=cplex_api gap=cplex_api)
[MP] iter=27 cuts=23 obj=4561.990 last_const=16486.000 last_nnz=28
[MW] core updated (t=0..): min=0.001 max=2 mean=0.546
Evaluating Subproblem (SP) at candidate...
2026-08-06 04:55:13,114 WARNING | mobauto2_benders.benders.solver | [CHECK FAIL] LB exceeds UB: LB=4558.35 UB=4228.99
2026-08-06 04:55:13,114 WARNING | mobauto2_benders.benders.solver | [CHECK] LB invalid; reverting to previous LB=4189.12
2026-08-06 04:55:13,128 INFO | mobauto2_benders.benders.solver | bounds: best_lb=4189.12 best_ub=4228.99 gap=39.8738 rel=0.00943
SP result: recourse=4560 feasible=True
[SP PIPELINE] iter=27 build=0.000s solve=0.000s extract=0.000s post=0.000s cutgen=0.026s mode=mw lb_valid=True tl_inc=False vars=- bin=- cons=- lp=-
[CHECK] SP: recourse=4560 first=1.99 sp_total=4561.99
[CUT TIGHTNESS] raw_line(y)=4560  SP_ub=4560  diff=-1.82e-12
[CUT DEBUG] Not violated (dir). viol_out=0 viol_ret=0
[CUT DEBUG] Not violated (dir). viol_out=0 viol_ret=0
Master updated: no new cuts (all skipped / duplicates)
[CUT ATTEMPT] it=27 cand=OUT[0,2]|RET[0,3]|OUT[0,5]|RET[0,6]|OUT[0,7]|RET[0,9]|OUT[0,12]|RET[0,13]|OUT[0,17]|RET[0,18]|OUT[0,19]|RET[0,20]|...(+12) theta_out=2934.0000299999992 theta_ret=1626.0000300000002 theta_total=4560.000059999999 rec_out=2934.00003 rec_ret=1626.00003 rec_total=4560.00006 raw_rhs_out=2934.0000299999997 raw_rhs_ret=1626.0000300000002 raw_rhs_total=4560.00006 raw_gap=0.0 lhs_out=2934.0000299999992 lhs_ret=1626.0000300000002 lhs_total=4560.000059999999 rhs_out=2934.0000299999992 rhs_ret=1626.0000300000002 rhs_total=4560.000059999999 tol_master=1e-08 tol_filter=None skip=not_violated_directional
[CUT SUMMARY] it=27 cand=OUT[0,2]|RET[0,3]|OUT[0,5]|RET[0,6]|OUT[0,7]|RET[0,9]|OUT[0,12]|RET[0,13]|OUT[0,17]|RET[0,18]|OUT[0,19]|RET[0,20]|...(+12) decision=None skip=not_violated_directional theta_total=4560.000059999999 rec_total=4560.00006 raw_rhs_total=4560.00006 rhs_total=4560.000059999999 lhs_total=4560.000059999999
Timing: master=1.177s sp_solve=0.027s cutgen=0.026s cutadd=0.002s cuts_added=0 total_cuts=23
MP stats: nodes=2398 best_bound=4558.3495534579615 incumbent=4561.99006 gap=0.0007980084336348786
[CHECK] GAP: LB=4189.12 UB=4228.99 gap=39.8738 rel=0.00943

=== Iteration 28 ===
Solving Master (MP)...
[TIGHTEN] no new cuts for 4 iters: time_limit_s=532 mipgap=0.001
[MIPSTART] x-only start applied: n_out=44 n_ret=44
[MP] Wrote LP: Report\master_iter_028_cuts_023_20260806_045513.lp
2026-08-06 04:55:14,999 INFO | mobauto2_benders.benders.solver | iter=28 master status=SolveStatus.FEASIBLE obj=4561.99 lb=4558.35
Solver log file: C:\Users\fabio\AppData\Local\Temp\tmp2awhfxga.log
MP raw solver: status=ok term=optimal incumbent=4561.99006 best_bound=4558.3495534579615
MP solutions: count=1 keys=['Gap', 'Status', 'Message', 'Problem', 'Objective', 'Variable', 'Constraint']
[MP] Solver log: Report\master_iter_028_cuts_023_20260806_045513.log
Shuttle totals (OUT+RET): q0=12, q1=12
MP stats (solver): nodes=2398 best_bound=4558.3495534579615 incumbent=4561.99006 gap=0.0007980084336348786
MP result: status=SolveStatus.FEASIBLE obj=4561.99 lb=4558.35
[CHECK] MP: first=1.99 theta=4560 mp_total=4561.99 inc_obj=4561.99 best_bound=4558.35
[CHECK] MP bounds: mp_obj=4561.99 mp_best_bound=4558.35 mp_best_integer=4561.99 term=optimal status=ok gap=0.000798008
[MP] iter=28 incumbent=4561.99 best_bound=4558.35 gap=0.000798008 (src: inc=cplex_api bb=cplex_api gap=cplex_api)
[MP] iter=28 cuts=23 obj=4561.990 last_const=16486.000 last_nnz=28
[MW] core updated (t=0..): min=0.001 max=2 mean=0.546
Evaluating Subproblem (SP) at candidate...
2026-08-06 04:55:15,115 WARNING | mobauto2_benders.benders.solver | [CHECK FAIL] LB exceeds UB: LB=4558.35 UB=4228.99
2026-08-06 04:55:15,115 WARNING | mobauto2_benders.benders.solver | [CHECK] LB invalid; reverting to previous LB=4189.12
2026-08-06 04:55:15,117 INFO | mobauto2_benders.benders.solver | bounds: best_lb=4189.12 best_ub=4228.99 gap=39.8738 rel=0.00943
SP result: recourse=4560 feasible=True
[SP PIPELINE] iter=28 build=0.000s solve=0.000s extract=0.000s post=0.000s cutgen=0.020s mode=mw lb_valid=True tl_inc=False vars=- bin=- cons=- lp=-
[CHECK] SP: recourse=4560 first=1.99 sp_total=4561.99
[CUT TIGHTNESS] raw_line(y)=4560  SP_ub=4560  diff=-1.82e-12
[CUT DEBUG] Not violated (dir). viol_out=0 viol_ret=0
[CUT DEBUG] Not violated (dir). viol_out=0 viol_ret=0
Master updated: no new cuts (all skipped / duplicates)
[CUT ATTEMPT] it=28 cand=OUT[0,2]|RET[0,3]|OUT[0,5]|RET[0,6]|OUT[0,7]|RET[0,9]|OUT[0,12]|RET[0,13]|OUT[0,17]|RET[0,18]|OUT[0,19]|RET[0,20]|...(+12) theta_out=2934.0000299999992 theta_ret=1626.0000300000002 theta_total=4560.000059999999 rec_out=2934.00003 rec_ret=1626.00003 rec_total=4560.00006 raw_rhs_out=2934.0000299999997 raw_rhs_ret=1626.0000300000002 raw_rhs_total=4560.00006 raw_gap=0.0 lhs_out=2934.0000299999992 lhs_ret=1626.0000300000002 lhs_total=4560.000059999999 rhs_out=2934.0000299999992 rhs_ret=1626.0000300000002 rhs_total=4560.000059999999 tol_master=1e-08 tol_filter=None skip=not_violated_directional
[CUT SUMMARY] it=28 cand=OUT[0,2]|RET[0,3]|OUT[0,5]|RET[0,6]|OUT[0,7]|RET[0,9]|OUT[0,12]|RET[0,13]|OUT[0,17]|RET[0,18]|OUT[0,19]|RET[0,20]|...(+12) decision=None skip=not_violated_directional theta_total=4560.000059999999 rec_total=4560.00006 raw_rhs_total=4560.00006 rhs_total=4560.000059999999 lhs_total=4560.000059999999
Timing: master=1.874s sp_solve=0.020s cutgen=0.020s cutadd=0.002s cuts_added=0 total_cuts=23
MP stats: nodes=2398 best_bound=4558.3495534579615 incumbent=4561.99006 gap=0.0007980084336348786
[CHECK] GAP: LB=4189.12 UB=4228.99 gap=39.8738 rel=0.00943

=== Iteration 29 ===
Solving Master (MP)...
[TIGHTEN] no new cuts for 5 iters: time_limit_s=532 mipgap=0.001
[MIPSTART] x-only start applied: n_out=44 n_ret=44
[MP] Wrote LP: Report\master_iter_029_cuts_023_20260806_045515.lp
2026-08-06 04:55:17,141 INFO | mobauto2_benders.benders.solver | iter=29 master status=SolveStatus.FEASIBLE obj=4561.99 lb=4558.35
Solver log file: C:\Users\fabio\AppData\Local\Temp\tmpd9g7usr_.log
MP raw solver: status=ok term=optimal incumbent=4561.99006 best_bound=4558.3495534579615
MP solutions: count=1 keys=['Gap', 'Status', 'Message', 'Problem', 'Objective', 'Variable', 'Constraint']
[MP] Solver log: Report\master_iter_029_cuts_023_20260806_045515.log
Shuttle totals (OUT+RET): q0=12, q1=12
MP stats (solver): nodes=2398 best_bound=4558.3495534579615 incumbent=4561.99006 gap=0.0007980084336348786
MP result: status=SolveStatus.FEASIBLE obj=4561.99 lb=4558.35
[CHECK] MP: first=1.99 theta=4560 mp_total=4561.99 inc_obj=4561.99 best_bound=4558.35
[CHECK] MP bounds: mp_obj=4561.99 mp_best_bound=4558.35 mp_best_integer=4561.99 term=optimal status=ok gap=0.000798008
[MP] iter=29 incumbent=4561.99 best_bound=4558.35 gap=0.000798008 (src: inc=cplex_api bb=cplex_api gap=cplex_api)
[MP] iter=29 cuts=23 obj=4561.990 last_const=16486.000 last_nnz=28
[MW] core updated (t=0..): min=0.001 max=2 mean=0.546
Evaluating Subproblem (SP) at candidate...
2026-08-06 04:55:17,254 WARNING | mobauto2_benders.benders.solver | [CHECK FAIL] LB exceeds UB: LB=4558.35 UB=4228.99
2026-08-06 04:55:17,254 WARNING | mobauto2_benders.benders.solver | [CHECK] LB invalid; reverting to previous LB=4189.12
2026-08-06 04:55:17,256 INFO | mobauto2_benders.benders.solver | bounds: best_lb=4189.12 best_ub=4228.99 gap=39.8738 rel=0.00943
SP result: recourse=4560 feasible=True
[SP PIPELINE] iter=29 build=0.000s solve=0.000s extract=0.000s post=0.000s cutgen=0.024s mode=mw lb_valid=True tl_inc=False vars=- bin=- cons=- lp=-
[CHECK] SP: recourse=4560 first=1.99 sp_total=4561.99
[CUT TIGHTNESS] raw_line(y)=4560  SP_ub=4560  diff=-1.82e-12
[CUT DEBUG] Not violated (dir). viol_out=0 viol_ret=0
[CUT DEBUG] Not violated (dir). viol_out=0 viol_ret=0
Master updated: no new cuts (all skipped / duplicates)
[CUT ATTEMPT] it=29 cand=OUT[0,2]|RET[0,3]|OUT[0,5]|RET[0,6]|OUT[0,7]|RET[0,9]|OUT[0,12]|RET[0,13]|OUT[0,17]|RET[0,18]|OUT[0,19]|RET[0,20]|...(+12) theta_out=2934.0000299999992 theta_ret=1626.0000300000002 theta_total=4560.000059999999 rec_out=2934.00003 rec_ret=1626.00003 rec_total=4560.00006 raw_rhs_out=2934.0000299999997 raw_rhs_ret=1626.0000300000002 raw_rhs_total=4560.00006 raw_gap=0.0 lhs_out=2934.0000299999992 lhs_ret=1626.0000300000002 lhs_total=4560.000059999999 rhs_out=2934.0000299999992 rhs_ret=1626.0000300000002 rhs_total=4560.000059999999 tol_master=1e-08 tol_filter=None skip=not_violated_directional
[CUT SUMMARY] it=29 cand=OUT[0,2]|RET[0,3]|OUT[0,5]|RET[0,6]|OUT[0,7]|RET[0,9]|OUT[0,12]|RET[0,13]|OUT[0,17]|RET[0,18]|OUT[0,19]|RET[0,20]|...(+12) decision=None skip=not_violated_directional theta_total=4560.000059999999 rec_total=4560.00006 raw_rhs_total=4560.00006 rhs_total=4560.000059999999 lhs_total=4560.000059999999
Timing: master=2.024s sp_solve=0.023s cutgen=0.024s cutadd=0.002s cuts_added=0 total_cuts=23
MP stats: nodes=2398 best_bound=4558.3495534579615 incumbent=4561.99006 gap=0.0007980084336348786
[CHECK] GAP: LB=4189.12 UB=4228.99 gap=39.8738 rel=0.00943

=== Iteration 30 ===
Solving Master (MP)...
[TIGHTEN] no new cuts for 6 iters: time_limit_s=532 mipgap=0.001
[MIPSTART] x-only start applied: n_out=44 n_ret=44
[MP] Wrote LP: Report\master_iter_030_cuts_023_20260806_045517.lp
2026-08-06 04:55:19,098 INFO | mobauto2_benders.benders.solver | iter=30 master status=SolveStatus.FEASIBLE obj=4561.99 lb=4558.35
Solver log file: C:\Users\fabio\AppData\Local\Temp\tmpk_4tk_7n.log
MP raw solver: status=ok term=optimal incumbent=4561.99006 best_bound=4558.3495534579615
MP solutions: count=1 keys=['Gap', 'Status', 'Message', 'Problem', 'Objective', 'Variable', 'Constraint']
[MP] Solver log: Report\master_iter_030_cuts_023_20260806_045517.log
Shuttle totals (OUT+RET): q0=12, q1=12
MP stats (solver): nodes=2398 best_bound=4558.3495534579615 incumbent=4561.99006 gap=0.0007980084336348786
MP result: status=SolveStatus.FEASIBLE obj=4561.99 lb=4558.35
[CHECK] MP: first=1.99 theta=4560 mp_total=4561.99 inc_obj=4561.99 best_bound=4558.35
[CHECK] MP bounds: mp_obj=4561.99 mp_best_bound=4558.35 mp_best_integer=4561.99 term=optimal status=ok gap=0.000798008
[MP] iter=30 incumbent=4561.99 best_bound=4558.35 gap=0.000798008 (src: inc=cplex_api bb=cplex_api gap=cplex_api)
[MP] iter=30 cuts=23 obj=4561.990 last_const=16486.000 last_nnz=28
[MW] core updated (t=0..): min=0.001 max=2 mean=0.546
Evaluating Subproblem (SP) at candidate...
2026-08-06 04:55:19,262 WARNING | mobauto2_benders.benders.solver | [CHECK FAIL] LB exceeds UB: LB=4558.35 UB=4228.99
2026-08-06 04:55:19,262 WARNING | mobauto2_benders.benders.solver | [CHECK] LB invalid; reverting to previous LB=4189.12
2026-08-06 04:55:19,264 INFO | mobauto2_benders.benders.solver | bounds: best_lb=4189.12 best_ub=4228.99 gap=39.8738 rel=0.00943
SP result: recourse=4560 feasible=True
[SP PIPELINE] iter=30 build=0.000s solve=0.000s extract=0.000s post=0.000s cutgen=0.032s mode=mw lb_valid=True tl_inc=False vars=- bin=- cons=- lp=-
[CHECK] SP: recourse=4560 first=1.99 sp_total=4561.99
[CUT TIGHTNESS] raw_line(y)=4560  SP_ub=4560  diff=-1.82e-12
[CUT DEBUG] Not violated (dir). viol_out=0 viol_ret=0
[CUT DEBUG] Not violated (dir). viol_out=0 viol_ret=0
Master updated: no new cuts (all skipped / duplicates)
[CUT ATTEMPT] it=30 cand=OUT[0,2]|RET[0,3]|OUT[0,5]|RET[0,6]|OUT[0,7]|RET[0,9]|OUT[0,12]|RET[0,13]|OUT[0,17]|RET[0,18]|OUT[0,19]|RET[0,20]|...(+12) theta_out=2934.0000299999992 theta_ret=1626.0000300000002 theta_total=4560.000059999999 rec_out=2934.00003 rec_ret=1626.00003 rec_total=4560.00006 raw_rhs_out=2934.0000299999997 raw_rhs_ret=1626.0000300000002 raw_rhs_total=4560.00006 raw_gap=0.0 lhs_out=2934.0000299999992 lhs_ret=1626.0000300000002 lhs_total=4560.000059999999 rhs_out=2934.0000299999992 rhs_ret=1626.0000300000002 rhs_total=4560.000059999999 tol_master=1e-08 tol_filter=None skip=not_violated_directional
[CUT SUMMARY] it=30 cand=OUT[0,2]|RET[0,3]|OUT[0,5]|RET[0,6]|OUT[0,7]|RET[0,9]|OUT[0,12]|RET[0,13]|OUT[0,17]|RET[0,18]|OUT[0,19]|RET[0,20]|...(+12) decision=None skip=not_violated_directional theta_total=4560.000059999999 rec_total=4560.00006 raw_rhs_total=4560.00006 rhs_total=4560.000059999999 lhs_total=4560.000059999999
Timing: master=1.842s sp_solve=0.036s cutgen=0.032s cutadd=0.002s cuts_added=0 total_cuts=23
MP stats: nodes=2398 best_bound=4558.3495534579615 incumbent=4561.99006 gap=0.0007980084336348786
[CHECK] GAP: LB=4189.12 UB=4228.99 gap=39.8738 rel=0.00943

=== Iteration 31 ===
Solving Master (MP)...
[TIGHTEN] no new cuts for 7 iters: time_limit_s=532 mipgap=0.001
[MIPSTART] x-only start applied: n_out=44 n_ret=44
[MP] Wrote LP: Report\master_iter_031_cuts_023_20260806_045519.lp
2026-08-06 04:55:20,380 INFO | mobauto2_benders.benders.solver | iter=31 master status=SolveStatus.FEASIBLE obj=4561.99 lb=4558.35
Solver log file: C:\Users\fabio\AppData\Local\Temp\tmphg9s6rjg.log
MP raw solver: status=ok term=optimal incumbent=4561.99006 best_bound=4558.3495534579615
MP solutions: count=1 keys=['Gap', 'Status', 'Message', 'Problem', 'Objective', 'Variable', 'Constraint']
[MP] Solver log: Report\master_iter_031_cuts_023_20260806_045519.log
Shuttle totals (OUT+RET): q0=12, q1=12
MP stats (solver): nodes=2398 best_bound=4558.3495534579615 incumbent=4561.99006 gap=0.0007980084336348786
MP result: status=SolveStatus.FEASIBLE obj=4561.99 lb=4558.35
[CHECK] MP: first=1.99 theta=4560 mp_total=4561.99 inc_obj=4561.99 best_bound=4558.35
[CHECK] MP bounds: mp_obj=4561.99 mp_best_bound=4558.35 mp_best_integer=4561.99 term=optimal status=ok gap=0.000798008
[MP] iter=31 incumbent=4561.99 best_bound=4558.35 gap=0.000798008 (src: inc=cplex_api bb=cplex_api gap=cplex_api)
[MP] iter=31 cuts=23 obj=4561.990 last_const=16486.000 last_nnz=28
[MW] core updated (t=0..): min=0.001 max=2 mean=0.546
Evaluating Subproblem (SP) at candidate...
2026-08-06 04:55:20,530 WARNING | mobauto2_benders.benders.solver | [CHECK FAIL] LB exceeds UB: LB=4558.35 UB=4228.99
2026-08-06 04:55:20,531 WARNING | mobauto2_benders.benders.solver | [CHECK] LB invalid; reverting to previous LB=4189.12
2026-08-06 04:55:20,533 INFO | mobauto2_benders.benders.solver | bounds: best_lb=4189.12 best_ub=4228.99 gap=39.8738 rel=0.00943
SP result: recourse=4560 feasible=True
[SP PIPELINE] iter=31 build=0.000s solve=0.000s extract=0.000s post=0.000s cutgen=0.027s mode=mw lb_valid=True tl_inc=False vars=- bin=- cons=- lp=-
[CHECK] SP: recourse=4560 first=1.99 sp_total=4561.99
[CUT TIGHTNESS] raw_line(y)=4560  SP_ub=4560  diff=-1.82e-12
[CUT DEBUG] Not violated (dir). viol_out=0 viol_ret=0
[CUT DEBUG] Not violated (dir). viol_out=0 viol_ret=0
Master updated: no new cuts (all skipped / duplicates)
[CUT ATTEMPT] it=31 cand=OUT[0,2]|RET[0,3]|OUT[0,5]|RET[0,6]|OUT[0,7]|RET[0,9]|OUT[0,12]|RET[0,13]|OUT[0,17]|RET[0,18]|OUT[0,19]|RET[0,20]|...(+12) theta_out=2934.0000299999992 theta_ret=1626.0000300000002 theta_total=4560.000059999999 rec_out=2934.00003 rec_ret=1626.00003 rec_total=4560.00006 raw_rhs_out=2934.0000299999997 raw_rhs_ret=1626.0000300000002 raw_rhs_total=4560.00006 raw_gap=0.0 lhs_out=2934.0000299999992 lhs_ret=1626.0000300000002 lhs_total=4560.000059999999 rhs_out=2934.0000299999992 rhs_ret=1626.0000300000002 rhs_total=4560.000059999999 tol_master=1e-08 tol_filter=None skip=not_violated_directional
[CUT SUMMARY] it=31 cand=OUT[0,2]|RET[0,3]|OUT[0,5]|RET[0,6]|OUT[0,7]|RET[0,9]|OUT[0,12]|RET[0,13]|OUT[0,17]|RET[0,18]|OUT[0,19]|RET[0,20]|...(+12) decision=None skip=not_violated_directional theta_total=4560.000059999999 rec_total=4560.00006 raw_rhs_total=4560.00006 rhs_total=4560.000059999999 lhs_total=4560.000059999999
Timing: master=1.115s sp_solve=0.029s cutgen=0.027s cutadd=0.002s cuts_added=0 total_cuts=23
MP stats: nodes=2398 best_bound=4558.3495534579615 incumbent=4561.99006 gap=0.0007980084336348786
[CHECK] GAP: LB=4189.12 UB=4228.99 gap=39.8738 rel=0.00943

=== Iteration 32 ===
Solving Master (MP)...
[TIGHTEN] no new cuts for 8 iters: time_limit_s=532 mipgap=0.001
[MIPSTART] x-only start applied: n_out=44 n_ret=44
[MP] Wrote LP: Report\master_iter_032_cuts_023_20260806_045520.lp
2026-08-06 04:55:22,524 INFO | mobauto2_benders.benders.solver | iter=32 master status=SolveStatus.FEASIBLE obj=4561.99 lb=4558.35
Solver log file: C:\Users\fabio\AppData\Local\Temp\tmp0qbxztia.log
MP raw solver: status=ok term=optimal incumbent=4561.99006 best_bound=4558.3495534579615
MP solutions: count=1 keys=['Gap', 'Status', 'Message', 'Problem', 'Objective', 'Variable', 'Constraint']
[MP] Solver log: Report\master_iter_032_cuts_023_20260806_045520.log
Shuttle totals (OUT+RET): q0=12, q1=12
MP stats (solver): nodes=2398 best_bound=4558.3495534579615 incumbent=4561.99006 gap=0.0007980084336348786
MP result: status=SolveStatus.FEASIBLE obj=4561.99 lb=4558.35
[CHECK] MP: first=1.99 theta=4560 mp_total=4561.99 inc_obj=4561.99 best_bound=4558.35
[CHECK] MP bounds: mp_obj=4561.99 mp_best_bound=4558.35 mp_best_integer=4561.99 term=optimal status=ok gap=0.000798008
[MP] iter=32 incumbent=4561.99 best_bound=4558.35 gap=0.000798008 (src: inc=cplex_api bb=cplex_api gap=cplex_api)
[MP] iter=32 cuts=23 obj=4561.990 last_const=16486.000 last_nnz=28
[MW] core updated (t=0..): min=0.001 max=2 mean=0.546
Evaluating Subproblem (SP) at candidate...
2026-08-06 04:55:22,622 WARNING | mobauto2_benders.benders.solver | [CHECK FAIL] LB exceeds UB: LB=4558.35 UB=4228.99
2026-08-06 04:55:22,622 WARNING | mobauto2_benders.benders.solver | [CHECK] LB invalid; reverting to previous LB=4189.12
2026-08-06 04:55:22,622 INFO | mobauto2_benders.benders.solver | bounds: best_lb=4189.12 best_ub=4228.99 gap=39.8738 rel=0.00943
SP result: recourse=4560 feasible=True
[SP PIPELINE] iter=32 build=0.000s solve=0.000s extract=0.000s post=0.000s cutgen=0.023s mode=mw lb_valid=True tl_inc=False vars=- bin=- cons=- lp=-
[CHECK] SP: recourse=4560 first=1.99 sp_total=4561.99
[CUT TIGHTNESS] raw_line(y)=4560  SP_ub=4560  diff=-1.82e-12
[CUT DEBUG] Not violated (dir). viol_out=0 viol_ret=0
[CUT DEBUG] Not violated (dir). viol_out=0 viol_ret=0
Master updated: no new cuts (all skipped / duplicates)
[CUT ATTEMPT] it=32 cand=OUT[0,2]|RET[0,3]|OUT[0,5]|RET[0,6]|OUT[0,7]|RET[0,9]|OUT[0,12]|RET[0,13]|OUT[0,17]|RET[0,18]|OUT[0,19]|RET[0,20]|...(+12) theta_out=2934.0000299999992 theta_ret=1626.0000300000002 theta_total=4560.000059999999 rec_out=2934.00003 rec_ret=1626.00003 rec_total=4560.00006 raw_rhs_out=2934.0000299999997 raw_rhs_ret=1626.0000300000002 raw_rhs_total=4560.00006 raw_gap=0.0 lhs_out=2934.0000299999992 lhs_ret=1626.0000300000002 lhs_total=4560.000059999999 rhs_out=2934.0000299999992 rhs_ret=1626.0000300000002 rhs_total=4560.000059999999 tol_master=1e-08 tol_filter=None skip=not_violated_directional
[CUT SUMMARY] it=32 cand=OUT[0,2]|RET[0,3]|OUT[0,5]|RET[0,6]|OUT[0,7]|RET[0,9]|OUT[0,12]|RET[0,13]|OUT[0,17]|RET[0,18]|OUT[0,19]|RET[0,20]|...(+12) decision=None skip=not_violated_directional theta_total=4560.000059999999 rec_total=4560.00006 raw_rhs_total=4560.00006 rhs_total=4560.000059999999 lhs_total=4560.000059999999
Timing: master=1.997s sp_solve=0.020s cutgen=0.023s cutadd=0.001s cuts_added=0 total_cuts=23
MP stats: nodes=2398 best_bound=4558.3495534579615 incumbent=4561.99006 gap=0.0007980084336348786
[CHECK] GAP: LB=4189.12 UB=4228.99 gap=39.8738 rel=0.00943

=== Iteration 33 ===
Solving Master (MP)...
[TIGHTEN] no new cuts for 9 iters: time_limit_s=532 mipgap=0.001
[MIPSTART] x-only start applied: n_out=44 n_ret=44
[MP] Wrote LP: Report\master_iter_033_cuts_023_20260806_045522.lp
2026-08-06 04:55:24,965 INFO | mobauto2_benders.benders.solver | iter=33 master status=SolveStatus.FEASIBLE obj=4561.99 lb=4558.35
Solver log file: C:\Users\fabio\AppData\Local\Temp\tmpagv50502.log
MP raw solver: status=ok term=optimal incumbent=4561.99006 best_bound=4558.3495534579615
MP solutions: count=1 keys=['Gap', 'Status', 'Message', 'Problem', 'Objective', 'Variable', 'Constraint']
[MP] Solver log: Report\master_iter_033_cuts_023_20260806_045522.log
Shuttle totals (OUT+RET): q0=12, q1=12
MP stats (solver): nodes=2398 best_bound=4558.3495534579615 incumbent=4561.99006 gap=0.0007980084336348786
MP result: status=SolveStatus.FEASIBLE obj=4561.99 lb=4558.35
[CHECK] MP: first=1.99 theta=4560 mp_total=4561.99 inc_obj=4561.99 best_bound=4558.35
[CHECK] MP bounds: mp_obj=4561.99 mp_best_bound=4558.35 mp_best_integer=4561.99 term=optimal status=ok gap=0.000798008
[MP] iter=33 incumbent=4561.99 best_bound=4558.35 gap=0.000798008 (src: inc=cplex_api bb=cplex_api gap=cplex_api)
[MP] iter=33 cuts=23 obj=4561.990 last_const=16486.000 last_nnz=28
[MW] core updated (t=0..): min=0.001 max=2 mean=0.546
Evaluating Subproblem (SP) at candidate...
2026-08-06 04:55:25,109 WARNING | mobauto2_benders.benders.solver | [CHECK FAIL] LB exceeds UB: LB=4558.35 UB=4228.99
2026-08-06 04:55:25,109 WARNING | mobauto2_benders.benders.solver | [CHECK] LB invalid; reverting to previous LB=4189.12
2026-08-06 04:55:25,109 INFO | mobauto2_benders.benders.solver | bounds: best_lb=4189.12 best_ub=4228.99 gap=39.8738 rel=0.00943
SP result: recourse=4560 feasible=True
[SP PIPELINE] iter=33 build=0.000s solve=0.000s extract=0.000s post=0.000s cutgen=0.029s mode=mw lb_valid=True tl_inc=False vars=- bin=- cons=- lp=-
[CHECK] SP: recourse=4560 first=1.99 sp_total=4561.99
[CUT TIGHTNESS] raw_line(y)=4560  SP_ub=4560  diff=-1.82e-12
[CUT DEBUG] Not violated (dir). viol_out=0 viol_ret=0
[CUT DEBUG] Not violated (dir). viol_out=0 viol_ret=0
Master updated: no new cuts (all skipped / duplicates)
[CUT ATTEMPT] it=33 cand=OUT[0,2]|RET[0,3]|OUT[0,5]|RET[0,6]|OUT[0,7]|RET[0,9]|OUT[0,12]|RET[0,13]|OUT[0,17]|RET[0,18]|OUT[0,19]|RET[0,20]|...(+12) theta_out=2934.0000299999992 theta_ret=1626.0000300000002 theta_total=4560.000059999999 rec_out=2934.00003 rec_ret=1626.00003 rec_total=4560.00006 raw_rhs_out=2934.0000299999997 raw_rhs_ret=1626.0000300000002 raw_rhs_total=4560.00006 raw_gap=0.0 lhs_out=2934.0000299999992 lhs_ret=1626.0000300000002 lhs_total=4560.000059999999 rhs_out=2934.0000299999992 rhs_ret=1626.0000300000002 rhs_total=4560.000059999999 tol_master=1e-08 tol_filter=None skip=not_violated_directional
[CUT SUMMARY] it=33 cand=OUT[0,2]|RET[0,3]|OUT[0,5]|RET[0,6]|OUT[0,7]|RET[0,9]|OUT[0,12]|RET[0,13]|OUT[0,17]|RET[0,18]|OUT[0,19]|RET[0,20]|...(+12) decision=None skip=not_violated_directional theta_total=4560.000059999999 rec_total=4560.00006 raw_rhs_total=4560.00006 rhs_total=4560.000059999999 lhs_total=4560.000059999999
Timing: master=2.328s sp_solve=0.027s cutgen=0.029s cutadd=0.002s cuts_added=0 total_cuts=23
MP stats: nodes=2398 best_bound=4558.3495534579615 incumbent=4561.99006 gap=0.0007980084336348786
[CHECK] GAP: LB=4189.12 UB=4228.99 gap=39.8738 rel=0.00943

=== Iteration 34 ===
Solving Master (MP)...
[TIGHTEN] no new cuts for 10 iters: time_limit_s=532 mipgap=0.001
[MIPSTART] x-only start applied: n_out=44 n_ret=44
[MP] Wrote LP: Report\master_iter_034_cuts_023_20260806_045525.lp
2026-08-06 04:55:27,148 INFO | mobauto2_benders.benders.solver | iter=34 master status=SolveStatus.FEASIBLE obj=4561.99 lb=4558.35
Solver log file: C:\Users\fabio\AppData\Local\Temp\tmprdkkdrvb.log
MP raw solver: status=ok term=optimal incumbent=4561.99006 best_bound=4558.3495534579615
MP solutions: count=1 keys=['Gap', 'Status', 'Message', 'Problem', 'Objective', 'Variable', 'Constraint']
[MP] Solver log: Report\master_iter_034_cuts_023_20260806_045525.log
Shuttle totals (OUT+RET): q0=12, q1=12
MP stats (solver): nodes=2398 best_bound=4558.3495534579615 incumbent=4561.99006 gap=0.0007980084336348786
MP result: status=SolveStatus.FEASIBLE obj=4561.99 lb=4558.35
[CHECK] MP: first=1.99 theta=4560 mp_total=4561.99 inc_obj=4561.99 best_bound=4558.35
[CHECK] MP bounds: mp_obj=4561.99 mp_best_bound=4558.35 mp_best_integer=4561.99 term=optimal status=ok gap=0.000798008
[MP] iter=34 incumbent=4561.99 best_bound=4558.35 gap=0.000798008 (src: inc=cplex_api bb=cplex_api gap=cplex_api)
[MP] iter=34 cuts=23 obj=4561.990 last_const=16486.000 last_nnz=28
[MW] core updated (t=0..): min=0.001 max=2 mean=0.546
Evaluating Subproblem (SP) at candidate...
2026-08-06 04:55:27,302 WARNING | mobauto2_benders.benders.solver | [CHECK FAIL] LB exceeds UB: LB=4558.35 UB=4228.99
2026-08-06 04:55:27,302 WARNING | mobauto2_benders.benders.solver | [CHECK] LB invalid; reverting to previous LB=4189.12
2026-08-06 04:55:27,311 INFO | mobauto2_benders.benders.solver | bounds: best_lb=4189.12 best_ub=4228.99 gap=39.8738 rel=0.00943
SP result: recourse=4560 feasible=True
[SP PIPELINE] iter=34 build=0.000s solve=0.000s extract=0.000s post=0.000s cutgen=0.028s mode=mw lb_valid=True tl_inc=False vars=- bin=- cons=- lp=-
[CHECK] SP: recourse=4560 first=1.99 sp_total=4561.99
[CUT TIGHTNESS] raw_line(y)=4560  SP_ub=4560  diff=-1.82e-12
[CUT DEBUG] Not violated (dir). viol_out=0 viol_ret=0
[CUT DEBUG] Not violated (dir). viol_out=0 viol_ret=0
Master updated: no new cuts (all skipped / duplicates)
[CUT ATTEMPT] it=34 cand=OUT[0,2]|RET[0,3]|OUT[0,5]|RET[0,6]|OUT[0,7]|RET[0,9]|OUT[0,12]|RET[0,13]|OUT[0,17]|RET[0,18]|OUT[0,19]|RET[0,20]|...(+12) theta_out=2934.0000299999992 theta_ret=1626.0000300000002 theta_total=4560.000059999999 rec_out=2934.00003 rec_ret=1626.00003 rec_total=4560.00006 raw_rhs_out=2934.0000299999997 raw_rhs_ret=1626.0000300000002 raw_rhs_total=4560.00006 raw_gap=0.0 lhs_out=2934.0000299999992 lhs_ret=1626.0000300000002 lhs_total=4560.000059999999 rhs_out=2934.0000299999992 rhs_ret=1626.0000300000002 rhs_total=4560.000059999999 tol_master=1e-08 tol_filter=None skip=not_violated_directional
[CUT SUMMARY] it=34 cand=OUT[0,2]|RET[0,3]|OUT[0,5]|RET[0,6]|OUT[0,7]|RET[0,9]|OUT[0,12]|RET[0,13]|OUT[0,17]|RET[0,18]|OUT[0,19]|RET[0,20]|...(+12) decision=None skip=not_violated_directional theta_total=4560.000059999999 rec_total=4560.00006 raw_rhs_total=4560.00006 rhs_total=4560.000059999999 lhs_total=4560.000059999999
Timing: master=2.039s sp_solve=0.030s cutgen=0.028s cutadd=0.003s cuts_added=0 total_cuts=23
MP stats: nodes=2398 best_bound=4558.3495534579615 incumbent=4561.99006 gap=0.0007980084336348786
[CHECK] GAP: LB=4189.12 UB=4228.99 gap=39.8738 rel=0.00943

=== Iteration 35 ===
Solving Master (MP)...
[TIGHTEN] no new cuts for 11 iters: time_limit_s=532 mipgap=0.001
[MIPSTART] x-only start applied: n_out=44 n_ret=44
[MP] Wrote LP: Report\master_iter_035_cuts_023_20260806_045527.lp
2026-08-06 04:55:28,628 INFO | mobauto2_benders.benders.solver | iter=35 master status=SolveStatus.FEASIBLE obj=4561.99 lb=4558.35
Solver log file: C:\Users\fabio\AppData\Local\Temp\tmpa712qth9.log
MP raw solver: status=ok term=optimal incumbent=4561.99006 best_bound=4558.3495534579615
MP solutions: count=1 keys=['Gap', 'Status', 'Message', 'Problem', 'Objective', 'Variable', 'Constraint']
[MP] Solver log: Report\master_iter_035_cuts_023_20260806_045527.log
Shuttle totals (OUT+RET): q0=12, q1=12
MP stats (solver): nodes=2398 best_bound=4558.3495534579615 incumbent=4561.99006 gap=0.0007980084336348786
MP result: status=SolveStatus.FEASIBLE obj=4561.99 lb=4558.35
[CHECK] MP: first=1.99 theta=4560 mp_total=4561.99 inc_obj=4561.99 best_bound=4558.35
[CHECK] MP bounds: mp_obj=4561.99 mp_best_bound=4558.35 mp_best_integer=4561.99 term=optimal status=ok gap=0.000798008
[MP] iter=35 incumbent=4561.99 best_bound=4558.35 gap=0.000798008 (src: inc=cplex_api bb=cplex_api gap=cplex_api)
[MP] iter=35 cuts=23 obj=4561.990 last_const=16486.000 last_nnz=28
[MW] core updated (t=0..): min=0.001 max=2 mean=0.546
Evaluating Subproblem (SP) at candidate...
2026-08-06 04:55:28,812 WARNING | mobauto2_benders.benders.solver | [CHECK FAIL] LB exceeds UB: LB=4558.35 UB=4228.99
2026-08-06 04:55:28,812 WARNING | mobauto2_benders.benders.solver | [CHECK] LB invalid; reverting to previous LB=4189.12
2026-08-06 04:55:28,812 INFO | mobauto2_benders.benders.solver | bounds: best_lb=4189.12 best_ub=4228.99 gap=39.8738 rel=0.00943
SP result: recourse=4560 feasible=True
[SP PIPELINE] iter=35 build=0.000s solve=0.000s extract=0.000s post=0.000s cutgen=0.027s mode=mw lb_valid=True tl_inc=False vars=- bin=- cons=- lp=-
[CHECK] SP: recourse=4560 first=1.99 sp_total=4561.99
[CUT TIGHTNESS] raw_line(y)=4560  SP_ub=4560  diff=-1.82e-12
[CUT DEBUG] Not violated (dir). viol_out=0 viol_ret=0
[CUT DEBUG] Not violated (dir). viol_out=0 viol_ret=0
Master updated: no new cuts (all skipped / duplicates)
[CUT ATTEMPT] it=35 cand=OUT[0,2]|RET[0,3]|OUT[0,5]|RET[0,6]|OUT[0,7]|RET[0,9]|OUT[0,12]|RET[0,13]|OUT[0,17]|RET[0,18]|OUT[0,19]|RET[0,20]|...(+12) theta_out=2934.0000299999992 theta_ret=1626.0000300000002 theta_total=4560.000059999999 rec_out=2934.00003 rec_ret=1626.00003 rec_total=4560.00006 raw_rhs_out=2934.0000299999997 raw_rhs_ret=1626.0000300000002 raw_rhs_total=4560.00006 raw_gap=0.0 lhs_out=2934.0000299999992 lhs_ret=1626.0000300000002 lhs_total=4560.000059999999 rhs_out=2934.0000299999992 rhs_ret=1626.0000300000002 rhs_total=4560.000059999999 tol_master=1e-08 tol_filter=None skip=not_violated_directional
[CUT SUMMARY] it=35 cand=OUT[0,2]|RET[0,3]|OUT[0,5]|RET[0,6]|OUT[0,7]|RET[0,9]|OUT[0,12]|RET[0,13]|OUT[0,17]|RET[0,18]|OUT[0,19]|RET[0,20]|...(+12) decision=None skip=not_violated_directional theta_total=4560.000059999999 rec_total=4560.00006 raw_rhs_total=4560.00006 rhs_total=4560.000059999999 lhs_total=4560.000059999999
Timing: master=1.320s sp_solve=0.029s cutgen=0.027s cutadd=0.002s cuts_added=0 total_cuts=23
MP stats: nodes=2398 best_bound=4558.3495534579615 incumbent=4561.99006 gap=0.0007980084336348786
[CHECK] GAP: LB=4189.12 UB=4228.99 gap=39.8738 rel=0.00943

=== Iteration 36 ===
Solving Master (MP)...
[TIGHTEN] no new cuts for 12 iters: time_limit_s=532 mipgap=0.001
[MIPSTART] x-only start applied: n_out=44 n_ret=44
[MP] Wrote LP: Report\master_iter_036_cuts_023_20260806_045528.lp
2026-08-06 04:55:30,767 INFO | mobauto2_benders.benders.solver | iter=36 master status=SolveStatus.FEASIBLE obj=4561.99 lb=4558.35
Solver log file: C:\Users\fabio\AppData\Local\Temp\tmpyza67owc.log
MP raw solver: status=ok term=optimal incumbent=4561.99006 best_bound=4558.3495534579615
MP solutions: count=1 keys=['Gap', 'Status', 'Message', 'Problem', 'Objective', 'Variable', 'Constraint']
[MP] Solver log: Report\master_iter_036_cuts_023_20260806_045528.log
Shuttle totals (OUT+RET): q0=12, q1=12
MP stats (solver): nodes=2398 best_bound=4558.3495534579615 incumbent=4561.99006 gap=0.0007980084336348786
MP result: status=SolveStatus.FEASIBLE obj=4561.99 lb=4558.35
[CHECK] MP: first=1.99 theta=4560 mp_total=4561.99 inc_obj=4561.99 best_bound=4558.35
[CHECK] MP bounds: mp_obj=4561.99 mp_best_bound=4558.35 mp_best_integer=4561.99 term=optimal status=ok gap=0.000798008
[MP] iter=36 incumbent=4561.99 best_bound=4558.35 gap=0.000798008 (src: inc=cplex_api bb=cplex_api gap=cplex_api)
[MP] iter=36 cuts=23 obj=4561.990 last_const=16486.000 last_nnz=28
[MW] core updated (t=0..): min=0.001 max=2 mean=0.546
Evaluating Subproblem (SP) at candidate...
2026-08-06 04:55:30,876 WARNING | mobauto2_benders.benders.solver | [CHECK FAIL] LB exceeds UB: LB=4558.35 UB=4228.99
2026-08-06 04:55:30,876 WARNING | mobauto2_benders.benders.solver | [CHECK] LB invalid; reverting to previous LB=4189.12
2026-08-06 04:55:30,878 INFO | mobauto2_benders.benders.solver | bounds: best_lb=4189.12 best_ub=4228.99 gap=39.8738 rel=0.00943
SP result: recourse=4560 feasible=True
[SP PIPELINE] iter=36 build=0.000s solve=0.000s extract=0.000s post=0.000s cutgen=0.025s mode=mw lb_valid=True tl_inc=False vars=- bin=- cons=- lp=-
[CHECK] SP: recourse=4560 first=1.99 sp_total=4561.99
[CUT TIGHTNESS] raw_line(y)=4560  SP_ub=4560  diff=-1.82e-12
[CUT DEBUG] Not violated (dir). viol_out=0 viol_ret=0
[CUT DEBUG] Not violated (dir). viol_out=0 viol_ret=0
Master updated: no new cuts (all skipped / duplicates)
[CUT ATTEMPT] it=36 cand=OUT[0,2]|RET[0,3]|OUT[0,5]|RET[0,6]|OUT[0,7]|RET[0,9]|OUT[0,12]|RET[0,13]|OUT[0,17]|RET[0,18]|OUT[0,19]|RET[0,20]|...(+12) theta_out=2934.0000299999992 theta_ret=1626.0000300000002 theta_total=4560.000059999999 rec_out=2934.00003 rec_ret=1626.00003 rec_total=4560.00006 raw_rhs_out=2934.0000299999997 raw_rhs_ret=1626.0000300000002 raw_rhs_total=4560.00006 raw_gap=0.0 lhs_out=2934.0000299999992 lhs_ret=1626.0000300000002 lhs_total=4560.000059999999 rhs_out=2934.0000299999992 rhs_ret=1626.0000300000002 rhs_total=4560.000059999999 tol_master=1e-08 tol_filter=None skip=not_violated_directional
[CUT SUMMARY] it=36 cand=OUT[0,2]|RET[0,3]|OUT[0,5]|RET[0,6]|OUT[0,7]|RET[0,9]|OUT[0,12]|RET[0,13]|OUT[0,17]|RET[0,18]|OUT[0,19]|RET[0,20]|...(+12) decision=None skip=not_violated_directional theta_total=4560.000059999999 rec_total=4560.00006 raw_rhs_total=4560.00006 rhs_total=4560.000059999999 lhs_total=4560.000059999999
Timing: master=1.951s sp_solve=0.021s cutgen=0.025s cutadd=0.001s cuts_added=0 total_cuts=23
MP stats: nodes=2398 best_bound=4558.3495534579615 incumbent=4561.99006 gap=0.0007980084336348786
[CHECK] GAP: LB=4189.12 UB=4228.99 gap=39.8738 rel=0.00943

=== Iteration 37 ===
Solving Master (MP)...
[TIGHTEN] no new cuts for 13 iters: time_limit_s=532 mipgap=0.001
[MIPSTART] x-only start applied: n_out=44 n_ret=44
[MP] Wrote LP: Report\master_iter_037_cuts_023_20260806_045530.lp
2026-08-06 04:55:32,646 INFO | mobauto2_benders.benders.solver | iter=37 master status=SolveStatus.FEASIBLE obj=4561.99 lb=4558.35
Solver log file: C:\Users\fabio\AppData\Local\Temp\tmpxzmsxulv.log
MP raw solver: status=ok term=optimal incumbent=4561.99006 best_bound=4558.3495534579615
MP solutions: count=1 keys=['Gap', 'Status', 'Message', 'Problem', 'Objective', 'Variable', 'Constraint']
[MP] Solver log: Report\master_iter_037_cuts_023_20260806_045530.log
Shuttle totals (OUT+RET): q0=12, q1=12
MP stats (solver): nodes=2398 best_bound=4558.3495534579615 incumbent=4561.99006 gap=0.0007980084336348786
MP result: status=SolveStatus.FEASIBLE obj=4561.99 lb=4558.35
[CHECK] MP: first=1.99 theta=4560 mp_total=4561.99 inc_obj=4561.99 best_bound=4558.35
[CHECK] MP bounds: mp_obj=4561.99 mp_best_bound=4558.35 mp_best_integer=4561.99 term=optimal status=ok gap=0.000798008
[MP] iter=37 incumbent=4561.99 best_bound=4558.35 gap=0.000798008 (src: inc=cplex_api bb=cplex_api gap=cplex_api)
[MP] iter=37 cuts=23 obj=4561.990 last_const=16486.000 last_nnz=28
[MW] core updated (t=0..): min=0.001 max=2 mean=0.546
Evaluating Subproblem (SP) at candidate...
2026-08-06 04:55:32,764 WARNING | mobauto2_benders.benders.solver | [CHECK FAIL] LB exceeds UB: LB=4558.35 UB=4228.99
2026-08-06 04:55:32,764 WARNING | mobauto2_benders.benders.solver | [CHECK] LB invalid; reverting to previous LB=4189.12
2026-08-06 04:55:32,767 INFO | mobauto2_benders.benders.solver | bounds: best_lb=4189.12 best_ub=4228.99 gap=39.8738 rel=0.00943
SP result: recourse=4560 feasible=True
[SP PIPELINE] iter=37 build=0.000s solve=0.000s extract=0.000s post=0.000s cutgen=0.022s mode=mw lb_valid=True tl_inc=False vars=- bin=- cons=- lp=-
[CHECK] SP: recourse=4560 first=1.99 sp_total=4561.99
[CUT TIGHTNESS] raw_line(y)=4560  SP_ub=4560  diff=-1.82e-12
[CUT DEBUG] Not violated (dir). viol_out=0 viol_ret=0
[CUT DEBUG] Not violated (dir). viol_out=0 viol_ret=0
Master updated: no new cuts (all skipped / duplicates)
[CUT ATTEMPT] it=37 cand=OUT[0,2]|RET[0,3]|OUT[0,5]|RET[0,6]|OUT[0,7]|RET[0,9]|OUT[0,12]|RET[0,13]|OUT[0,17]|RET[0,18]|OUT[0,19]|RET[0,20]|...(+12) theta_out=2934.0000299999992 theta_ret=1626.0000300000002 theta_total=4560.000059999999 rec_out=2934.00003 rec_ret=1626.00003 rec_total=4560.00006 raw_rhs_out=2934.0000299999997 raw_rhs_ret=1626.0000300000002 raw_rhs_total=4560.00006 raw_gap=0.0 lhs_out=2934.0000299999992 lhs_ret=1626.0000300000002 lhs_total=4560.000059999999 rhs_out=2934.0000299999992 rhs_ret=1626.0000300000002 rhs_total=4560.000059999999 tol_master=1e-08 tol_filter=None skip=not_violated_directional
[CUT SUMMARY] it=37 cand=OUT[0,2]|RET[0,3]|OUT[0,5]|RET[0,6]|OUT[0,7]|RET[0,9]|OUT[0,12]|RET[0,13]|OUT[0,17]|RET[0,18]|OUT[0,19]|RET[0,20]|...(+12) decision=None skip=not_violated_directional theta_total=4560.000059999999 rec_total=4560.00006 raw_rhs_total=4560.00006 rhs_total=4560.000059999999 lhs_total=4560.000059999999
Timing: master=1.768s sp_solve=0.023s cutgen=0.022s cutadd=0.002s cuts_added=0 total_cuts=23
MP stats: nodes=2398 best_bound=4558.3495534579615 incumbent=4561.99006 gap=0.0007980084336348786
[CHECK] GAP: LB=4189.12 UB=4228.99 gap=39.8738 rel=0.00943

=== Iteration 38 ===
Solving Master (MP)...
[TIGHTEN] no new cuts for 14 iters: time_limit_s=532 mipgap=0.001
[MIPSTART] x-only start applied: n_out=44 n_ret=44
[MP] Wrote LP: Report\master_iter_038_cuts_023_20260806_045532.lp
2026-08-06 04:55:34,471 INFO | mobauto2_benders.benders.solver | iter=38 master status=SolveStatus.FEASIBLE obj=4561.99 lb=4558.35
Solver log file: C:\Users\fabio\AppData\Local\Temp\tmp8vmosvay.log
MP raw solver: status=ok term=optimal incumbent=4561.99006 best_bound=4558.3495534579615
MP solutions: count=1 keys=['Gap', 'Status', 'Message', 'Problem', 'Objective', 'Variable', 'Constraint']
[MP] Solver log: Report\master_iter_038_cuts_023_20260806_045532.log
Shuttle totals (OUT+RET): q0=12, q1=12
MP stats (solver): nodes=2398 best_bound=4558.3495534579615 incumbent=4561.99006 gap=0.0007980084336348786
MP result: status=SolveStatus.FEASIBLE obj=4561.99 lb=4558.35
[CHECK] MP: first=1.99 theta=4560 mp_total=4561.99 inc_obj=4561.99 best_bound=4558.35
[CHECK] MP bounds: mp_obj=4561.99 mp_best_bound=4558.35 mp_best_integer=4561.99 term=optimal status=ok gap=0.000798008
[MP] iter=38 incumbent=4561.99 best_bound=4558.35 gap=0.000798008 (src: inc=cplex_api bb=cplex_api gap=cplex_api)
[MP] iter=38 cuts=23 obj=4561.990 last_const=16486.000 last_nnz=28
[MW] core updated (t=0..): min=0.001 max=2 mean=0.546
Evaluating Subproblem (SP) at candidate...
2026-08-06 04:55:34,607 WARNING | mobauto2_benders.benders.solver | [CHECK FAIL] LB exceeds UB: LB=4558.35 UB=4228.99
2026-08-06 04:55:34,607 WARNING | mobauto2_benders.benders.solver | [CHECK] LB invalid; reverting to previous LB=4189.12
2026-08-06 04:55:34,609 INFO | mobauto2_benders.benders.solver | bounds: best_lb=4189.12 best_ub=4228.99 gap=39.8738 rel=0.00943
SP result: recourse=4560 feasible=True
[SP PIPELINE] iter=38 build=0.000s solve=0.000s extract=0.000s post=0.000s cutgen=0.027s mode=mw lb_valid=True tl_inc=False vars=- bin=- cons=- lp=-
[CHECK] SP: recourse=4560 first=1.99 sp_total=4561.99
[CUT TIGHTNESS] raw_line(y)=4560  SP_ub=4560  diff=-1.82e-12
[CUT DEBUG] Not violated (dir). viol_out=0 viol_ret=0
[CUT DEBUG] Not violated (dir). viol_out=0 viol_ret=0
Master updated: no new cuts (all skipped / duplicates)
[CUT ATTEMPT] it=38 cand=OUT[0,2]|RET[0,3]|OUT[0,5]|RET[0,6]|OUT[0,7]|RET[0,9]|OUT[0,12]|RET[0,13]|OUT[0,17]|RET[0,18]|OUT[0,19]|RET[0,20]|...(+12) theta_out=2934.0000299999992 theta_ret=1626.0000300000002 theta_total=4560.000059999999 rec_out=2934.00003 rec_ret=1626.00003 rec_total=4560.00006 raw_rhs_out=2934.0000299999997 raw_rhs_ret=1626.0000300000002 raw_rhs_total=4560.00006 raw_gap=0.0 lhs_out=2934.0000299999992 lhs_ret=1626.0000300000002 lhs_total=4560.000059999999 rhs_out=2934.0000299999992 rhs_ret=1626.0000300000002 rhs_total=4560.000059999999 tol_master=1e-08 tol_filter=None skip=not_violated_directional
[CUT SUMMARY] it=38 cand=OUT[0,2]|RET[0,3]|OUT[0,5]|RET[0,6]|OUT[0,7]|RET[0,9]|OUT[0,12]|RET[0,13]|OUT[0,17]|RET[0,18]|OUT[0,19]|RET[0,20]|...(+12) decision=None skip=not_violated_directional theta_total=4560.000059999999 rec_total=4560.00006 raw_rhs_total=4560.00006 rhs_total=4560.000059999999 lhs_total=4560.000059999999
Timing: master=1.703s sp_solve=0.027s cutgen=0.027s cutadd=0.002s cuts_added=0 total_cuts=23
MP stats: nodes=2398 best_bound=4558.3495534579615 incumbent=4561.99006 gap=0.0007980084336348786
[CHECK] GAP: LB=4189.12 UB=4228.99 gap=39.8738 rel=0.00943

=== Iteration 39 ===
Solving Master (MP)...
[TIGHTEN] no new cuts for 15 iters: time_limit_s=532 mipgap=0.001
[MIPSTART] x-only start applied: n_out=44 n_ret=44
[MP] Wrote LP: Report\master_iter_039_cuts_023_20260806_045534.lp
2026-08-06 04:55:36,130 INFO | mobauto2_benders.benders.solver | iter=39 master status=SolveStatus.FEASIBLE obj=4561.99 lb=4558.35
Solver log file: C:\Users\fabio\AppData\Local\Temp\tmp11jwq4d3.log
MP raw solver: status=ok term=optimal incumbent=4561.99006 best_bound=4558.3495534579615
MP solutions: count=1 keys=['Gap', 'Status', 'Message', 'Problem', 'Objective', 'Variable', 'Constraint']
[MP] Solver log: Report\master_iter_039_cuts_023_20260806_045534.log
Shuttle totals (OUT+RET): q0=12, q1=12
MP stats (solver): nodes=2398 best_bound=4558.3495534579615 incumbent=4561.99006 gap=0.0007980084336348786
MP result: status=SolveStatus.FEASIBLE obj=4561.99 lb=4558.35
[CHECK] MP: first=1.99 theta=4560 mp_total=4561.99 inc_obj=4561.99 best_bound=4558.35
[CHECK] MP bounds: mp_obj=4561.99 mp_best_bound=4558.35 mp_best_integer=4561.99 term=optimal status=ok gap=0.000798008
[MP] iter=39 incumbent=4561.99 best_bound=4558.35 gap=0.000798008 (src: inc=cplex_api bb=cplex_api gap=cplex_api)
[MP] iter=39 cuts=23 obj=4561.990 last_const=16486.000 last_nnz=28
[MW] core updated (t=0..): min=0.001 max=2 mean=0.546
Evaluating Subproblem (SP) at candidate...
2026-08-06 04:55:36,257 WARNING | mobauto2_benders.benders.solver | [CHECK FAIL] LB exceeds UB: LB=4558.35 UB=4228.99
2026-08-06 04:55:36,257 WARNING | mobauto2_benders.benders.solver | [CHECK] LB invalid; reverting to previous LB=4189.12
2026-08-06 04:55:36,258 INFO | mobauto2_benders.benders.solver | bounds: best_lb=4189.12 best_ub=4228.99 gap=39.8738 rel=0.00943
SP result: recourse=4560 feasible=True
[SP PIPELINE] iter=39 build=0.000s solve=0.000s extract=0.000s post=0.000s cutgen=0.019s mode=mw lb_valid=True tl_inc=False vars=- bin=- cons=- lp=-
[CHECK] SP: recourse=4560 first=1.99 sp_total=4561.99
[CUT TIGHTNESS] raw_line(y)=4560  SP_ub=4560  diff=-1.82e-12
[CUT DEBUG] Not violated (dir). viol_out=0 viol_ret=0
[CUT DEBUG] Not violated (dir). viol_out=0 viol_ret=0
Master updated: no new cuts (all skipped / duplicates)
[CUT ATTEMPT] it=39 cand=OUT[0,2]|RET[0,3]|OUT[0,5]|RET[0,6]|OUT[0,7]|RET[0,9]|OUT[0,12]|RET[0,13]|OUT[0,17]|RET[0,18]|OUT[0,19]|RET[0,20]|...(+12) theta_out=2934.0000299999992 theta_ret=1626.0000300000002 theta_total=4560.000059999999 rec_out=2934.00003 rec_ret=1626.00003 rec_total=4560.00006 raw_rhs_out=2934.0000299999997 raw_rhs_ret=1626.0000300000002 raw_rhs_total=4560.00006 raw_gap=0.0 lhs_out=2934.0000299999992 lhs_ret=1626.0000300000002 lhs_total=4560.000059999999 rhs_out=2934.0000299999992 rhs_ret=1626.0000300000002 rhs_total=4560.000059999999 tol_master=1e-08 tol_filter=None skip=not_violated_directional
[CUT SUMMARY] it=39 cand=OUT[0,2]|RET[0,3]|OUT[0,5]|RET[0,6]|OUT[0,7]|RET[0,9]|OUT[0,12]|RET[0,13]|OUT[0,17]|RET[0,18]|OUT[0,19]|RET[0,20]|...(+12) decision=None skip=not_violated_directional theta_total=4560.000059999999 rec_total=4560.00006 raw_rhs_total=4560.00006 rhs_total=4560.000059999999 lhs_total=4560.000059999999
Timing: master=1.521s sp_solve=0.020s cutgen=0.019s cutadd=0.001s cuts_added=0 total_cuts=23
MP stats: nodes=2398 best_bound=4558.3495534579615 incumbent=4561.99006 gap=0.0007980084336348786
[CHECK] GAP: LB=4189.12 UB=4228.99 gap=39.8738 rel=0.00943

=== Iteration 40 ===
Solving Master (MP)...
[TIGHTEN] no new cuts for 16 iters: time_limit_s=532 mipgap=0.001
[MIPSTART] x-only start applied: n_out=44 n_ret=44
[MP] Wrote LP: Report\master_iter_040_cuts_023_20260806_045536.lp
2026-08-06 04:55:38,094 INFO | mobauto2_benders.benders.solver | iter=40 master status=SolveStatus.FEASIBLE obj=4561.99 lb=4558.35
Solver log file: C:\Users\fabio\AppData\Local\Temp\tmpxair_xar.log
MP raw solver: status=ok term=optimal incumbent=4561.99006 best_bound=4558.3495534579615
MP solutions: count=1 keys=['Gap', 'Status', 'Message', 'Problem', 'Objective', 'Variable', 'Constraint']
[MP] Solver log: Report\master_iter_040_cuts_023_20260806_045536.log
Shuttle totals (OUT+RET): q0=12, q1=12
MP stats (solver): nodes=2398 best_bound=4558.3495534579615 incumbent=4561.99006 gap=0.0007980084336348786
MP result: status=SolveStatus.FEASIBLE obj=4561.99 lb=4558.35
[CHECK] MP: first=1.99 theta=4560 mp_total=4561.99 inc_obj=4561.99 best_bound=4558.35
[CHECK] MP bounds: mp_obj=4561.99 mp_best_bound=4558.35 mp_best_integer=4561.99 term=optimal status=ok gap=0.000798008
[MP] iter=40 incumbent=4561.99 best_bound=4558.35 gap=0.000798008 (src: inc=cplex_api bb=cplex_api gap=cplex_api)
[MP] iter=40 cuts=23 obj=4561.990 last_const=16486.000 last_nnz=28
[MW] core updated (t=0..): min=0.001 max=2 mean=0.546
Evaluating Subproblem (SP) at candidate...
2026-08-06 04:55:38,208 WARNING | mobauto2_benders.benders.solver | [CHECK FAIL] LB exceeds UB: LB=4558.35 UB=4228.99
2026-08-06 04:55:38,208 WARNING | mobauto2_benders.benders.solver | [CHECK] LB invalid; reverting to previous LB=4189.12
2026-08-06 04:55:38,210 INFO | mobauto2_benders.benders.solver | bounds: best_lb=4189.12 best_ub=4228.99 gap=39.8738 rel=0.00943
SP result: recourse=4560 feasible=True
[SP PIPELINE] iter=40 build=0.000s solve=0.000s extract=0.000s post=0.000s cutgen=0.027s mode=mw lb_valid=True tl_inc=False vars=- bin=- cons=- lp=-
[CHECK] SP: recourse=4560 first=1.99 sp_total=4561.99
[CUT TIGHTNESS] raw_line(y)=4560  SP_ub=4560  diff=-1.82e-12
[CUT DEBUG] Not violated (dir). viol_out=0 viol_ret=0
[CUT DEBUG] Not violated (dir). viol_out=0 viol_ret=0
Master updated: no new cuts (all skipped / duplicates)
[CUT ATTEMPT] it=40 cand=OUT[0,2]|RET[0,3]|OUT[0,5]|RET[0,6]|OUT[0,7]|RET[0,9]|OUT[0,12]|RET[0,13]|OUT[0,17]|RET[0,18]|OUT[0,19]|RET[0,20]|...(+12) theta_out=2934.0000299999992 theta_ret=1626.0000300000002 theta_total=4560.000059999999 rec_out=2934.00003 rec_ret=1626.00003 rec_total=4560.00006 raw_rhs_out=2934.0000299999997 raw_rhs_ret=1626.0000300000002 raw_rhs_total=4560.00006 raw_gap=0.0 lhs_out=2934.0000299999992 lhs_ret=1626.0000300000002 lhs_total=4560.000059999999 rhs_out=2934.0000299999992 rhs_ret=1626.0000300000002 rhs_total=4560.000059999999 tol_master=1e-08 tol_filter=None skip=not_violated_directional
[CUT SUMMARY] it=40 cand=OUT[0,2]|RET[0,3]|OUT[0,5]|RET[0,6]|OUT[0,7]|RET[0,9]|OUT[0,12]|RET[0,13]|OUT[0,17]|RET[0,18]|OUT[0,19]|RET[0,20]|...(+12) decision=None skip=not_violated_directional theta_total=4560.000059999999 rec_total=4560.00006 raw_rhs_total=4560.00006 rhs_total=4560.000059999999 lhs_total=4560.000059999999
Timing: master=1.836s sp_solve=0.022s cutgen=0.027s cutadd=0.001s cuts_added=0 total_cuts=23
MP stats: nodes=2398 best_bound=4558.3495534579615 incumbent=4561.99006 gap=0.0007980084336348786
[CHECK] GAP: LB=4189.12 UB=4228.99 gap=39.8738 rel=0.00943

=== Iteration 41 ===
Solving Master (MP)...
[TIGHTEN] no new cuts for 17 iters: time_limit_s=532 mipgap=0.001
[MIPSTART] x-only start applied: n_out=44 n_ret=44
[MP] Wrote LP: Report\master_iter_041_cuts_023_20260806_045538.lp
2026-08-06 04:55:39,999 INFO | mobauto2_benders.benders.solver | iter=41 master status=SolveStatus.FEASIBLE obj=4561.99 lb=4558.35
Solver log file: C:\Users\fabio\AppData\Local\Temp\tmp8_9524ru.log
MP raw solver: status=ok term=optimal incumbent=4561.99006 best_bound=4558.3495534579615
MP solutions: count=1 keys=['Gap', 'Status', 'Message', 'Problem', 'Objective', 'Variable', 'Constraint']
[MP] Solver log: Report\master_iter_041_cuts_023_20260806_045538.log
Shuttle totals (OUT+RET): q0=12, q1=12
MP stats (solver): nodes=2398 best_bound=4558.3495534579615 incumbent=4561.99006 gap=0.0007980084336348786
MP result: status=SolveStatus.FEASIBLE obj=4561.99 lb=4558.35
[CHECK] MP: first=1.99 theta=4560 mp_total=4561.99 inc_obj=4561.99 best_bound=4558.35
[CHECK] MP bounds: mp_obj=4561.99 mp_best_bound=4558.35 mp_best_integer=4561.99 term=optimal status=ok gap=0.000798008
[MP] iter=41 incumbent=4561.99 best_bound=4558.35 gap=0.000798008 (src: inc=cplex_api bb=cplex_api gap=cplex_api)
[MP] iter=41 cuts=23 obj=4561.990 last_const=16486.000 last_nnz=28
[MW] core updated (t=0..): min=0.001 max=2 mean=0.546
Evaluating Subproblem (SP) at candidate...
2026-08-06 04:55:40,125 WARNING | mobauto2_benders.benders.solver | [CHECK FAIL] LB exceeds UB: LB=4558.35 UB=4228.99
2026-08-06 04:55:40,125 WARNING | mobauto2_benders.benders.solver | [CHECK] LB invalid; reverting to previous LB=4189.12
2026-08-06 04:55:40,126 INFO | mobauto2_benders.benders.solver | bounds: best_lb=4189.12 best_ub=4228.99 gap=39.8738 rel=0.00943
SP result: recourse=4560 feasible=True
[SP PIPELINE] iter=41 build=0.000s solve=0.000s extract=0.000s post=0.000s cutgen=0.030s mode=mw lb_valid=True tl_inc=False vars=- bin=- cons=- lp=-
[CHECK] SP: recourse=4560 first=1.99 sp_total=4561.99
[CUT TIGHTNESS] raw_line(y)=4560  SP_ub=4560  diff=-1.82e-12
[CUT DEBUG] Not violated (dir). viol_out=0 viol_ret=0
[CUT DEBUG] Not violated (dir). viol_out=0 viol_ret=0
Master updated: no new cuts (all skipped / duplicates)
[CUT ATTEMPT] it=41 cand=OUT[0,2]|RET[0,3]|OUT[0,5]|RET[0,6]|OUT[0,7]|RET[0,9]|OUT[0,12]|RET[0,13]|OUT[0,17]|RET[0,18]|OUT[0,19]|RET[0,20]|...(+12) theta_out=2934.0000299999992 theta_ret=1626.0000300000002 theta_total=4560.000059999999 rec_out=2934.00003 rec_ret=1626.00003 rec_total=4560.00006 raw_rhs_out=2934.0000299999997 raw_rhs_ret=1626.0000300000002 raw_rhs_total=4560.00006 raw_gap=0.0 lhs_out=2934.0000299999992 lhs_ret=1626.0000300000002 lhs_total=4560.000059999999 rhs_out=2934.0000299999992 rhs_ret=1626.0000300000002 rhs_total=4560.000059999999 tol_master=1e-08 tol_filter=None skip=not_violated_directional
[CUT SUMMARY] it=41 cand=OUT[0,2]|RET[0,3]|OUT[0,5]|RET[0,6]|OUT[0,7]|RET[0,9]|OUT[0,12]|RET[0,13]|OUT[0,17]|RET[0,18]|OUT[0,19]|RET[0,20]|...(+12) decision=None skip=not_violated_directional theta_total=4560.000059999999 rec_total=4560.00006 raw_rhs_total=4560.00006 rhs_total=4560.000059999999 lhs_total=4560.000059999999
Timing: master=1.789s sp_solve=0.029s cutgen=0.030s cutadd=0.001s cuts_added=0 total_cuts=23
MP stats: nodes=2398 best_bound=4558.3495534579615 incumbent=4561.99006 gap=0.0007980084336348786
[CHECK] GAP: LB=4189.12 UB=4228.99 gap=39.8738 rel=0.00943

=== Iteration 42 ===
Solving Master (MP)...
[TIGHTEN] no new cuts for 18 iters: time_limit_s=532 mipgap=0.001
[MIPSTART] x-only start applied: n_out=44 n_ret=44
[MP] Wrote LP: Report\master_iter_042_cuts_023_20260806_045540.lp
2026-08-06 04:55:42,386 INFO | mobauto2_benders.benders.solver | iter=42 master status=SolveStatus.FEASIBLE obj=4561.99 lb=4558.35
Solver log file: C:\Users\fabio\AppData\Local\Temp\tmpcprpokom.log
MP raw solver: status=ok term=optimal incumbent=4561.99006 best_bound=4558.3495534579615
MP solutions: count=1 keys=['Gap', 'Status', 'Message', 'Problem', 'Objective', 'Variable', 'Constraint']
[MP] Solver log: Report\master_iter_042_cuts_023_20260806_045540.log
Shuttle totals (OUT+RET): q0=12, q1=12
MP stats (solver): nodes=2398 best_bound=4558.3495534579615 incumbent=4561.99006 gap=0.0007980084336348786
MP result: status=SolveStatus.FEASIBLE obj=4561.99 lb=4558.35
[CHECK] MP: first=1.99 theta=4560 mp_total=4561.99 inc_obj=4561.99 best_bound=4558.35
[CHECK] MP bounds: mp_obj=4561.99 mp_best_bound=4558.35 mp_best_integer=4561.99 term=optimal status=ok gap=0.000798008
[MP] iter=42 incumbent=4561.99 best_bound=4558.35 gap=0.000798008 (src: inc=cplex_api bb=cplex_api gap=cplex_api)
[MP] iter=42 cuts=23 obj=4561.990 last_const=16486.000 last_nnz=28
[MW] core updated (t=0..): min=0.001 max=2 mean=0.546
Evaluating Subproblem (SP) at candidate...
2026-08-06 04:55:42,546 WARNING | mobauto2_benders.benders.solver | [CHECK FAIL] LB exceeds UB: LB=4558.35 UB=4228.99
2026-08-06 04:55:42,546 WARNING | mobauto2_benders.benders.solver | [CHECK] LB invalid; reverting to previous LB=4189.12
2026-08-06 04:55:42,548 INFO | mobauto2_benders.benders.solver | bounds: best_lb=4189.12 best_ub=4228.99 gap=39.8738 rel=0.00943
SP result: recourse=4560 feasible=True
[SP PIPELINE] iter=42 build=0.000s solve=0.000s extract=0.000s post=0.000s cutgen=0.020s mode=mw lb_valid=True tl_inc=False vars=- bin=- cons=- lp=-
[CHECK] SP: recourse=4560 first=1.99 sp_total=4561.99
[CUT TIGHTNESS] raw_line(y)=4560  SP_ub=4560  diff=-1.82e-12
[CUT DEBUG] Not violated (dir). viol_out=0 viol_ret=0
[CUT DEBUG] Not violated (dir). viol_out=0 viol_ret=0
Master updated: no new cuts (all skipped / duplicates)
[CUT ATTEMPT] it=42 cand=OUT[0,2]|RET[0,3]|OUT[0,5]|RET[0,6]|OUT[0,7]|RET[0,9]|OUT[0,12]|RET[0,13]|OUT[0,17]|RET[0,18]|OUT[0,19]|RET[0,20]|...(+12) theta_out=2934.0000299999992 theta_ret=1626.0000300000002 theta_total=4560.000059999999 rec_out=2934.00003 rec_ret=1626.00003 rec_total=4560.00006 raw_rhs_out=2934.0000299999997 raw_rhs_ret=1626.0000300000002 raw_rhs_total=4560.00006 raw_gap=0.0 lhs_out=2934.0000299999992 lhs_ret=1626.0000300000002 lhs_total=4560.000059999999 rhs_out=2934.0000299999992 rhs_ret=1626.0000300000002 rhs_total=4560.000059999999 tol_master=1e-08 tol_filter=None skip=not_violated_directional
[CUT SUMMARY] it=42 cand=OUT[0,2]|RET[0,3]|OUT[0,5]|RET[0,6]|OUT[0,7]|RET[0,9]|OUT[0,12]|RET[0,13]|OUT[0,17]|RET[0,18]|OUT[0,19]|RET[0,20]|...(+12) decision=None skip=not_violated_directional theta_total=4560.000059999999 rec_total=4560.00006 raw_rhs_total=4560.00006 rhs_total=4560.000059999999 lhs_total=4560.000059999999
Timing: master=2.259s sp_solve=0.039s cutgen=0.020s cutadd=0.001s cuts_added=0 total_cuts=23
MP stats: nodes=2398 best_bound=4558.3495534579615 incumbent=4561.99006 gap=0.0007980084336348786
[CHECK] GAP: LB=4189.12 UB=4228.99 gap=39.8738 rel=0.00943

=== Iteration 43 ===
Solving Master (MP)...
[TIGHTEN] no new cuts for 19 iters: time_limit_s=532 mipgap=0.001
[MIPSTART] x-only start applied: n_out=44 n_ret=44
[MP] Wrote LP: Report\master_iter_043_cuts_023_20260806_045542.lp
2026-08-06 04:55:44,611 INFO | mobauto2_benders.benders.solver | iter=43 master status=SolveStatus.FEASIBLE obj=4561.99 lb=4558.35
Solver log file: C:\Users\fabio\AppData\Local\Temp\tmpa0ksu8du.log
MP raw solver: status=ok term=optimal incumbent=4561.99006 best_bound=4558.3495534579615
MP solutions: count=1 keys=['Gap', 'Status', 'Message', 'Problem', 'Objective', 'Variable', 'Constraint']
[MP] Solver log: Report\master_iter_043_cuts_023_20260806_045542.log
Shuttle totals (OUT+RET): q0=12, q1=12
MP stats (solver): nodes=2398 best_bound=4558.3495534579615 incumbent=4561.99006 gap=0.0007980084336348786
MP result: status=SolveStatus.FEASIBLE obj=4561.99 lb=4558.35
[CHECK] MP: first=1.99 theta=4560 mp_total=4561.99 inc_obj=4561.99 best_bound=4558.35
[CHECK] MP bounds: mp_obj=4561.99 mp_best_bound=4558.35 mp_best_integer=4561.99 term=optimal status=ok gap=0.000798008
[MP] iter=43 incumbent=4561.99 best_bound=4558.35 gap=0.000798008 (src: inc=cplex_api bb=cplex_api gap=cplex_api)
[MP] iter=43 cuts=23 obj=4561.990 last_const=16486.000 last_nnz=28
[MW] core updated (t=0..): min=0.001 max=2 mean=0.546
Evaluating Subproblem (SP) at candidate...
2026-08-06 04:55:44,891 WARNING | mobauto2_benders.benders.solver | [CHECK FAIL] LB exceeds UB: LB=4558.35 UB=4228.99
2026-08-06 04:55:44,891 WARNING | mobauto2_benders.benders.solver | [CHECK] LB invalid; reverting to previous LB=4189.12
2026-08-06 04:55:44,891 INFO | mobauto2_benders.benders.solver | bounds: best_lb=4189.12 best_ub=4228.99 gap=39.8738 rel=0.00943
SP result: recourse=4560 feasible=True
[SP PIPELINE] iter=43 build=0.000s solve=0.000s extract=0.000s post=0.000s cutgen=0.064s mode=mw lb_valid=True tl_inc=False vars=- bin=- cons=- lp=-
[CHECK] SP: recourse=4560 first=1.99 sp_total=4561.99
[CUT TIGHTNESS] raw_line(y)=4560  SP_ub=4560  diff=-1.82e-12
[CUT DEBUG] Not violated (dir). viol_out=0 viol_ret=0
[CUT DEBUG] Not violated (dir). viol_out=0 viol_ret=0
Master updated: no new cuts (all skipped / duplicates)
[CUT ATTEMPT] it=43 cand=OUT[0,2]|RET[0,3]|OUT[0,5]|RET[0,6]|OUT[0,7]|RET[0,9]|OUT[0,12]|RET[0,13]|OUT[0,17]|RET[0,18]|OUT[0,19]|RET[0,20]|...(+12) theta_out=2934.0000299999992 theta_ret=1626.0000300000002 theta_total=4560.000059999999 rec_out=2934.00003 rec_ret=1626.00003 rec_total=4560.00006 raw_rhs_out=2934.0000299999997 raw_rhs_ret=1626.0000300000002 raw_rhs_total=4560.00006 raw_gap=0.0 lhs_out=2934.0000299999992 lhs_ret=1626.0000300000002 lhs_total=4560.000059999999 rhs_out=2934.0000299999992 rhs_ret=1626.0000300000002 rhs_total=4560.000059999999 tol_master=1e-08 tol_filter=None skip=not_violated_directional
[CUT SUMMARY] it=43 cand=OUT[0,2]|RET[0,3]|OUT[0,5]|RET[0,6]|OUT[0,7]|RET[0,9]|OUT[0,12]|RET[0,13]|OUT[0,17]|RET[0,18]|OUT[0,19]|RET[0,20]|...(+12) decision=None skip=not_violated_directional theta_total=4560.000059999999 rec_total=4560.00006 raw_rhs_total=4560.00006 rhs_total=4560.000059999999 lhs_total=4560.000059999999
Timing: master=2.076s sp_solve=0.053s cutgen=0.064s cutadd=0.004s cuts_added=0 total_cuts=23
MP stats: nodes=2398 best_bound=4558.3495534579615 incumbent=4561.99006 gap=0.0007980084336348786
[CHECK] GAP: LB=4189.12 UB=4228.99 gap=39.8738 rel=0.00943

=== Iteration 44 ===
Solving Master (MP)...
[TIGHTEN] no new cuts for 20 iters: time_limit_s=532 mipgap=0.001
[MIPSTART] x-only start applied: n_out=44 n_ret=44
[MP] Wrote LP: Report\master_iter_044_cuts_023_20260806_045544.lp
2026-08-06 04:55:46,925 INFO | mobauto2_benders.benders.solver | iter=44 master status=SolveStatus.FEASIBLE obj=4561.99 lb=4558.35
Solver log file: C:\Users\fabio\AppData\Local\Temp\tmpau27a0vh.log
MP raw solver: status=ok term=optimal incumbent=4561.99006 best_bound=4558.3495534579615
MP solutions: count=1 keys=['Gap', 'Status', 'Message', 'Problem', 'Objective', 'Variable', 'Constraint']
[MP] Solver log: Report\master_iter_044_cuts_023_20260806_045544.log
Shuttle totals (OUT+RET): q0=12, q1=12
MP stats (solver): nodes=2398 best_bound=4558.3495534579615 incumbent=4561.99006 gap=0.0007980084336348786
MP result: status=SolveStatus.FEASIBLE obj=4561.99 lb=4558.35
[CHECK] MP: first=1.99 theta=4560 mp_total=4561.99 inc_obj=4561.99 best_bound=4558.35
[CHECK] MP bounds: mp_obj=4561.99 mp_best_bound=4558.35 mp_best_integer=4561.99 term=optimal status=ok gap=0.000798008
[MP] iter=44 incumbent=4561.99 best_bound=4558.35 gap=0.000798008 (src: inc=cplex_api bb=cplex_api gap=cplex_api)
[MP] iter=44 cuts=23 obj=4561.990 last_const=16486.000 last_nnz=28
[MW] core updated (t=0..): min=0.001 max=2 mean=0.546
Evaluating Subproblem (SP) at candidate...
2026-08-06 04:55:47,151 WARNING | mobauto2_benders.benders.solver | [CHECK FAIL] LB exceeds UB: LB=4558.35 UB=4228.99
2026-08-06 04:55:47,151 WARNING | mobauto2_benders.benders.solver | [CHECK] LB invalid; reverting to previous LB=4189.12
2026-08-06 04:55:47,153 INFO | mobauto2_benders.benders.solver | bounds: best_lb=4189.12 best_ub=4228.99 gap=39.8738 rel=0.00943
SP result: recourse=4560 feasible=True
[SP PIPELINE] iter=44 build=0.000s solve=0.000s extract=0.000s post=0.000s cutgen=0.042s mode=mw lb_valid=True tl_inc=False vars=- bin=- cons=- lp=-
[CHECK] SP: recourse=4560 first=1.99 sp_total=4561.99
[CUT TIGHTNESS] raw_line(y)=4560  SP_ub=4560  diff=-1.82e-12
[CUT DEBUG] Not violated (dir). viol_out=0 viol_ret=0
[CUT DEBUG] Not violated (dir). viol_out=0 viol_ret=0
Master updated: no new cuts (all skipped / duplicates)
[CUT ATTEMPT] it=44 cand=OUT[0,2]|RET[0,3]|OUT[0,5]|RET[0,6]|OUT[0,7]|RET[0,9]|OUT[0,12]|RET[0,13]|OUT[0,17]|RET[0,18]|OUT[0,19]|RET[0,20]|...(+12) theta_out=2934.0000299999992 theta_ret=1626.0000300000002 theta_total=4560.000059999999 rec_out=2934.00003 rec_ret=1626.00003 rec_total=4560.00006 raw_rhs_out=2934.0000299999997 raw_rhs_ret=1626.0000300000002 raw_rhs_total=4560.00006 raw_gap=0.0 lhs_out=2934.0000299999992 lhs_ret=1626.0000300000002 lhs_total=4560.000059999999 rhs_out=2934.0000299999992 rhs_ret=1626.0000300000002 rhs_total=4560.000059999999 tol_master=1e-08 tol_filter=None skip=not_violated_directional
[CUT SUMMARY] it=44 cand=OUT[0,2]|RET[0,3]|OUT[0,5]|RET[0,6]|OUT[0,7]|RET[0,9]|OUT[0,12]|RET[0,13]|OUT[0,17]|RET[0,18]|OUT[0,19]|RET[0,20]|...(+12) decision=None skip=not_violated_directional theta_total=4560.000059999999 rec_total=4560.00006 raw_rhs_total=4560.00006 rhs_total=4560.000059999999 lhs_total=4560.000059999999
Timing: master=2.021s sp_solve=0.045s cutgen=0.042s cutadd=0.002s cuts_added=0 total_cuts=23
MP stats: nodes=2398 best_bound=4558.3495534579615 incumbent=4561.99006 gap=0.0007980084336348786
[CHECK] GAP: LB=4189.12 UB=4228.99 gap=39.8738 rel=0.00943

=== Iteration 45 ===
Solving Master (MP)...
[TIGHTEN] no new cuts for 21 iters: time_limit_s=532 mipgap=0.001
[MIPSTART] x-only start applied: n_out=44 n_ret=44
[MP] Wrote LP: Report\master_iter_045_cuts_023_20260806_045547.lp
2026-08-06 04:55:49,207 INFO | mobauto2_benders.benders.solver | iter=45 master status=SolveStatus.FEASIBLE obj=4561.99 lb=4558.35
Solver log file: C:\Users\fabio\AppData\Local\Temp\tmpjuzx2s0x.log
MP raw solver: status=ok term=optimal incumbent=4561.99006 best_bound=4558.3495534579615
MP solutions: count=1 keys=['Gap', 'Status', 'Message', 'Problem', 'Objective', 'Variable', 'Constraint']
[MP] Solver log: Report\master_iter_045_cuts_023_20260806_045547.log
Shuttle totals (OUT+RET): q0=12, q1=12
MP stats (solver): nodes=2398 best_bound=4558.3495534579615 incumbent=4561.99006 gap=0.0007980084336348786
MP result: status=SolveStatus.FEASIBLE obj=4561.99 lb=4558.35
[CHECK] MP: first=1.99 theta=4560 mp_total=4561.99 inc_obj=4561.99 best_bound=4558.35
[CHECK] MP bounds: mp_obj=4561.99 mp_best_bound=4558.35 mp_best_integer=4561.99 term=optimal status=ok gap=0.000798008
[MP] iter=45 incumbent=4561.99 best_bound=4558.35 gap=0.000798008 (src: inc=cplex_api bb=cplex_api gap=cplex_api)
[MP] iter=45 cuts=23 obj=4561.990 last_const=16486.000 last_nnz=28
[MW] core updated (t=0..): min=0.001 max=2 mean=0.546
Evaluating Subproblem (SP) at candidate...
2026-08-06 04:55:49,428 WARNING | mobauto2_benders.benders.solver | [CHECK FAIL] LB exceeds UB: LB=4558.35 UB=4228.99
2026-08-06 04:55:49,429 WARNING | mobauto2_benders.benders.solver | [CHECK] LB invalid; reverting to previous LB=4189.12
2026-08-06 04:55:49,433 INFO | mobauto2_benders.benders.solver | bounds: best_lb=4189.12 best_ub=4228.99 gap=39.8738 rel=0.00943
SP result: recourse=4560 feasible=True
[SP PIPELINE] iter=45 build=0.000s solve=0.000s extract=0.000s post=0.000s cutgen=0.044s mode=mw lb_valid=True tl_inc=False vars=- bin=- cons=- lp=-
[CHECK] SP: recourse=4560 first=1.99 sp_total=4561.99
[CUT TIGHTNESS] raw_line(y)=4560  SP_ub=4560  diff=-1.82e-12
[CUT DEBUG] Not violated (dir). viol_out=0 viol_ret=0
[CUT DEBUG] Not violated (dir). viol_out=0 viol_ret=0
Master updated: no new cuts (all skipped / duplicates)
[CUT ATTEMPT] it=45 cand=OUT[0,2]|RET[0,3]|OUT[0,5]|RET[0,6]|OUT[0,7]|RET[0,9]|OUT[0,12]|RET[0,13]|OUT[0,17]|RET[0,18]|OUT[0,19]|RET[0,20]|...(+12) theta_out=2934.0000299999992 theta_ret=1626.0000300000002 theta_total=4560.000059999999 rec_out=2934.00003 rec_ret=1626.00003 rec_total=4560.00006 raw_rhs_out=2934.0000299999997 raw_rhs_ret=1626.0000300000002 raw_rhs_total=4560.00006 raw_gap=0.0 lhs_out=2934.0000299999992 lhs_ret=1626.0000300000002 lhs_total=4560.000059999999 rhs_out=2934.0000299999992 rhs_ret=1626.0000300000002 rhs_total=4560.000059999999 tol_master=1e-08 tol_filter=None skip=not_violated_directional
[CUT SUMMARY] it=45 cand=OUT[0,2]|RET[0,3]|OUT[0,5]|RET[0,6]|OUT[0,7]|RET[0,9]|OUT[0,12]|RET[0,13]|OUT[0,17]|RET[0,18]|OUT[0,19]|RET[0,20]|...(+12) decision=None skip=not_violated_directional theta_total=4560.000059999999 rec_total=4560.00006 raw_rhs_total=4560.00006 rhs_total=4560.000059999999 lhs_total=4560.000059999999
Timing: master=2.053s sp_solve=0.048s cutgen=0.044s cutadd=0.004s cuts_added=0 total_cuts=23
MP stats: nodes=2398 best_bound=4558.3495534579615 incumbent=4561.99006 gap=0.0007980084336348786
[CHECK] GAP: LB=4189.12 UB=4228.99 gap=39.8738 rel=0.00943

=== Iteration 46 ===
Solving Master (MP)...
[TIGHTEN] no new cuts for 22 iters: time_limit_s=532 mipgap=0.001
[MIPSTART] x-only start applied: n_out=44 n_ret=44
[MP] Wrote LP: Report\master_iter_046_cuts_023_20260806_045549.lp
2026-08-06 04:55:52,509 INFO | mobauto2_benders.benders.solver | iter=46 master status=SolveStatus.FEASIBLE obj=4561.99 lb=4558.35
Solver log file: C:\Users\fabio\AppData\Local\Temp\tmpsvwdb0lq.log
MP raw solver: status=ok term=optimal incumbent=4561.99006 best_bound=4558.3495534579615
MP solutions: count=1 keys=['Gap', 'Status', 'Message', 'Problem', 'Objective', 'Variable', 'Constraint']
[MP] Solver log: Report\master_iter_046_cuts_023_20260806_045549.log
Shuttle totals (OUT+RET): q0=12, q1=12
MP stats (solver): nodes=2398 best_bound=4558.3495534579615 incumbent=4561.99006 gap=0.0007980084336348786
MP result: status=SolveStatus.FEASIBLE obj=4561.99 lb=4558.35
[CHECK] MP: first=1.99 theta=4560 mp_total=4561.99 inc_obj=4561.99 best_bound=4558.35
[CHECK] MP bounds: mp_obj=4561.99 mp_best_bound=4558.35 mp_best_integer=4561.99 term=optimal status=ok gap=0.000798008
[MP] iter=46 incumbent=4561.99 best_bound=4558.35 gap=0.000798008 (src: inc=cplex_api bb=cplex_api gap=cplex_api)
[MP] iter=46 cuts=23 obj=4561.990 last_const=16486.000 last_nnz=28
[MW] core updated (t=0..): min=0.001 max=2 mean=0.546
Evaluating Subproblem (SP) at candidate...
2026-08-06 04:55:52,668 WARNING | mobauto2_benders.benders.solver | [CHECK FAIL] LB exceeds UB: LB=4558.35 UB=4228.99
2026-08-06 04:55:52,668 WARNING | mobauto2_benders.benders.solver | [CHECK] LB invalid; reverting to previous LB=4189.12
2026-08-06 04:55:52,680 INFO | mobauto2_benders.benders.solver | bounds: best_lb=4189.12 best_ub=4228.99 gap=39.8738 rel=0.00943
SP result: recourse=4560 feasible=True
[SP PIPELINE] iter=46 build=0.000s solve=0.000s extract=0.000s post=0.000s cutgen=0.026s mode=mw lb_valid=True tl_inc=False vars=- bin=- cons=- lp=-
[CHECK] SP: recourse=4560 first=1.99 sp_total=4561.99
[CUT TIGHTNESS] raw_line(y)=4560  SP_ub=4560  diff=-1.82e-12
[CUT DEBUG] Not violated (dir). viol_out=0 viol_ret=0
[CUT DEBUG] Not violated (dir). viol_out=0 viol_ret=0
Master updated: no new cuts (all skipped / duplicates)
[CUT ATTEMPT] it=46 cand=OUT[0,2]|RET[0,3]|OUT[0,5]|RET[0,6]|OUT[0,7]|RET[0,9]|OUT[0,12]|RET[0,13]|OUT[0,17]|RET[0,18]|OUT[0,19]|RET[0,20]|...(+12) theta_out=2934.0000299999992 theta_ret=1626.0000300000002 theta_total=4560.000059999999 rec_out=2934.00003 rec_ret=1626.00003 rec_total=4560.00006 raw_rhs_out=2934.0000299999997 raw_rhs_ret=1626.0000300000002 raw_rhs_total=4560.00006 raw_gap=0.0 lhs_out=2934.0000299999992 lhs_ret=1626.0000300000002 lhs_total=4560.000059999999 rhs_out=2934.0000299999992 rhs_ret=1626.0000300000002 rhs_total=4560.000059999999 tol_master=1e-08 tol_filter=None skip=not_violated_directional
[CUT SUMMARY] it=46 cand=OUT[0,2]|RET[0,3]|OUT[0,5]|RET[0,6]|OUT[0,7]|RET[0,9]|OUT[0,12]|RET[0,13]|OUT[0,17]|RET[0,18]|OUT[0,19]|RET[0,20]|...(+12) decision=None skip=not_violated_directional theta_total=4560.000059999999 rec_total=4560.00006 raw_rhs_total=4560.00006 rhs_total=4560.000059999999 lhs_total=4560.000059999999
Timing: master=3.075s sp_solve=0.030s cutgen=0.026s cutadd=0.003s cuts_added=0 total_cuts=23
MP stats: nodes=2398 best_bound=4558.3495534579615 incumbent=4561.99006 gap=0.0007980084336348786
[CHECK] GAP: LB=4189.12 UB=4228.99 gap=39.8738 rel=0.00943

=== Iteration 47 ===
Solving Master (MP)...
[TIGHTEN] no new cuts for 23 iters: time_limit_s=532 mipgap=0.001
[MIPSTART] x-only start applied: n_out=44 n_ret=44
[MP] Wrote LP: Report\master_iter_047_cuts_023_20260806_045552.lp
2026-08-06 04:55:54,289 INFO | mobauto2_benders.benders.solver | iter=47 master status=SolveStatus.FEASIBLE obj=4561.99 lb=4558.35
Solver log file: C:\Users\fabio\AppData\Local\Temp\tmp3rs7wmht.log
MP raw solver: status=ok term=optimal incumbent=4561.99006 best_bound=4558.3495534579615
MP solutions: count=1 keys=['Gap', 'Status', 'Message', 'Problem', 'Objective', 'Variable', 'Constraint']
[MP] Solver log: Report\master_iter_047_cuts_023_20260806_045552.log
Shuttle totals (OUT+RET): q0=12, q1=12
MP stats (solver): nodes=2398 best_bound=4558.3495534579615 incumbent=4561.99006 gap=0.0007980084336348786
MP result: status=SolveStatus.FEASIBLE obj=4561.99 lb=4558.35
[CHECK] MP: first=1.99 theta=4560 mp_total=4561.99 inc_obj=4561.99 best_bound=4558.35
[CHECK] MP bounds: mp_obj=4561.99 mp_best_bound=4558.35 mp_best_integer=4561.99 term=optimal status=ok gap=0.000798008
[MP] iter=47 incumbent=4561.99 best_bound=4558.35 gap=0.000798008 (src: inc=cplex_api bb=cplex_api gap=cplex_api)
[MP] iter=47 cuts=23 obj=4561.990 last_const=16486.000 last_nnz=28
[MW] core updated (t=0..): min=0.001 max=2 mean=0.546
Evaluating Subproblem (SP) at candidate...
2026-08-06 04:55:54,423 WARNING | mobauto2_benders.benders.solver | [CHECK FAIL] LB exceeds UB: LB=4558.35 UB=4228.99
2026-08-06 04:55:54,423 WARNING | mobauto2_benders.benders.solver | [CHECK] LB invalid; reverting to previous LB=4189.12
2026-08-06 04:55:54,426 INFO | mobauto2_benders.benders.solver | bounds: best_lb=4189.12 best_ub=4228.99 gap=39.8738 rel=0.00943
SP result: recourse=4560 feasible=True
[SP PIPELINE] iter=47 build=0.000s solve=0.000s extract=0.000s post=0.000s cutgen=0.024s mode=mw lb_valid=True tl_inc=False vars=- bin=- cons=- lp=-
[CHECK] SP: recourse=4560 first=1.99 sp_total=4561.99
[CUT TIGHTNESS] raw_line(y)=4560  SP_ub=4560  diff=-1.82e-12
[CUT DEBUG] Not violated (dir). viol_out=0 viol_ret=0
[CUT DEBUG] Not violated (dir). viol_out=0 viol_ret=0
Master updated: no new cuts (all skipped / duplicates)
[CUT ATTEMPT] it=47 cand=OUT[0,2]|RET[0,3]|OUT[0,5]|RET[0,6]|OUT[0,7]|RET[0,9]|OUT[0,12]|RET[0,13]|OUT[0,17]|RET[0,18]|OUT[0,19]|RET[0,20]|...(+12) theta_out=2934.0000299999992 theta_ret=1626.0000300000002 theta_total=4560.000059999999 rec_out=2934.00003 rec_ret=1626.00003 rec_total=4560.00006 raw_rhs_out=2934.0000299999997 raw_rhs_ret=1626.0000300000002 raw_rhs_total=4560.00006 raw_gap=0.0 lhs_out=2934.0000299999992 lhs_ret=1626.0000300000002 lhs_total=4560.000059999999 rhs_out=2934.0000299999992 rhs_ret=1626.0000300000002 rhs_total=4560.000059999999 tol_master=1e-08 tol_filter=None skip=not_violated_directional
[CUT SUMMARY] it=47 cand=OUT[0,2]|RET[0,3]|OUT[0,5]|RET[0,6]|OUT[0,7]|RET[0,9]|OUT[0,12]|RET[0,13]|OUT[0,17]|RET[0,18]|OUT[0,19]|RET[0,20]|...(+12) decision=None skip=not_violated_directional theta_total=4560.000059999999 rec_total=4560.00006 raw_rhs_total=4560.00006 rhs_total=4560.000059999999 lhs_total=4560.000059999999
Timing: master=1.608s sp_solve=0.024s cutgen=0.024s cutadd=0.002s cuts_added=0 total_cuts=23
MP stats: nodes=2398 best_bound=4558.3495534579615 incumbent=4561.99006 gap=0.0007980084336348786
[CHECK] GAP: LB=4189.12 UB=4228.99 gap=39.8738 rel=0.00943

=== Iteration 48 ===
Solving Master (MP)...
[TIGHTEN] no new cuts for 24 iters: time_limit_s=532 mipgap=0.001
[MIPSTART] x-only start applied: n_out=44 n_ret=44
[MP] Wrote LP: Report\master_iter_048_cuts_023_20260806_045554.lp
2026-08-06 04:55:56,875 INFO | mobauto2_benders.benders.solver | iter=48 master status=SolveStatus.FEASIBLE obj=4561.99 lb=4558.35
Solver log file: C:\Users\fabio\AppData\Local\Temp\tmpfssgcl24.log
MP raw solver: status=ok term=optimal incumbent=4561.99006 best_bound=4558.3495534579615
MP solutions: count=1 keys=['Gap', 'Status', 'Message', 'Problem', 'Objective', 'Variable', 'Constraint']
[MP] Solver log: Report\master_iter_048_cuts_023_20260806_045554.log
Shuttle totals (OUT+RET): q0=12, q1=12
MP stats (solver): nodes=2398 best_bound=4558.3495534579615 incumbent=4561.99006 gap=0.0007980084336348786
MP result: status=SolveStatus.FEASIBLE obj=4561.99 lb=4558.35
[CHECK] MP: first=1.99 theta=4560 mp_total=4561.99 inc_obj=4561.99 best_bound=4558.35
[CHECK] MP bounds: mp_obj=4561.99 mp_best_bound=4558.35 mp_best_integer=4561.99 term=optimal status=ok gap=0.000798008
[MP] iter=48 incumbent=4561.99 best_bound=4558.35 gap=0.000798008 (src: inc=cplex_api bb=cplex_api gap=cplex_api)
[MP] iter=48 cuts=23 obj=4561.990 last_const=16486.000 last_nnz=28
[MW] core updated (t=0..): min=0.001 max=2 mean=0.546
Evaluating Subproblem (SP) at candidate...
2026-08-06 04:55:57,008 WARNING | mobauto2_benders.benders.solver | [CHECK FAIL] LB exceeds UB: LB=4558.35 UB=4228.99
2026-08-06 04:55:57,008 WARNING | mobauto2_benders.benders.solver | [CHECK] LB invalid; reverting to previous LB=4189.12
2026-08-06 04:55:57,010 INFO | mobauto2_benders.benders.solver | bounds: best_lb=4189.12 best_ub=4228.99 gap=39.8738 rel=0.00943
SP result: recourse=4560 feasible=True
[SP PIPELINE] iter=48 build=0.000s solve=0.000s extract=0.000s post=0.000s cutgen=0.021s mode=mw lb_valid=True tl_inc=False vars=- bin=- cons=- lp=-
[CHECK] SP: recourse=4560 first=1.99 sp_total=4561.99
[CUT TIGHTNESS] raw_line(y)=4560  SP_ub=4560  diff=-1.82e-12
[CUT DEBUG] Not violated (dir). viol_out=0 viol_ret=0
[CUT DEBUG] Not violated (dir). viol_out=0 viol_ret=0
Master updated: no new cuts (all skipped / duplicates)
[CUT ATTEMPT] it=48 cand=OUT[0,2]|RET[0,3]|OUT[0,5]|RET[0,6]|OUT[0,7]|RET[0,9]|OUT[0,12]|RET[0,13]|OUT[0,17]|RET[0,18]|OUT[0,19]|RET[0,20]|...(+12) theta_out=2934.0000299999992 theta_ret=1626.0000300000002 theta_total=4560.000059999999 rec_out=2934.00003 rec_ret=1626.00003 rec_total=4560.00006 raw_rhs_out=2934.0000299999997 raw_rhs_ret=1626.0000300000002 raw_rhs_total=4560.00006 raw_gap=0.0 lhs_out=2934.0000299999992 lhs_ret=1626.0000300000002 lhs_total=4560.000059999999 rhs_out=2934.0000299999992 rhs_ret=1626.0000300000002 rhs_total=4560.000059999999 tol_master=1e-08 tol_filter=None skip=not_violated_directional
[CUT SUMMARY] it=48 cand=OUT[0,2]|RET[0,3]|OUT[0,5]|RET[0,6]|OUT[0,7]|RET[0,9]|OUT[0,12]|RET[0,13]|OUT[0,17]|RET[0,18]|OUT[0,19]|RET[0,20]|...(+12) decision=None skip=not_violated_directional theta_total=4560.000059999999 rec_total=4560.00006 raw_rhs_total=4560.00006 rhs_total=4560.000059999999 lhs_total=4560.000059999999
Timing: master=2.449s sp_solve=0.023s cutgen=0.021s cutadd=0.001s cuts_added=0 total_cuts=23
MP stats: nodes=2398 best_bound=4558.3495534579615 incumbent=4561.99006 gap=0.0007980084336348786
[CHECK] GAP: LB=4189.12 UB=4228.99 gap=39.8738 rel=0.00943

=== Iteration 49 ===
Solving Master (MP)...
[TIGHTEN] no new cuts for 25 iters: time_limit_s=532 mipgap=0.001
[MIPSTART] x-only start applied: n_out=44 n_ret=44
[MP] Wrote LP: Report\master_iter_049_cuts_023_20260806_045557.lp
2026-08-06 04:55:59,097 INFO | mobauto2_benders.benders.solver | iter=49 master status=SolveStatus.FEASIBLE obj=4561.99 lb=4558.35
Solver log file: C:\Users\fabio\AppData\Local\Temp\tmp8byucn5z.log
MP raw solver: status=ok term=optimal incumbent=4561.99006 best_bound=4558.3495534579615
MP solutions: count=1 keys=['Gap', 'Status', 'Message', 'Problem', 'Objective', 'Variable', 'Constraint']
[MP] Solver log: Report\master_iter_049_cuts_023_20260806_045557.log
Shuttle totals (OUT+RET): q0=12, q1=12
MP stats (solver): nodes=2398 best_bound=4558.3495534579615 incumbent=4561.99006 gap=0.0007980084336348786
MP result: status=SolveStatus.FEASIBLE obj=4561.99 lb=4558.35
[CHECK] MP: first=1.99 theta=4560 mp_total=4561.99 inc_obj=4561.99 best_bound=4558.35
[CHECK] MP bounds: mp_obj=4561.99 mp_best_bound=4558.35 mp_best_integer=4561.99 term=optimal status=ok gap=0.000798008
[MP] iter=49 incumbent=4561.99 best_bound=4558.35 gap=0.000798008 (src: inc=cplex_api bb=cplex_api gap=cplex_api)
[MP] iter=49 cuts=23 obj=4561.990 last_const=16486.000 last_nnz=28
[MW] core updated (t=0..): min=0.001 max=2 mean=0.546
Evaluating Subproblem (SP) at candidate...
2026-08-06 04:55:59,211 WARNING | mobauto2_benders.benders.solver | [CHECK FAIL] LB exceeds UB: LB=4558.35 UB=4228.99
2026-08-06 04:55:59,211 WARNING | mobauto2_benders.benders.solver | [CHECK] LB invalid; reverting to previous LB=4189.12
2026-08-06 04:55:59,212 INFO | mobauto2_benders.benders.solver | bounds: best_lb=4189.12 best_ub=4228.99 gap=39.8738 rel=0.00943
SP result: recourse=4560 feasible=True
[SP PIPELINE] iter=49 build=0.000s solve=0.000s extract=0.000s post=0.000s cutgen=0.021s mode=mw lb_valid=True tl_inc=False vars=- bin=- cons=- lp=-
[CHECK] SP: recourse=4560 first=1.99 sp_total=4561.99
[CUT TIGHTNESS] raw_line(y)=4560  SP_ub=4560  diff=-1.82e-12
[CUT DEBUG] Not violated (dir). viol_out=0 viol_ret=0
[CUT DEBUG] Not violated (dir). viol_out=0 viol_ret=0
Master updated: no new cuts (all skipped / duplicates)
[CUT ATTEMPT] it=49 cand=OUT[0,2]|RET[0,3]|OUT[0,5]|RET[0,6]|OUT[0,7]|RET[0,9]|OUT[0,12]|RET[0,13]|OUT[0,17]|RET[0,18]|OUT[0,19]|RET[0,20]|...(+12) theta_out=2934.0000299999992 theta_ret=1626.0000300000002 theta_total=4560.000059999999 rec_out=2934.00003 rec_ret=1626.00003 rec_total=4560.00006 raw_rhs_out=2934.0000299999997 raw_rhs_ret=1626.0000300000002 raw_rhs_total=4560.00006 raw_gap=0.0 lhs_out=2934.0000299999992 lhs_ret=1626.0000300000002 lhs_total=4560.000059999999 rhs_out=2934.0000299999992 rhs_ret=1626.0000300000002 rhs_total=4560.000059999999 tol_master=1e-08 tol_filter=None skip=not_violated_directional
[CUT SUMMARY] it=49 cand=OUT[0,2]|RET[0,3]|OUT[0,5]|RET[0,6]|OUT[0,7]|RET[0,9]|OUT[0,12]|RET[0,13]|OUT[0,17]|RET[0,18]|OUT[0,19]|RET[0,20]|...(+12) decision=None skip=not_violated_directional theta_total=4560.000059999999 rec_total=4560.00006 raw_rhs_total=4560.00006 rhs_total=4560.000059999999 lhs_total=4560.000059999999
Timing: master=2.086s sp_solve=0.023s cutgen=0.021s cutadd=0.001s cuts_added=0 total_cuts=23
MP stats: nodes=2398 best_bound=4558.3495534579615 incumbent=4561.99006 gap=0.0007980084336348786
[CHECK] GAP: LB=4189.12 UB=4228.99 gap=39.8738 rel=0.00943

=== Iteration 50 ===
Solving Master (MP)...
[TIGHTEN] no new cuts for 26 iters: time_limit_s=532 mipgap=0.001
[MIPSTART] x-only start applied: n_out=44 n_ret=44
[MP] Wrote LP: Report\master_iter_050_cuts_023_20260806_045559.lp
2026-08-06 04:56:01,029 INFO | mobauto2_benders.benders.solver | iter=50 master status=SolveStatus.FEASIBLE obj=4561.99 lb=4558.35
Solver log file: C:\Users\fabio\AppData\Local\Temp\tmp6lzsqnk4.log
MP raw solver: status=ok term=optimal incumbent=4561.99006 best_bound=4558.3495534579615
MP solutions: count=1 keys=['Gap', 'Status', 'Message', 'Problem', 'Objective', 'Variable', 'Constraint']
[MP] Solver log: Report\master_iter_050_cuts_023_20260806_045559.log
Shuttle totals (OUT+RET): q0=12, q1=12
MP stats (solver): nodes=2398 best_bound=4558.3495534579615 incumbent=4561.99006 gap=0.0007980084336348786
MP result: status=SolveStatus.FEASIBLE obj=4561.99 lb=4558.35
[CHECK] MP: first=1.99 theta=4560 mp_total=4561.99 inc_obj=4561.99 best_bound=4558.35
[CHECK] MP bounds: mp_obj=4561.99 mp_best_bound=4558.35 mp_best_integer=4561.99 term=optimal status=ok gap=0.000798008
[MP] iter=50 incumbent=4561.99 best_bound=4558.35 gap=0.000798008 (src: inc=cplex_api bb=cplex_api gap=cplex_api)
[MP] iter=50 cuts=23 obj=4561.990 last_const=16486.000 last_nnz=28
[MW] core updated (t=0..): min=0.001 max=2 mean=0.546
Evaluating Subproblem (SP) at candidate...
2026-08-06 04:56:01,142 WARNING | mobauto2_benders.benders.solver | [CHECK FAIL] LB exceeds UB: LB=4558.35 UB=4228.99
2026-08-06 04:56:01,143 WARNING | mobauto2_benders.benders.solver | [CHECK] LB invalid; reverting to previous LB=4189.12
2026-08-06 04:56:01,145 INFO | mobauto2_benders.benders.solver | bounds: best_lb=4189.12 best_ub=4228.99 gap=39.8738 rel=0.00943
SP result: recourse=4560 feasible=True
[SP PIPELINE] iter=50 build=0.000s solve=0.000s extract=0.000s post=0.000s cutgen=0.026s mode=mw lb_valid=True tl_inc=False vars=- bin=- cons=- lp=-
[CHECK] SP: recourse=4560 first=1.99 sp_total=4561.99
[CUT TIGHTNESS] raw_line(y)=4560  SP_ub=4560  diff=-1.82e-12
[CUT DEBUG] Not violated (dir). viol_out=0 viol_ret=0
[CUT DEBUG] Not violated (dir). viol_out=0 viol_ret=0
Master updated: no new cuts (all skipped / duplicates)
[CUT ATTEMPT] it=50 cand=OUT[0,2]|RET[0,3]|OUT[0,5]|RET[0,6]|OUT[0,7]|RET[0,9]|OUT[0,12]|RET[0,13]|OUT[0,17]|RET[0,18]|OUT[0,19]|RET[0,20]|...(+12) theta_out=2934.0000299999992 theta_ret=1626.0000300000002 theta_total=4560.000059999999 rec_out=2934.00003 rec_ret=1626.00003 rec_total=4560.00006 raw_rhs_out=2934.0000299999997 raw_rhs_ret=1626.0000300000002 raw_rhs_total=4560.00006 raw_gap=0.0 lhs_out=2934.0000299999992 lhs_ret=1626.0000300000002 lhs_total=4560.000059999999 rhs_out=2934.0000299999992 rhs_ret=1626.0000300000002 rhs_total=4560.000059999999 tol_master=1e-08 tol_filter=None skip=not_violated_directional
[CUT SUMMARY] it=50 cand=OUT[0,2]|RET[0,3]|OUT[0,5]|RET[0,6]|OUT[0,7]|RET[0,9]|OUT[0,12]|RET[0,13]|OUT[0,17]|RET[0,18]|OUT[0,19]|RET[0,20]|...(+12) decision=None skip=not_violated_directional theta_total=4560.000059999999 rec_total=4560.00006 raw_rhs_total=4560.00006 rhs_total=4560.000059999999 lhs_total=4560.000059999999
Timing: master=1.816s sp_solve=0.021s cutgen=0.026s cutadd=0.002s cuts_added=0 total_cuts=23
MP stats: nodes=2398 best_bound=4558.3495534579615 incumbent=4561.99006 gap=0.0007980084336348786
[CHECK] GAP: LB=4189.12 UB=4228.99 gap=39.8738 rel=0.00943

=== Iteration 51 ===
Solving Master (MP)...
[TIGHTEN] no new cuts for 27 iters: time_limit_s=532 mipgap=0.001
[MIPSTART] x-only start applied: n_out=44 n_ret=44
[MP] Wrote LP: Report\master_iter_051_cuts_023_20260806_045601.lp
2026-08-06 04:56:02,971 INFO | mobauto2_benders.benders.solver | iter=51 master status=SolveStatus.FEASIBLE obj=4561.99 lb=4558.35
Solver log file: C:\Users\fabio\AppData\Local\Temp\tmpmwi6a8a2.log
MP raw solver: status=ok term=optimal incumbent=4561.99006 best_bound=4558.3495534579615
MP solutions: count=1 keys=['Gap', 'Status', 'Message', 'Problem', 'Objective', 'Variable', 'Constraint']
[MP] Solver log: Report\master_iter_051_cuts_023_20260806_045601.log
Shuttle totals (OUT+RET): q0=12, q1=12
MP stats (solver): nodes=2398 best_bound=4558.3495534579615 incumbent=4561.99006 gap=0.0007980084336348786
MP result: status=SolveStatus.FEASIBLE obj=4561.99 lb=4558.35
[CHECK] MP: first=1.99 theta=4560 mp_total=4561.99 inc_obj=4561.99 best_bound=4558.35
[CHECK] MP bounds: mp_obj=4561.99 mp_best_bound=4558.35 mp_best_integer=4561.99 term=optimal status=ok gap=0.000798008
[MP] iter=51 incumbent=4561.99 best_bound=4558.35 gap=0.000798008 (src: inc=cplex_api bb=cplex_api gap=cplex_api)
[MP] iter=51 cuts=23 obj=4561.990 last_const=16486.000 last_nnz=28
[MW] core updated (t=0..): min=0.001 max=2 mean=0.546
Evaluating Subproblem (SP) at candidate...
2026-08-06 04:56:03,071 WARNING | mobauto2_benders.benders.solver | [CHECK FAIL] LB exceeds UB: LB=4558.35 UB=4228.99
2026-08-06 04:56:03,071 WARNING | mobauto2_benders.benders.solver | [CHECK] LB invalid; reverting to previous LB=4189.12
2026-08-06 04:56:03,071 INFO | mobauto2_benders.benders.solver | bounds: best_lb=4189.12 best_ub=4228.99 gap=39.8738 rel=0.00943
SP result: recourse=4560 feasible=True
[SP PIPELINE] iter=51 build=0.000s solve=0.000s extract=0.000s post=0.000s cutgen=0.020s mode=mw lb_valid=True tl_inc=False vars=- bin=- cons=- lp=-
[CHECK] SP: recourse=4560 first=1.99 sp_total=4561.99
[CUT TIGHTNESS] raw_line(y)=4560  SP_ub=4560  diff=-1.82e-12
[CUT DEBUG] Not violated (dir). viol_out=0 viol_ret=0
[CUT DEBUG] Not violated (dir). viol_out=0 viol_ret=0
Master updated: no new cuts (all skipped / duplicates)
[CUT ATTEMPT] it=51 cand=OUT[0,2]|RET[0,3]|OUT[0,5]|RET[0,6]|OUT[0,7]|RET[0,9]|OUT[0,12]|RET[0,13]|OUT[0,17]|RET[0,18]|OUT[0,19]|RET[0,20]|...(+12) theta_out=2934.0000299999992 theta_ret=1626.0000300000002 theta_total=4560.000059999999 rec_out=2934.00003 rec_ret=1626.00003 rec_total=4560.00006 raw_rhs_out=2934.0000299999997 raw_rhs_ret=1626.0000300000002 raw_rhs_total=4560.00006 raw_gap=0.0 lhs_out=2934.0000299999992 lhs_ret=1626.0000300000002 lhs_total=4560.000059999999 rhs_out=2934.0000299999992 rhs_ret=1626.0000300000002 rhs_total=4560.000059999999 tol_master=1e-08 tol_filter=None skip=not_violated_directional
[CUT SUMMARY] it=51 cand=OUT[0,2]|RET[0,3]|OUT[0,5]|RET[0,6]|OUT[0,7]|RET[0,9]|OUT[0,12]|RET[0,13]|OUT[0,17]|RET[0,18]|OUT[0,19]|RET[0,20]|...(+12) decision=None skip=not_violated_directional theta_total=4560.000059999999 rec_total=4560.00006 raw_rhs_total=4560.00006 rhs_total=4560.000059999999 lhs_total=4560.000059999999
Timing: master=1.832s sp_solve=0.022s cutgen=0.020s cutadd=0.001s cuts_added=0 total_cuts=23
MP stats: nodes=2398 best_bound=4558.3495534579615 incumbent=4561.99006 gap=0.0007980084336348786
[CHECK] GAP: LB=4189.12 UB=4228.99 gap=39.8738 rel=0.00943

=== Iteration 52 ===
Solving Master (MP)...
[TIGHTEN] no new cuts for 28 iters: time_limit_s=532 mipgap=0.001
[MIPSTART] x-only start applied: n_out=44 n_ret=44
[MP] Wrote LP: Report\master_iter_052_cuts_023_20260806_045603.lp
2026-08-06 04:56:04,640 INFO | mobauto2_benders.benders.solver | iter=52 master status=SolveStatus.FEASIBLE obj=4561.99 lb=4558.35
Solver log file: C:\Users\fabio\AppData\Local\Temp\tmpzpmmv_ow.log
MP raw solver: status=ok term=optimal incumbent=4561.99006 best_bound=4558.3495534579615
MP solutions: count=1 keys=['Gap', 'Status', 'Message', 'Problem', 'Objective', 'Variable', 'Constraint']
[MP] Solver log: Report\master_iter_052_cuts_023_20260806_045603.log
Shuttle totals (OUT+RET): q0=12, q1=12
MP stats (solver): nodes=2398 best_bound=4558.3495534579615 incumbent=4561.99006 gap=0.0007980084336348786
MP result: status=SolveStatus.FEASIBLE obj=4561.99 lb=4558.35
[CHECK] MP: first=1.99 theta=4560 mp_total=4561.99 inc_obj=4561.99 best_bound=4558.35
[CHECK] MP bounds: mp_obj=4561.99 mp_best_bound=4558.35 mp_best_integer=4561.99 term=optimal status=ok gap=0.000798008
[MP] iter=52 incumbent=4561.99 best_bound=4558.35 gap=0.000798008 (src: inc=cplex_api bb=cplex_api gap=cplex_api)
[MP] iter=52 cuts=23 obj=4561.990 last_const=16486.000 last_nnz=28
[MW] core updated (t=0..): min=0.001 max=2 mean=0.546
Evaluating Subproblem (SP) at candidate...
2026-08-06 04:56:04,775 WARNING | mobauto2_benders.benders.solver | [CHECK FAIL] LB exceeds UB: LB=4558.35 UB=4228.99
2026-08-06 04:56:04,775 WARNING | mobauto2_benders.benders.solver | [CHECK] LB invalid; reverting to previous LB=4189.12
2026-08-06 04:56:04,775 INFO | mobauto2_benders.benders.solver | bounds: best_lb=4189.12 best_ub=4228.99 gap=39.8738 rel=0.00943
SP result: recourse=4560 feasible=True
[SP PIPELINE] iter=52 build=0.000s solve=0.000s extract=0.000s post=0.000s cutgen=0.026s mode=mw lb_valid=True tl_inc=False vars=- bin=- cons=- lp=-
[CHECK] SP: recourse=4560 first=1.99 sp_total=4561.99
[CUT TIGHTNESS] raw_line(y)=4560  SP_ub=4560  diff=-1.82e-12
[CUT DEBUG] Not violated (dir). viol_out=0 viol_ret=0
[CUT DEBUG] Not violated (dir). viol_out=0 viol_ret=0
Master updated: no new cuts (all skipped / duplicates)
[CUT ATTEMPT] it=52 cand=OUT[0,2]|RET[0,3]|OUT[0,5]|RET[0,6]|OUT[0,7]|RET[0,9]|OUT[0,12]|RET[0,13]|OUT[0,17]|RET[0,18]|OUT[0,19]|RET[0,20]|...(+12) theta_out=2934.0000299999992 theta_ret=1626.0000300000002 theta_total=4560.000059999999 rec_out=2934.00003 rec_ret=1626.00003 rec_total=4560.00006 raw_rhs_out=2934.0000299999997 raw_rhs_ret=1626.0000300000002 raw_rhs_total=4560.00006 raw_gap=0.0 lhs_out=2934.0000299999992 lhs_ret=1626.0000300000002 lhs_total=4560.000059999999 rhs_out=2934.0000299999992 rhs_ret=1626.0000300000002 rhs_total=4560.000059999999 tol_master=1e-08 tol_filter=None skip=not_violated_directional
[CUT SUMMARY] it=52 cand=OUT[0,2]|RET[0,3]|OUT[0,5]|RET[0,6]|OUT[0,7]|RET[0,9]|OUT[0,12]|RET[0,13]|OUT[0,17]|RET[0,18]|OUT[0,19]|RET[0,20]|...(+12) decision=None skip=not_violated_directional theta_total=4560.000059999999 rec_total=4560.00006 raw_rhs_total=4560.00006 rhs_total=4560.000059999999 lhs_total=4560.000059999999
Timing: master=1.565s sp_solve=0.026s cutgen=0.026s cutadd=0.002s cuts_added=0 total_cuts=23
MP stats: nodes=2398 best_bound=4558.3495534579615 incumbent=4561.99006 gap=0.0007980084336348786
[CHECK] GAP: LB=4189.12 UB=4228.99 gap=39.8738 rel=0.00943

=== Iteration 53 ===
Solving Master (MP)...
[TIGHTEN] no new cuts for 29 iters: time_limit_s=532 mipgap=0.001
[MIPSTART] x-only start applied: n_out=44 n_ret=44
[MP] Wrote LP: Report\master_iter_053_cuts_023_20260806_045604.lp
2026-08-06 04:56:06,426 INFO | mobauto2_benders.benders.solver | iter=53 master status=SolveStatus.FEASIBLE obj=4561.99 lb=4558.35
Solver log file: C:\Users\fabio\AppData\Local\Temp\tmp6ba44494.log
MP raw solver: status=ok term=optimal incumbent=4561.99006 best_bound=4558.3495534579615
MP solutions: count=1 keys=['Gap', 'Status', 'Message', 'Problem', 'Objective', 'Variable', 'Constraint']
[MP] Solver log: Report\master_iter_053_cuts_023_20260806_045604.log
Shuttle totals (OUT+RET): q0=12, q1=12
MP stats (solver): nodes=2398 best_bound=4558.3495534579615 incumbent=4561.99006 gap=0.0007980084336348786
MP result: status=SolveStatus.FEASIBLE obj=4561.99 lb=4558.35
[CHECK] MP: first=1.99 theta=4560 mp_total=4561.99 inc_obj=4561.99 best_bound=4558.35
[CHECK] MP bounds: mp_obj=4561.99 mp_best_bound=4558.35 mp_best_integer=4561.99 term=optimal status=ok gap=0.000798008
[MP] iter=53 incumbent=4561.99 best_bound=4558.35 gap=0.000798008 (src: inc=cplex_api bb=cplex_api gap=cplex_api)
[MP] iter=53 cuts=23 obj=4561.990 last_const=16486.000 last_nnz=28
[MW] core updated (t=0..): min=0.001 max=2 mean=0.546
Evaluating Subproblem (SP) at candidate...
2026-08-06 04:56:06,523 WARNING | mobauto2_benders.benders.solver | [CHECK FAIL] LB exceeds UB: LB=4558.35 UB=4228.99
2026-08-06 04:56:06,523 WARNING | mobauto2_benders.benders.solver | [CHECK] LB invalid; reverting to previous LB=4189.12
2026-08-06 04:56:06,523 INFO | mobauto2_benders.benders.solver | bounds: best_lb=4189.12 best_ub=4228.99 gap=39.8738 rel=0.00943
SP result: recourse=4560 feasible=True
[SP PIPELINE] iter=53 build=0.000s solve=0.000s extract=0.000s post=0.000s cutgen=0.019s mode=mw lb_valid=True tl_inc=False vars=- bin=- cons=- lp=-
[CHECK] SP: recourse=4560 first=1.99 sp_total=4561.99
[CUT TIGHTNESS] raw_line(y)=4560  SP_ub=4560  diff=-1.82e-12
[CUT DEBUG] Not violated (dir). viol_out=0 viol_ret=0
[CUT DEBUG] Not violated (dir). viol_out=0 viol_ret=0
Master updated: no new cuts (all skipped / duplicates)
[CUT ATTEMPT] it=53 cand=OUT[0,2]|RET[0,3]|OUT[0,5]|RET[0,6]|OUT[0,7]|RET[0,9]|OUT[0,12]|RET[0,13]|OUT[0,17]|RET[0,18]|OUT[0,19]|RET[0,20]|...(+12) theta_out=2934.0000299999992 theta_ret=1626.0000300000002 theta_total=4560.000059999999 rec_out=2934.00003 rec_ret=1626.00003 rec_total=4560.00006 raw_rhs_out=2934.0000299999997 raw_rhs_ret=1626.0000300000002 raw_rhs_total=4560.00006 raw_gap=0.0 lhs_out=2934.0000299999992 lhs_ret=1626.0000300000002 lhs_total=4560.000059999999 rhs_out=2934.0000299999992 rhs_ret=1626.0000300000002 rhs_total=4560.000059999999 tol_master=1e-08 tol_filter=None skip=not_violated_directional
[CUT SUMMARY] it=53 cand=OUT[0,2]|RET[0,3]|OUT[0,5]|RET[0,6]|OUT[0,7]|RET[0,9]|OUT[0,12]|RET[0,13]|OUT[0,17]|RET[0,18]|OUT[0,19]|RET[0,20]|...(+12) decision=None skip=not_violated_directional theta_total=4560.000059999999 rec_total=4560.00006 raw_rhs_total=4560.00006 rhs_total=4560.000059999999 lhs_total=4560.000059999999
Timing: master=1.648s sp_solve=0.019s cutgen=0.019s cutadd=0.001s cuts_added=0 total_cuts=23
MP stats: nodes=2398 best_bound=4558.3495534579615 incumbent=4561.99006 gap=0.0007980084336348786
[CHECK] GAP: LB=4189.12 UB=4228.99 gap=39.8738 rel=0.00943

=== Iteration 54 ===
Solving Master (MP)...
[TIGHTEN] no new cuts for 30 iters: time_limit_s=532 mipgap=0.001
[MIPSTART] x-only start applied: n_out=44 n_ret=44
[MP] Wrote LP: Report\master_iter_054_cuts_023_20260806_045606.lp
2026-08-06 04:56:08,551 INFO | mobauto2_benders.benders.solver | iter=54 master status=SolveStatus.FEASIBLE obj=4561.99 lb=4558.35
Solver log file: C:\Users\fabio\AppData\Local\Temp\tmphkljj1n5.log
MP raw solver: status=ok term=optimal incumbent=4561.99006 best_bound=4558.3495534579615
MP solutions: count=1 keys=['Gap', 'Status', 'Message', 'Problem', 'Objective', 'Variable', 'Constraint']
[MP] Solver log: Report\master_iter_054_cuts_023_20260806_045606.log
Shuttle totals (OUT+RET): q0=12, q1=12
MP stats (solver): nodes=2398 best_bound=4558.3495534579615 incumbent=4561.99006 gap=0.0007980084336348786
MP result: status=SolveStatus.FEASIBLE obj=4561.99 lb=4558.35
[CHECK] MP: first=1.99 theta=4560 mp_total=4561.99 inc_obj=4561.99 best_bound=4558.35
[CHECK] MP bounds: mp_obj=4561.99 mp_best_bound=4558.35 mp_best_integer=4561.99 term=optimal status=ok gap=0.000798008
[MP] iter=54 incumbent=4561.99 best_bound=4558.35 gap=0.000798008 (src: inc=cplex_api bb=cplex_api gap=cplex_api)
[MP] iter=54 cuts=23 obj=4561.990 last_const=16486.000 last_nnz=28
[MW] core updated (t=0..): min=0.001 max=2 mean=0.546
Evaluating Subproblem (SP) at candidate...
2026-08-06 04:56:08,662 WARNING | mobauto2_benders.benders.solver | [CHECK FAIL] LB exceeds UB: LB=4558.35 UB=4228.99
2026-08-06 04:56:08,662 WARNING | mobauto2_benders.benders.solver | [CHECK] LB invalid; reverting to previous LB=4189.12
2026-08-06 04:56:08,678 INFO | mobauto2_benders.benders.solver | bounds: best_lb=4189.12 best_ub=4228.99 gap=39.8738 rel=0.00943
SP result: recourse=4560 feasible=True
[SP PIPELINE] iter=54 build=0.000s solve=0.000s extract=0.000s post=0.000s cutgen=0.023s mode=mw lb_valid=True tl_inc=False vars=- bin=- cons=- lp=-
[CHECK] SP: recourse=4560 first=1.99 sp_total=4561.99
[CUT TIGHTNESS] raw_line(y)=4560  SP_ub=4560  diff=-1.82e-12
[CUT DEBUG] Not violated (dir). viol_out=0 viol_ret=0
[CUT DEBUG] Not violated (dir). viol_out=0 viol_ret=0
Master updated: no new cuts (all skipped / duplicates)
[CUT ATTEMPT] it=54 cand=OUT[0,2]|RET[0,3]|OUT[0,5]|RET[0,6]|OUT[0,7]|RET[0,9]|OUT[0,12]|RET[0,13]|OUT[0,17]|RET[0,18]|OUT[0,19]|RET[0,20]|...(+12) theta_out=2934.0000299999992 theta_ret=1626.0000300000002 theta_total=4560.000059999999 rec_out=2934.00003 rec_ret=1626.00003 rec_total=4560.00006 raw_rhs_out=2934.0000299999997 raw_rhs_ret=1626.0000300000002 raw_rhs_total=4560.00006 raw_gap=0.0 lhs_out=2934.0000299999992 lhs_ret=1626.0000300000002 lhs_total=4560.000059999999 rhs_out=2934.0000299999992 rhs_ret=1626.0000300000002 rhs_total=4560.000059999999 tol_master=1e-08 tol_filter=None skip=not_violated_directional
[CUT SUMMARY] it=54 cand=OUT[0,2]|RET[0,3]|OUT[0,5]|RET[0,6]|OUT[0,7]|RET[0,9]|OUT[0,12]|RET[0,13]|OUT[0,17]|RET[0,18]|OUT[0,19]|RET[0,20]|...(+12) decision=None skip=not_violated_directional theta_total=4560.000059999999 rec_total=4560.00006 raw_rhs_total=4560.00006 rhs_total=4560.000059999999 lhs_total=4560.000059999999
Timing: master=2.021s sp_solve=0.024s cutgen=0.023s cutadd=0.003s cuts_added=0 total_cuts=23
MP stats: nodes=2398 best_bound=4558.3495534579615 incumbent=4561.99006 gap=0.0007980084336348786
[CHECK] GAP: LB=4189.12 UB=4228.99 gap=39.8738 rel=0.00943

=== Iteration 55 ===
Solving Master (MP)...
[TIGHTEN] no new cuts for 31 iters: time_limit_s=532 mipgap=0.001
[MIPSTART] x-only start applied: n_out=44 n_ret=44
[MP] Wrote LP: Report\master_iter_055_cuts_023_20260806_045608.lp
2026-08-06 04:56:10,572 INFO | mobauto2_benders.benders.solver | iter=55 master status=SolveStatus.FEASIBLE obj=4561.99 lb=4558.35
Solver log file: C:\Users\fabio\AppData\Local\Temp\tmpn28owj_r.log
MP raw solver: status=ok term=optimal incumbent=4561.99006 best_bound=4558.3495534579615
MP solutions: count=1 keys=['Gap', 'Status', 'Message', 'Problem', 'Objective', 'Variable', 'Constraint']
[MP] Solver log: Report\master_iter_055_cuts_023_20260806_045608.log
Shuttle totals (OUT+RET): q0=12, q1=12
MP stats (solver): nodes=2398 best_bound=4558.3495534579615 incumbent=4561.99006 gap=0.0007980084336348786
MP result: status=SolveStatus.FEASIBLE obj=4561.99 lb=4558.35
[CHECK] MP: first=1.99 theta=4560 mp_total=4561.99 inc_obj=4561.99 best_bound=4558.35
[CHECK] MP bounds: mp_obj=4561.99 mp_best_bound=4558.35 mp_best_integer=4561.99 term=optimal status=ok gap=0.000798008
[MP] iter=55 incumbent=4561.99 best_bound=4558.35 gap=0.000798008 (src: inc=cplex_api bb=cplex_api gap=cplex_api)
[MP] iter=55 cuts=23 obj=4561.990 last_const=16486.000 last_nnz=28
[MW] core updated (t=0..): min=0.001 max=2 mean=0.546
Evaluating Subproblem (SP) at candidate...
2026-08-06 04:56:10,680 WARNING | mobauto2_benders.benders.solver | [CHECK FAIL] LB exceeds UB: LB=4558.35 UB=4228.99
2026-08-06 04:56:10,681 WARNING | mobauto2_benders.benders.solver | [CHECK] LB invalid; reverting to previous LB=4189.12
2026-08-06 04:56:10,682 INFO | mobauto2_benders.benders.solver | bounds: best_lb=4189.12 best_ub=4228.99 gap=39.8738 rel=0.00943
SP result: recourse=4560 feasible=True
[SP PIPELINE] iter=55 build=0.000s solve=0.000s extract=0.000s post=0.000s cutgen=0.021s mode=mw lb_valid=True tl_inc=False vars=- bin=- cons=- lp=-
[CHECK] SP: recourse=4560 first=1.99 sp_total=4561.99
[CUT TIGHTNESS] raw_line(y)=4560  SP_ub=4560  diff=-1.82e-12
[CUT DEBUG] Not violated (dir). viol_out=0 viol_ret=0
[CUT DEBUG] Not violated (dir). viol_out=0 viol_ret=0
Master updated: no new cuts (all skipped / duplicates)
[CUT ATTEMPT] it=55 cand=OUT[0,2]|RET[0,3]|OUT[0,5]|RET[0,6]|OUT[0,7]|RET[0,9]|OUT[0,12]|RET[0,13]|OUT[0,17]|RET[0,18]|OUT[0,19]|RET[0,20]|...(+12) theta_out=2934.0000299999992 theta_ret=1626.0000300000002 theta_total=4560.000059999999 rec_out=2934.00003 rec_ret=1626.00003 rec_total=4560.00006 raw_rhs_out=2934.0000299999997 raw_rhs_ret=1626.0000300000002 raw_rhs_total=4560.00006 raw_gap=0.0 lhs_out=2934.0000299999992 lhs_ret=1626.0000300000002 lhs_total=4560.000059999999 rhs_out=2934.0000299999992 rhs_ret=1626.0000300000002 rhs_total=4560.000059999999 tol_master=1e-08 tol_filter=None skip=not_violated_directional
[CUT SUMMARY] it=55 cand=OUT[0,2]|RET[0,3]|OUT[0,5]|RET[0,6]|OUT[0,7]|RET[0,9]|OUT[0,12]|RET[0,13]|OUT[0,17]|RET[0,18]|OUT[0,19]|RET[0,20]|...(+12) decision=None skip=not_violated_directional theta_total=4560.000059999999 rec_total=4560.00006 raw_rhs_total=4560.00006 rhs_total=4560.000059999999 lhs_total=4560.000059999999
Timing: master=1.892s sp_solve=0.022s cutgen=0.021s cutadd=0.002s cuts_added=0 total_cuts=23
MP stats: nodes=2398 best_bound=4558.3495534579615 incumbent=4561.99006 gap=0.0007980084336348786
[CHECK] GAP: LB=4189.12 UB=4228.99 gap=39.8738 rel=0.00943

=== Iteration 56 ===
Solving Master (MP)...
[TIGHTEN] no new cuts for 32 iters: time_limit_s=532 mipgap=0.001
[MIPSTART] x-only start applied: n_out=44 n_ret=44
[MP] Wrote LP: Report\master_iter_056_cuts_023_20260806_045610.lp
2026-08-06 04:56:12,182 INFO | mobauto2_benders.benders.solver | iter=56 master status=SolveStatus.FEASIBLE obj=4561.99 lb=4558.35
Solver log file: C:\Users\fabio\AppData\Local\Temp\tmpbiid0f2o.log
MP raw solver: status=ok term=optimal incumbent=4561.99006 best_bound=4558.3495534579615
MP solutions: count=1 keys=['Gap', 'Status', 'Message', 'Problem', 'Objective', 'Variable', 'Constraint']
[MP] Solver log: Report\master_iter_056_cuts_023_20260806_045610.log
Shuttle totals (OUT+RET): q0=12, q1=12
MP stats (solver): nodes=2398 best_bound=4558.3495534579615 incumbent=4561.99006 gap=0.0007980084336348786
MP result: status=SolveStatus.FEASIBLE obj=4561.99 lb=4558.35
[CHECK] MP: first=1.99 theta=4560 mp_total=4561.99 inc_obj=4561.99 best_bound=4558.35
[CHECK] MP bounds: mp_obj=4561.99 mp_best_bound=4558.35 mp_best_integer=4561.99 term=optimal status=ok gap=0.000798008
[MP] iter=56 incumbent=4561.99 best_bound=4558.35 gap=0.000798008 (src: inc=cplex_api bb=cplex_api gap=cplex_api)
[MP] iter=56 cuts=23 obj=4561.990 last_const=16486.000 last_nnz=28
[MW] core updated (t=0..): min=0.001 max=2 mean=0.546
Evaluating Subproblem (SP) at candidate...
2026-08-06 04:56:12,325 WARNING | mobauto2_benders.benders.solver | [CHECK FAIL] LB exceeds UB: LB=4558.35 UB=4228.99
2026-08-06 04:56:12,325 WARNING | mobauto2_benders.benders.solver | [CHECK] LB invalid; reverting to previous LB=4189.12
2026-08-06 04:56:12,327 INFO | mobauto2_benders.benders.solver | bounds: best_lb=4189.12 best_ub=4228.99 gap=39.8738 rel=0.00943
SP result: recourse=4560 feasible=True
[SP PIPELINE] iter=56 build=0.000s solve=0.000s extract=0.000s post=0.000s cutgen=0.025s mode=mw lb_valid=True tl_inc=False vars=- bin=- cons=- lp=-
[CHECK] SP: recourse=4560 first=1.99 sp_total=4561.99
[CUT TIGHTNESS] raw_line(y)=4560  SP_ub=4560  diff=-1.82e-12
[CUT DEBUG] Not violated (dir). viol_out=0 viol_ret=0
[CUT DEBUG] Not violated (dir). viol_out=0 viol_ret=0
Master updated: no new cuts (all skipped / duplicates)
[CUT ATTEMPT] it=56 cand=OUT[0,2]|RET[0,3]|OUT[0,5]|RET[0,6]|OUT[0,7]|RET[0,9]|OUT[0,12]|RET[0,13]|OUT[0,17]|RET[0,18]|OUT[0,19]|RET[0,20]|...(+12) theta_out=2934.0000299999992 theta_ret=1626.0000300000002 theta_total=4560.000059999999 rec_out=2934.00003 rec_ret=1626.00003 rec_total=4560.00006 raw_rhs_out=2934.0000299999997 raw_rhs_ret=1626.0000300000002 raw_rhs_total=4560.00006 raw_gap=0.0 lhs_out=2934.0000299999992 lhs_ret=1626.0000300000002 lhs_total=4560.000059999999 rhs_out=2934.0000299999992 rhs_ret=1626.0000300000002 rhs_total=4560.000059999999 tol_master=1e-08 tol_filter=None skip=not_violated_directional
[CUT SUMMARY] it=56 cand=OUT[0,2]|RET[0,3]|OUT[0,5]|RET[0,6]|OUT[0,7]|RET[0,9]|OUT[0,12]|RET[0,13]|OUT[0,17]|RET[0,18]|OUT[0,19]|RET[0,20]|...(+12) decision=None skip=not_violated_directional theta_total=4560.000059999999 rec_total=4560.00006 raw_rhs_total=4560.00006 rhs_total=4560.000059999999 lhs_total=4560.000059999999
Timing: master=1.500s sp_solve=0.027s cutgen=0.025s cutadd=0.002s cuts_added=0 total_cuts=23
MP stats: nodes=2398 best_bound=4558.3495534579615 incumbent=4561.99006 gap=0.0007980084336348786
[CHECK] GAP: LB=4189.12 UB=4228.99 gap=39.8738 rel=0.00943

=== Iteration 57 ===
Solving Master (MP)...
[TIGHTEN] no new cuts for 33 iters: time_limit_s=532 mipgap=0.001
[MIPSTART] x-only start applied: n_out=44 n_ret=44
[MP] Wrote LP: Report\master_iter_057_cuts_023_20260806_045612.lp
2026-08-06 04:56:14,622 INFO | mobauto2_benders.benders.solver | iter=57 master status=SolveStatus.FEASIBLE obj=4561.99 lb=4558.35
Solver log file: C:\Users\fabio\AppData\Local\Temp\tmp3ueoerle.log
MP raw solver: status=ok term=optimal incumbent=4561.99006 best_bound=4558.3495534579615
MP solutions: count=1 keys=['Gap', 'Status', 'Message', 'Problem', 'Objective', 'Variable', 'Constraint']
[MP] Solver log: Report\master_iter_057_cuts_023_20260806_045612.log
Shuttle totals (OUT+RET): q0=12, q1=12
MP stats (solver): nodes=2398 best_bound=4558.3495534579615 incumbent=4561.99006 gap=0.0007980084336348786
MP result: status=SolveStatus.FEASIBLE obj=4561.99 lb=4558.35
[CHECK] MP: first=1.99 theta=4560 mp_total=4561.99 inc_obj=4561.99 best_bound=4558.35
[CHECK] MP bounds: mp_obj=4561.99 mp_best_bound=4558.35 mp_best_integer=4561.99 term=optimal status=ok gap=0.000798008
[MP] iter=57 incumbent=4561.99 best_bound=4558.35 gap=0.000798008 (src: inc=cplex_api bb=cplex_api gap=cplex_api)
[MP] iter=57 cuts=23 obj=4561.990 last_const=16486.000 last_nnz=28
[MW] core updated (t=0..): min=0.001 max=2 mean=0.546
Evaluating Subproblem (SP) at candidate...
2026-08-06 04:56:14,731 WARNING | mobauto2_benders.benders.solver | [CHECK FAIL] LB exceeds UB: LB=4558.35 UB=4228.99
2026-08-06 04:56:14,731 WARNING | mobauto2_benders.benders.solver | [CHECK] LB invalid; reverting to previous LB=4189.12
2026-08-06 04:56:14,733 INFO | mobauto2_benders.benders.solver | bounds: best_lb=4189.12 best_ub=4228.99 gap=39.8738 rel=0.00943
SP result: recourse=4560 feasible=True
[SP PIPELINE] iter=57 build=0.000s solve=0.000s extract=0.000s post=0.000s cutgen=0.019s mode=mw lb_valid=True tl_inc=False vars=- bin=- cons=- lp=-
[CHECK] SP: recourse=4560 first=1.99 sp_total=4561.99
[CUT TIGHTNESS] raw_line(y)=4560  SP_ub=4560  diff=-1.82e-12
[CUT DEBUG] Not violated (dir). viol_out=0 viol_ret=0
[CUT DEBUG] Not violated (dir). viol_out=0 viol_ret=0
Master updated: no new cuts (all skipped / duplicates)
[CUT ATTEMPT] it=57 cand=OUT[0,2]|RET[0,3]|OUT[0,5]|RET[0,6]|OUT[0,7]|RET[0,9]|OUT[0,12]|RET[0,13]|OUT[0,17]|RET[0,18]|OUT[0,19]|RET[0,20]|...(+12) theta_out=2934.0000299999992 theta_ret=1626.0000300000002 theta_total=4560.000059999999 rec_out=2934.00003 rec_ret=1626.00003 rec_total=4560.00006 raw_rhs_out=2934.0000299999997 raw_rhs_ret=1626.0000300000002 raw_rhs_total=4560.00006 raw_gap=0.0 lhs_out=2934.0000299999992 lhs_ret=1626.0000300000002 lhs_total=4560.000059999999 rhs_out=2934.0000299999992 rhs_ret=1626.0000300000002 rhs_total=4560.000059999999 tol_master=1e-08 tol_filter=None skip=not_violated_directional
[CUT SUMMARY] it=57 cand=OUT[0,2]|RET[0,3]|OUT[0,5]|RET[0,6]|OUT[0,7]|RET[0,9]|OUT[0,12]|RET[0,13]|OUT[0,17]|RET[0,18]|OUT[0,19]|RET[0,20]|...(+12) decision=None skip=not_violated_directional theta_total=4560.000059999999 rec_total=4560.00006 raw_rhs_total=4560.00006 rhs_total=4560.000059999999 lhs_total=4560.000059999999
Timing: master=2.295s sp_solve=0.022s cutgen=0.019s cutadd=0.002s cuts_added=0 total_cuts=23
MP stats: nodes=2398 best_bound=4558.3495534579615 incumbent=4561.99006 gap=0.0007980084336348786
[CHECK] GAP: LB=4189.12 UB=4228.99 gap=39.8738 rel=0.00943

=== Iteration 58 ===
Solving Master (MP)...
[TIGHTEN] no new cuts for 34 iters: time_limit_s=532 mipgap=0.001
[MIPSTART] x-only start applied: n_out=44 n_ret=44
[MP] Wrote LP: Report\master_iter_058_cuts_023_20260806_045614.lp
2026-08-06 04:56:16,450 INFO | mobauto2_benders.benders.solver | iter=58 master status=SolveStatus.FEASIBLE obj=4561.99 lb=4558.35
Solver log file: C:\Users\fabio\AppData\Local\Temp\tmp9hp1qhqu.log
MP raw solver: status=ok term=optimal incumbent=4561.99006 best_bound=4558.3495534579615
MP solutions: count=1 keys=['Gap', 'Status', 'Message', 'Problem', 'Objective', 'Variable', 'Constraint']
[MP] Solver log: Report\master_iter_058_cuts_023_20260806_045614.log
Shuttle totals (OUT+RET): q0=12, q1=12
MP stats (solver): nodes=2398 best_bound=4558.3495534579615 incumbent=4561.99006 gap=0.0007980084336348786
MP result: status=SolveStatus.FEASIBLE obj=4561.99 lb=4558.35
[CHECK] MP: first=1.99 theta=4560 mp_total=4561.99 inc_obj=4561.99 best_bound=4558.35
[CHECK] MP bounds: mp_obj=4561.99 mp_best_bound=4558.35 mp_best_integer=4561.99 term=optimal status=ok gap=0.000798008
[MP] iter=58 incumbent=4561.99 best_bound=4558.35 gap=0.000798008 (src: inc=cplex_api bb=cplex_api gap=cplex_api)
[MP] iter=58 cuts=23 obj=4561.990 last_const=16486.000 last_nnz=28
[MW] core updated (t=0..): min=0.001 max=2 mean=0.546
Evaluating Subproblem (SP) at candidate...
2026-08-06 04:56:16,561 WARNING | mobauto2_benders.benders.solver | [CHECK FAIL] LB exceeds UB: LB=4558.35 UB=4228.99
2026-08-06 04:56:16,561 WARNING | mobauto2_benders.benders.solver | [CHECK] LB invalid; reverting to previous LB=4189.12
2026-08-06 04:56:16,561 INFO | mobauto2_benders.benders.solver | bounds: best_lb=4189.12 best_ub=4228.99 gap=39.8738 rel=0.00943
SP result: recourse=4560 feasible=True
[SP PIPELINE] iter=58 build=0.000s solve=0.000s extract=0.000s post=0.000s cutgen=0.022s mode=mw lb_valid=True tl_inc=False vars=- bin=- cons=- lp=-
[CHECK] SP: recourse=4560 first=1.99 sp_total=4561.99
[CUT TIGHTNESS] raw_line(y)=4560  SP_ub=4560  diff=-1.82e-12
[CUT DEBUG] Not violated (dir). viol_out=0 viol_ret=0
[CUT DEBUG] Not violated (dir). viol_out=0 viol_ret=0
Master updated: no new cuts (all skipped / duplicates)
[CUT ATTEMPT] it=58 cand=OUT[0,2]|RET[0,3]|OUT[0,5]|RET[0,6]|OUT[0,7]|RET[0,9]|OUT[0,12]|RET[0,13]|OUT[0,17]|RET[0,18]|OUT[0,19]|RET[0,20]|...(+12) theta_out=2934.0000299999992 theta_ret=1626.0000300000002 theta_total=4560.000059999999 rec_out=2934.00003 rec_ret=1626.00003 rec_total=4560.00006 raw_rhs_out=2934.0000299999997 raw_rhs_ret=1626.0000300000002 raw_rhs_total=4560.00006 raw_gap=0.0 lhs_out=2934.0000299999992 lhs_ret=1626.0000300000002 lhs_total=4560.000059999999 rhs_out=2934.0000299999992 rhs_ret=1626.0000300000002 rhs_total=4560.000059999999 tol_master=1e-08 tol_filter=None skip=not_violated_directional
[CUT SUMMARY] it=58 cand=OUT[0,2]|RET[0,3]|OUT[0,5]|RET[0,6]|OUT[0,7]|RET[0,9]|OUT[0,12]|RET[0,13]|OUT[0,17]|RET[0,18]|OUT[0,19]|RET[0,20]|...(+12) decision=None skip=not_violated_directional theta_total=4560.000059999999 rec_total=4560.00006 raw_rhs_total=4560.00006 rhs_total=4560.000059999999 lhs_total=4560.000059999999
Timing: master=1.725s sp_solve=0.025s cutgen=0.022s cutadd=0.001s cuts_added=0 total_cuts=23
MP stats: nodes=2398 best_bound=4558.3495534579615 incumbent=4561.99006 gap=0.0007980084336348786
[CHECK] GAP: LB=4189.12 UB=4228.99 gap=39.8738 rel=0.00943

=== Iteration 59 ===
Solving Master (MP)...
[TIGHTEN] no new cuts for 35 iters: time_limit_s=532 mipgap=0.001
[MIPSTART] x-only start applied: n_out=44 n_ret=44
[MP] Wrote LP: Report\master_iter_059_cuts_023_20260806_045616.lp
2026-08-06 04:56:18,386 INFO | mobauto2_benders.benders.solver | iter=59 master status=SolveStatus.FEASIBLE obj=4561.99 lb=4558.35
Solver log file: C:\Users\fabio\AppData\Local\Temp\tmpr2urc0zy.log
MP raw solver: status=ok term=optimal incumbent=4561.99006 best_bound=4558.3495534579615
MP solutions: count=1 keys=['Gap', 'Status', 'Message', 'Problem', 'Objective', 'Variable', 'Constraint']
[MP] Solver log: Report\master_iter_059_cuts_023_20260806_045616.log
Shuttle totals (OUT+RET): q0=12, q1=12
MP stats (solver): nodes=2398 best_bound=4558.3495534579615 incumbent=4561.99006 gap=0.0007980084336348786
MP result: status=SolveStatus.FEASIBLE obj=4561.99 lb=4558.35
[CHECK] MP: first=1.99 theta=4560 mp_total=4561.99 inc_obj=4561.99 best_bound=4558.35
[CHECK] MP bounds: mp_obj=4561.99 mp_best_bound=4558.35 mp_best_integer=4561.99 term=optimal status=ok gap=0.000798008
[MP] iter=59 incumbent=4561.99 best_bound=4558.35 gap=0.000798008 (src: inc=cplex_api bb=cplex_api gap=cplex_api)
[MP] iter=59 cuts=23 obj=4561.990 last_const=16486.000 last_nnz=28
[MW] core updated (t=0..): min=0.001 max=2 mean=0.546
Evaluating Subproblem (SP) at candidate...
2026-08-06 04:56:18,506 WARNING | mobauto2_benders.benders.solver | [CHECK FAIL] LB exceeds UB: LB=4558.35 UB=4228.99
2026-08-06 04:56:18,506 WARNING | mobauto2_benders.benders.solver | [CHECK] LB invalid; reverting to previous LB=4189.12
2026-08-06 04:56:18,507 INFO | mobauto2_benders.benders.solver | bounds: best_lb=4189.12 best_ub=4228.99 gap=39.8738 rel=0.00943
SP result: recourse=4560 feasible=True
[SP PIPELINE] iter=59 build=0.000s solve=0.000s extract=0.000s post=0.000s cutgen=0.024s mode=mw lb_valid=True tl_inc=False vars=- bin=- cons=- lp=-
[CHECK] SP: recourse=4560 first=1.99 sp_total=4561.99
[CUT TIGHTNESS] raw_line(y)=4560  SP_ub=4560  diff=-1.82e-12
[CUT DEBUG] Not violated (dir). viol_out=0 viol_ret=0
[CUT DEBUG] Not violated (dir). viol_out=0 viol_ret=0
Master updated: no new cuts (all skipped / duplicates)
[CUT ATTEMPT] it=59 cand=OUT[0,2]|RET[0,3]|OUT[0,5]|RET[0,6]|OUT[0,7]|RET[0,9]|OUT[0,12]|RET[0,13]|OUT[0,17]|RET[0,18]|OUT[0,19]|RET[0,20]|...(+12) theta_out=2934.0000299999992 theta_ret=1626.0000300000002 theta_total=4560.000059999999 rec_out=2934.00003 rec_ret=1626.00003 rec_total=4560.00006 raw_rhs_out=2934.0000299999997 raw_rhs_ret=1626.0000300000002 raw_rhs_total=4560.00006 raw_gap=0.0 lhs_out=2934.0000299999992 lhs_ret=1626.0000300000002 lhs_total=4560.000059999999 rhs_out=2934.0000299999992 rhs_ret=1626.0000300000002 rhs_total=4560.000059999999 tol_master=1e-08 tol_filter=None skip=not_violated_directional
[CUT SUMMARY] it=59 cand=OUT[0,2]|RET[0,3]|OUT[0,5]|RET[0,6]|OUT[0,7]|RET[0,9]|OUT[0,12]|RET[0,13]|OUT[0,17]|RET[0,18]|OUT[0,19]|RET[0,20]|...(+12) decision=None skip=not_violated_directional theta_total=4560.000059999999 rec_total=4560.00006 raw_rhs_total=4560.00006 rhs_total=4560.000059999999 lhs_total=4560.000059999999
Timing: master=1.823s sp_solve=0.023s cutgen=0.024s cutadd=0.002s cuts_added=0 total_cuts=23
MP stats: nodes=2398 best_bound=4558.3495534579615 incumbent=4561.99006 gap=0.0007980084336348786
[CHECK] GAP: LB=4189.12 UB=4228.99 gap=39.8738 rel=0.00943

=== Iteration 60 ===
Solving Master (MP)...
[TIGHTEN] no new cuts for 36 iters: time_limit_s=532 mipgap=0.001
[MIPSTART] x-only start applied: n_out=44 n_ret=44
[MP] Wrote LP: Report\master_iter_060_cuts_023_20260806_045618.lp
2026-08-06 04:56:20,169 INFO | mobauto2_benders.benders.solver | iter=60 master status=SolveStatus.FEASIBLE obj=4561.99 lb=4558.35
Solver log file: C:\Users\fabio\AppData\Local\Temp\tmpr9dby71u.log
MP raw solver: status=ok term=optimal incumbent=4561.99006 best_bound=4558.3495534579615
MP solutions: count=1 keys=['Gap', 'Status', 'Message', 'Problem', 'Objective', 'Variable', 'Constraint']
[MP] Solver log: Report\master_iter_060_cuts_023_20260806_045618.log
Shuttle totals (OUT+RET): q0=12, q1=12
MP stats (solver): nodes=2398 best_bound=4558.3495534579615 incumbent=4561.99006 gap=0.0007980084336348786
MP result: status=SolveStatus.FEASIBLE obj=4561.99 lb=4558.35
[CHECK] MP: first=1.99 theta=4560 mp_total=4561.99 inc_obj=4561.99 best_bound=4558.35
[CHECK] MP bounds: mp_obj=4561.99 mp_best_bound=4558.35 mp_best_integer=4561.99 term=optimal status=ok gap=0.000798008
[MP] iter=60 incumbent=4561.99 best_bound=4558.35 gap=0.000798008 (src: inc=cplex_api bb=cplex_api gap=cplex_api)
[MP] iter=60 cuts=23 obj=4561.990 last_const=16486.000 last_nnz=28
[MW] core updated (t=0..): min=0.001 max=2 mean=0.546
Evaluating Subproblem (SP) at candidate...
2026-08-06 04:56:20,271 WARNING | mobauto2_benders.benders.solver | [CHECK FAIL] LB exceeds UB: LB=4558.35 UB=4228.99
2026-08-06 04:56:20,271 WARNING | mobauto2_benders.benders.solver | [CHECK] LB invalid; reverting to previous LB=4189.12
2026-08-06 04:56:20,271 INFO | mobauto2_benders.benders.solver | bounds: best_lb=4189.12 best_ub=4228.99 gap=39.8738 rel=0.00943
SP result: recourse=4560 feasible=True
[SP PIPELINE] iter=60 build=0.000s solve=0.000s extract=0.000s post=0.000s cutgen=0.022s mode=mw lb_valid=True tl_inc=False vars=- bin=- cons=- lp=-
[CHECK] SP: recourse=4560 first=1.99 sp_total=4561.99
[CUT TIGHTNESS] raw_line(y)=4560  SP_ub=4560  diff=-1.82e-12
[CUT DEBUG] Not violated (dir). viol_out=0 viol_ret=0
[CUT DEBUG] Not violated (dir). viol_out=0 viol_ret=0
Master updated: no new cuts (all skipped / duplicates)
[CUT ATTEMPT] it=60 cand=OUT[0,2]|RET[0,3]|OUT[0,5]|RET[0,6]|OUT[0,7]|RET[0,9]|OUT[0,12]|RET[0,13]|OUT[0,17]|RET[0,18]|OUT[0,19]|RET[0,20]|...(+12) theta_out=2934.0000299999992 theta_ret=1626.0000300000002 theta_total=4560.000059999999 rec_out=2934.00003 rec_ret=1626.00003 rec_total=4560.00006 raw_rhs_out=2934.0000299999997 raw_rhs_ret=1626.0000300000002 raw_rhs_total=4560.00006 raw_gap=0.0 lhs_out=2934.0000299999992 lhs_ret=1626.0000300000002 lhs_total=4560.000059999999 rhs_out=2934.0000299999992 rhs_ret=1626.0000300000002 rhs_total=4560.000059999999 tol_master=1e-08 tol_filter=None skip=not_violated_directional
[CUT SUMMARY] it=60 cand=OUT[0,2]|RET[0,3]|OUT[0,5]|RET[0,6]|OUT[0,7]|RET[0,9]|OUT[0,12]|RET[0,13]|OUT[0,17]|RET[0,18]|OUT[0,19]|RET[0,20]|...(+12) decision=None skip=not_violated_directional theta_total=4560.000059999999 rec_total=4560.00006 raw_rhs_total=4560.00006 rhs_total=4560.000059999999 lhs_total=4560.000059999999
Timing: master=1.663s sp_solve=0.024s cutgen=0.022s cutadd=0.001s cuts_added=0 total_cuts=23
MP stats: nodes=2398 best_bound=4558.3495534579615 incumbent=4561.99006 gap=0.0007980084336348786
[CHECK] GAP: LB=4189.12 UB=4228.99 gap=39.8738 rel=0.00943

=== Iteration 61 ===
Solving Master (MP)...
[TIGHTEN] no new cuts for 37 iters: time_limit_s=532 mipgap=0.001
[MIPSTART] x-only start applied: n_out=44 n_ret=44
[MP] Wrote LP: Report\master_iter_061_cuts_023_20260806_045620.lp
2026-08-06 04:56:22,063 INFO | mobauto2_benders.benders.solver | iter=61 master status=SolveStatus.FEASIBLE obj=4561.99 lb=4558.35
Solver log file: C:\Users\fabio\AppData\Local\Temp\tmpum9lrptx.log
MP raw solver: status=ok term=optimal incumbent=4561.99006 best_bound=4558.3495534579615
MP solutions: count=1 keys=['Gap', 'Status', 'Message', 'Problem', 'Objective', 'Variable', 'Constraint']
[MP] Solver log: Report\master_iter_061_cuts_023_20260806_045620.log
Shuttle totals (OUT+RET): q0=12, q1=12
MP stats (solver): nodes=2398 best_bound=4558.3495534579615 incumbent=4561.99006 gap=0.0007980084336348786
MP result: status=SolveStatus.FEASIBLE obj=4561.99 lb=4558.35
[CHECK] MP: first=1.99 theta=4560 mp_total=4561.99 inc_obj=4561.99 best_bound=4558.35
[CHECK] MP bounds: mp_obj=4561.99 mp_best_bound=4558.35 mp_best_integer=4561.99 term=optimal status=ok gap=0.000798008
[MP] iter=61 incumbent=4561.99 best_bound=4558.35 gap=0.000798008 (src: inc=cplex_api bb=cplex_api gap=cplex_api)
[MP] iter=61 cuts=23 obj=4561.990 last_const=16486.000 last_nnz=28
[MW] core updated (t=0..): min=0.001 max=2 mean=0.546
Evaluating Subproblem (SP) at candidate...
2026-08-06 04:56:22,185 WARNING | mobauto2_benders.benders.solver | [CHECK FAIL] LB exceeds UB: LB=4558.35 UB=4228.99
2026-08-06 04:56:22,185 WARNING | mobauto2_benders.benders.solver | [CHECK] LB invalid; reverting to previous LB=4189.12
2026-08-06 04:56:22,201 INFO | mobauto2_benders.benders.solver | bounds: best_lb=4189.12 best_ub=4228.99 gap=39.8738 rel=0.00943
SP result: recourse=4560 feasible=True
[SP PIPELINE] iter=61 build=0.000s solve=0.000s extract=0.000s post=0.000s cutgen=0.018s mode=mw lb_valid=True tl_inc=False vars=- bin=- cons=- lp=-
[CHECK] SP: recourse=4560 first=1.99 sp_total=4561.99
[CUT TIGHTNESS] raw_line(y)=4560  SP_ub=4560  diff=-1.82e-12
[CUT DEBUG] Not violated (dir). viol_out=0 viol_ret=0
[CUT DEBUG] Not violated (dir). viol_out=0 viol_ret=0
Master updated: no new cuts (all skipped / duplicates)
[CUT ATTEMPT] it=61 cand=OUT[0,2]|RET[0,3]|OUT[0,5]|RET[0,6]|OUT[0,7]|RET[0,9]|OUT[0,12]|RET[0,13]|OUT[0,17]|RET[0,18]|OUT[0,19]|RET[0,20]|...(+12) theta_out=2934.0000299999992 theta_ret=1626.0000300000002 theta_total=4560.000059999999 rec_out=2934.00003 rec_ret=1626.00003 rec_total=4560.00006 raw_rhs_out=2934.0000299999997 raw_rhs_ret=1626.0000300000002 raw_rhs_total=4560.00006 raw_gap=0.0 lhs_out=2934.0000299999992 lhs_ret=1626.0000300000002 lhs_total=4560.000059999999 rhs_out=2934.0000299999992 rhs_ret=1626.0000300000002 rhs_total=4560.000059999999 tol_master=1e-08 tol_filter=None skip=not_violated_directional
[CUT SUMMARY] it=61 cand=OUT[0,2]|RET[0,3]|OUT[0,5]|RET[0,6]|OUT[0,7]|RET[0,9]|OUT[0,12]|RET[0,13]|OUT[0,17]|RET[0,18]|OUT[0,19]|RET[0,20]|...(+12) decision=None skip=not_violated_directional theta_total=4560.000059999999 rec_total=4560.00006 raw_rhs_total=4560.00006 rhs_total=4560.000059999999 lhs_total=4560.000059999999
Timing: master=1.794s sp_solve=0.020s cutgen=0.018s cutadd=0.001s cuts_added=0 total_cuts=23
MP stats: nodes=2398 best_bound=4558.3495534579615 incumbent=4561.99006 gap=0.0007980084336348786
[CHECK] GAP: LB=4189.12 UB=4228.99 gap=39.8738 rel=0.00943

=== Iteration 62 ===
Solving Master (MP)...
[TIGHTEN] no new cuts for 38 iters: time_limit_s=532 mipgap=0.001
[MIPSTART] x-only start applied: n_out=44 n_ret=44
[MP] Wrote LP: Report\master_iter_062_cuts_023_20260806_045622.lp
2026-08-06 04:56:23,812 INFO | mobauto2_benders.benders.solver | iter=62 master status=SolveStatus.FEASIBLE obj=4561.99 lb=4558.35
Solver log file: C:\Users\fabio\AppData\Local\Temp\tmpkiw4bzq0.log
MP raw solver: status=ok term=optimal incumbent=4561.99006 best_bound=4558.3495534579615
MP solutions: count=1 keys=['Gap', 'Status', 'Message', 'Problem', 'Objective', 'Variable', 'Constraint']
[MP] Solver log: Report\master_iter_062_cuts_023_20260806_045622.log
Shuttle totals (OUT+RET): q0=12, q1=12
MP stats (solver): nodes=2398 best_bound=4558.3495534579615 incumbent=4561.99006 gap=0.0007980084336348786
MP result: status=SolveStatus.FEASIBLE obj=4561.99 lb=4558.35
[CHECK] MP: first=1.99 theta=4560 mp_total=4561.99 inc_obj=4561.99 best_bound=4558.35
[CHECK] MP bounds: mp_obj=4561.99 mp_best_bound=4558.35 mp_best_integer=4561.99 term=optimal status=ok gap=0.000798008
[MP] iter=62 incumbent=4561.99 best_bound=4558.35 gap=0.000798008 (src: inc=cplex_api bb=cplex_api gap=cplex_api)
[MP] iter=62 cuts=23 obj=4561.990 last_const=16486.000 last_nnz=28
[MW] core updated (t=0..): min=0.001 max=2 mean=0.546
Evaluating Subproblem (SP) at candidate...
2026-08-06 04:56:23,920 WARNING | mobauto2_benders.benders.solver | [CHECK FAIL] LB exceeds UB: LB=4558.35 UB=4228.99
2026-08-06 04:56:23,920 WARNING | mobauto2_benders.benders.solver | [CHECK] LB invalid; reverting to previous LB=4189.12
2026-08-06 04:56:23,922 INFO | mobauto2_benders.benders.solver | bounds: best_lb=4189.12 best_ub=4228.99 gap=39.8738 rel=0.00943
SP result: recourse=4560 feasible=True
[SP PIPELINE] iter=62 build=0.000s solve=0.000s extract=0.000s post=0.000s cutgen=0.020s mode=mw lb_valid=True tl_inc=False vars=- bin=- cons=- lp=-
[CHECK] SP: recourse=4560 first=1.99 sp_total=4561.99
[CUT TIGHTNESS] raw_line(y)=4560  SP_ub=4560  diff=-1.82e-12
[CUT DEBUG] Not violated (dir). viol_out=0 viol_ret=0
[CUT DEBUG] Not violated (dir). viol_out=0 viol_ret=0
Master updated: no new cuts (all skipped / duplicates)
[CUT ATTEMPT] it=62 cand=OUT[0,2]|RET[0,3]|OUT[0,5]|RET[0,6]|OUT[0,7]|RET[0,9]|OUT[0,12]|RET[0,13]|OUT[0,17]|RET[0,18]|OUT[0,19]|RET[0,20]|...(+12) theta_out=2934.0000299999992 theta_ret=1626.0000300000002 theta_total=4560.000059999999 rec_out=2934.00003 rec_ret=1626.00003 rec_total=4560.00006 raw_rhs_out=2934.0000299999997 raw_rhs_ret=1626.0000300000002 raw_rhs_total=4560.00006 raw_gap=0.0 lhs_out=2934.0000299999992 lhs_ret=1626.0000300000002 lhs_total=4560.000059999999 rhs_out=2934.0000299999992 rhs_ret=1626.0000300000002 rhs_total=4560.000059999999 tol_master=1e-08 tol_filter=None skip=not_violated_directional
[CUT SUMMARY] it=62 cand=OUT[0,2]|RET[0,3]|OUT[0,5]|RET[0,6]|OUT[0,7]|RET[0,9]|OUT[0,12]|RET[0,13]|OUT[0,17]|RET[0,18]|OUT[0,19]|RET[0,20]|...(+12) decision=None skip=not_violated_directional theta_total=4560.000059999999 rec_total=4560.00006 raw_rhs_total=4560.00006 rhs_total=4560.000059999999 lhs_total=4560.000059999999
Timing: master=1.618s sp_solve=0.020s cutgen=0.020s cutadd=0.002s cuts_added=0 total_cuts=23
MP stats: nodes=2398 best_bound=4558.3495534579615 incumbent=4561.99006 gap=0.0007980084336348786
[CHECK] GAP: LB=4189.12 UB=4228.99 gap=39.8738 rel=0.00943

=== Iteration 63 ===
Solving Master (MP)...
[TIGHTEN] no new cuts for 39 iters: time_limit_s=532 mipgap=0.001
[MIPSTART] x-only start applied: n_out=44 n_ret=44
[MP] Wrote LP: Report\master_iter_063_cuts_023_20260806_045623.lp
2026-08-06 04:56:25,686 INFO | mobauto2_benders.benders.solver | iter=63 master status=SolveStatus.FEASIBLE obj=4561.99 lb=4558.35
Solver log file: C:\Users\fabio\AppData\Local\Temp\tmphn1lqb9d.log
MP raw solver: status=ok term=optimal incumbent=4561.99006 best_bound=4558.3495534579615
MP solutions: count=1 keys=['Gap', 'Status', 'Message', 'Problem', 'Objective', 'Variable', 'Constraint']
[MP] Solver log: Report\master_iter_063_cuts_023_20260806_045623.log
Shuttle totals (OUT+RET): q0=12, q1=12
MP stats (solver): nodes=2398 best_bound=4558.3495534579615 incumbent=4561.99006 gap=0.0007980084336348786
MP result: status=SolveStatus.FEASIBLE obj=4561.99 lb=4558.35
[CHECK] MP: first=1.99 theta=4560 mp_total=4561.99 inc_obj=4561.99 best_bound=4558.35
[CHECK] MP bounds: mp_obj=4561.99 mp_best_bound=4558.35 mp_best_integer=4561.99 term=optimal status=ok gap=0.000798008
[MP] iter=63 incumbent=4561.99 best_bound=4558.35 gap=0.000798008 (src: inc=cplex_api bb=cplex_api gap=cplex_api)
[MP] iter=63 cuts=23 obj=4561.990 last_const=16486.000 last_nnz=28
[MW] core updated (t=0..): min=0.001 max=2 mean=0.546
Evaluating Subproblem (SP) at candidate...
2026-08-06 04:56:25,821 WARNING | mobauto2_benders.benders.solver | [CHECK FAIL] LB exceeds UB: LB=4558.35 UB=4228.99
2026-08-06 04:56:25,821 WARNING | mobauto2_benders.benders.solver | [CHECK] LB invalid; reverting to previous LB=4189.12
2026-08-06 04:56:25,821 INFO | mobauto2_benders.benders.solver | bounds: best_lb=4189.12 best_ub=4228.99 gap=39.8738 rel=0.00943
SP result: recourse=4560 feasible=True
[SP PIPELINE] iter=63 build=0.000s solve=0.000s extract=0.000s post=0.000s cutgen=0.024s mode=mw lb_valid=True tl_inc=False vars=- bin=- cons=- lp=-
[CHECK] SP: recourse=4560 first=1.99 sp_total=4561.99
[CUT TIGHTNESS] raw_line(y)=4560  SP_ub=4560  diff=-1.82e-12
[CUT DEBUG] Not violated (dir). viol_out=0 viol_ret=0
[CUT DEBUG] Not violated (dir). viol_out=0 viol_ret=0
Master updated: no new cuts (all skipped / duplicates)
[CUT ATTEMPT] it=63 cand=OUT[0,2]|RET[0,3]|OUT[0,5]|RET[0,6]|OUT[0,7]|RET[0,9]|OUT[0,12]|RET[0,13]|OUT[0,17]|RET[0,18]|OUT[0,19]|RET[0,20]|...(+12) theta_out=2934.0000299999992 theta_ret=1626.0000300000002 theta_total=4560.000059999999 rec_out=2934.00003 rec_ret=1626.00003 rec_total=4560.00006 raw_rhs_out=2934.0000299999997 raw_rhs_ret=1626.0000300000002 raw_rhs_total=4560.00006 raw_gap=0.0 lhs_out=2934.0000299999992 lhs_ret=1626.0000300000002 lhs_total=4560.000059999999 rhs_out=2934.0000299999992 rhs_ret=1626.0000300000002 rhs_total=4560.000059999999 tol_master=1e-08 tol_filter=None skip=not_violated_directional
[CUT SUMMARY] it=63 cand=OUT[0,2]|RET[0,3]|OUT[0,5]|RET[0,6]|OUT[0,7]|RET[0,9]|OUT[0,12]|RET[0,13]|OUT[0,17]|RET[0,18]|OUT[0,19]|RET[0,20]|...(+12) decision=None skip=not_violated_directional theta_total=4560.000059999999 rec_total=4560.00006 raw_rhs_total=4560.00006 rhs_total=4560.000059999999 lhs_total=4560.000059999999
Timing: master=1.762s sp_solve=0.035s cutgen=0.024s cutadd=0.002s cuts_added=0 total_cuts=23
MP stats: nodes=2398 best_bound=4558.3495534579615 incumbent=4561.99006 gap=0.0007980084336348786
[CHECK] GAP: LB=4189.12 UB=4228.99 gap=39.8738 rel=0.00943

=== Iteration 64 ===
Solving Master (MP)...
[TIGHTEN] no new cuts for 40 iters: time_limit_s=532 mipgap=0.001
[MIPSTART] x-only start applied: n_out=44 n_ret=44
[MP] Wrote LP: Report\master_iter_064_cuts_023_20260806_045625.lp
2026-08-06 04:56:27,654 INFO | mobauto2_benders.benders.solver | iter=64 master status=SolveStatus.FEASIBLE obj=4561.99 lb=4558.35
Solver log file: C:\Users\fabio\AppData\Local\Temp\tmpq_pvqklq.log
MP raw solver: status=ok term=optimal incumbent=4561.99006 best_bound=4558.3495534579615
MP solutions: count=1 keys=['Gap', 'Status', 'Message', 'Problem', 'Objective', 'Variable', 'Constraint']
[MP] Solver log: Report\master_iter_064_cuts_023_20260806_045625.log
Shuttle totals (OUT+RET): q0=12, q1=12
MP stats (solver): nodes=2398 best_bound=4558.3495534579615 incumbent=4561.99006 gap=0.0007980084336348786
MP result: status=SolveStatus.FEASIBLE obj=4561.99 lb=4558.35
[CHECK] MP: first=1.99 theta=4560 mp_total=4561.99 inc_obj=4561.99 best_bound=4558.35
[CHECK] MP bounds: mp_obj=4561.99 mp_best_bound=4558.35 mp_best_integer=4561.99 term=optimal status=ok gap=0.000798008
[MP] iter=64 incumbent=4561.99 best_bound=4558.35 gap=0.000798008 (src: inc=cplex_api bb=cplex_api gap=cplex_api)
[MP] iter=64 cuts=23 obj=4561.990 last_const=16486.000 last_nnz=28
[MW] core updated (t=0..): min=0.001 max=2 mean=0.546
Evaluating Subproblem (SP) at candidate...
2026-08-06 04:56:27,772 WARNING | mobauto2_benders.benders.solver | [CHECK FAIL] LB exceeds UB: LB=4558.35 UB=4228.99
2026-08-06 04:56:27,772 WARNING | mobauto2_benders.benders.solver | [CHECK] LB invalid; reverting to previous LB=4189.12
2026-08-06 04:56:27,772 INFO | mobauto2_benders.benders.solver | bounds: best_lb=4189.12 best_ub=4228.99 gap=39.8738 rel=0.00943
SP result: recourse=4560 feasible=True
[SP PIPELINE] iter=64 build=0.000s solve=0.000s extract=0.000s post=0.000s cutgen=0.023s mode=mw lb_valid=True tl_inc=False vars=- bin=- cons=- lp=-
[CHECK] SP: recourse=4560 first=1.99 sp_total=4561.99
[CUT TIGHTNESS] raw_line(y)=4560  SP_ub=4560  diff=-1.82e-12
[CUT DEBUG] Not violated (dir). viol_out=0 viol_ret=0
[CUT DEBUG] Not violated (dir). viol_out=0 viol_ret=0
Master updated: no new cuts (all skipped / duplicates)
[CUT ATTEMPT] it=64 cand=OUT[0,2]|RET[0,3]|OUT[0,5]|RET[0,6]|OUT[0,7]|RET[0,9]|OUT[0,12]|RET[0,13]|OUT[0,17]|RET[0,18]|OUT[0,19]|RET[0,20]|...(+12) theta_out=2934.0000299999992 theta_ret=1626.0000300000002 theta_total=4560.000059999999 rec_out=2934.00003 rec_ret=1626.00003 rec_total=4560.00006 raw_rhs_out=2934.0000299999997 raw_rhs_ret=1626.0000300000002 raw_rhs_total=4560.00006 raw_gap=0.0 lhs_out=2934.0000299999992 lhs_ret=1626.0000300000002 lhs_total=4560.000059999999 rhs_out=2934.0000299999992 rhs_ret=1626.0000300000002 rhs_total=4560.000059999999 tol_master=1e-08 tol_filter=None skip=not_violated_directional
[CUT SUMMARY] it=64 cand=OUT[0,2]|RET[0,3]|OUT[0,5]|RET[0,6]|OUT[0,7]|RET[0,9]|OUT[0,12]|RET[0,13]|OUT[0,17]|RET[0,18]|OUT[0,19]|RET[0,20]|...(+12) decision=None skip=not_violated_directional theta_total=4560.000059999999 rec_total=4560.00006 raw_rhs_total=4560.00006 rhs_total=4560.000059999999 lhs_total=4560.000059999999
Timing: master=1.832s sp_solve=0.025s cutgen=0.023s cutadd=0.002s cuts_added=0 total_cuts=23
MP stats: nodes=2398 best_bound=4558.3495534579615 incumbent=4561.99006 gap=0.0007980084336348786
[CHECK] GAP: LB=4189.12 UB=4228.99 gap=39.8738 rel=0.00943

=== Iteration 65 ===
Solving Master (MP)...
[TIGHTEN] no new cuts for 41 iters: time_limit_s=532 mipgap=0.001
[MIPSTART] x-only start applied: n_out=44 n_ret=44
[MP] Wrote LP: Report\master_iter_065_cuts_023_20260806_045627.lp
2026-08-06 04:56:28,659 INFO | mobauto2_benders.benders.solver | iter=65 master status=SolveStatus.FEASIBLE obj=4561.99 lb=4558.35
Solver log file: C:\Users\fabio\AppData\Local\Temp\tmpr_efm5ka.log
MP raw solver: status=ok term=optimal incumbent=4561.99006 best_bound=4558.3495534579615
MP solutions: count=1 keys=['Gap', 'Status', 'Message', 'Problem', 'Objective', 'Variable', 'Constraint']
[MP] Solver log: Report\master_iter_065_cuts_023_20260806_045627.log
Shuttle totals (OUT+RET): q0=12, q1=12
MP stats (solver): nodes=2398 best_bound=4558.3495534579615 incumbent=4561.99006 gap=0.0007980084336348786
MP result: status=SolveStatus.FEASIBLE obj=4561.99 lb=4558.35
[CHECK] MP: first=1.99 theta=4560 mp_total=4561.99 inc_obj=4561.99 best_bound=4558.35
[CHECK] MP bounds: mp_obj=4561.99 mp_best_bound=4558.35 mp_best_integer=4561.99 term=optimal status=ok gap=0.000798008
[MP] iter=65 incumbent=4561.99 best_bound=4558.35 gap=0.000798008 (src: inc=cplex_api bb=cplex_api gap=cplex_api)
[MP] iter=65 cuts=23 obj=4561.990 last_const=16486.000 last_nnz=28
[MW] core updated (t=0..): min=0.001 max=2 mean=0.546
Evaluating Subproblem (SP) at candidate...
2026-08-06 04:56:28,843 WARNING | mobauto2_benders.benders.solver | [CHECK FAIL] LB exceeds UB: LB=4558.35 UB=4228.99
2026-08-06 04:56:28,843 WARNING | mobauto2_benders.benders.solver | [CHECK] LB invalid; reverting to previous LB=4189.12
2026-08-06 04:56:28,845 INFO | mobauto2_benders.benders.solver | bounds: best_lb=4189.12 best_ub=4228.99 gap=39.8738 rel=0.00943
SP result: recourse=4560 feasible=True
[SP PIPELINE] iter=65 build=0.000s solve=0.000s extract=0.000s post=0.000s cutgen=0.029s mode=mw lb_valid=True tl_inc=False vars=- bin=- cons=- lp=-
[CHECK] SP: recourse=4560 first=1.99 sp_total=4561.99
[CUT TIGHTNESS] raw_line(y)=4560  SP_ub=4560  diff=-1.82e-12
[CUT DEBUG] Not violated (dir). viol_out=0 viol_ret=0
[CUT DEBUG] Not violated (dir). viol_out=0 viol_ret=0
Master updated: no new cuts (all skipped / duplicates)
[CUT ATTEMPT] it=65 cand=OUT[0,2]|RET[0,3]|OUT[0,5]|RET[0,6]|OUT[0,7]|RET[0,9]|OUT[0,12]|RET[0,13]|OUT[0,17]|RET[0,18]|OUT[0,19]|RET[0,20]|...(+12) theta_out=2934.0000299999992 theta_ret=1626.0000300000002 theta_total=4560.000059999999 rec_out=2934.00003 rec_ret=1626.00003 rec_total=4560.00006 raw_rhs_out=2934.0000299999997 raw_rhs_ret=1626.0000300000002 raw_rhs_total=4560.00006 raw_gap=0.0 lhs_out=2934.0000299999992 lhs_ret=1626.0000300000002 lhs_total=4560.000059999999 rhs_out=2934.0000299999992 rhs_ret=1626.0000300000002 rhs_total=4560.000059999999 tol_master=1e-08 tol_filter=None skip=not_violated_directional
[CUT SUMMARY] it=65 cand=OUT[0,2]|RET[0,3]|OUT[0,5]|RET[0,6]|OUT[0,7]|RET[0,9]|OUT[0,12]|RET[0,13]|OUT[0,17]|RET[0,18]|OUT[0,19]|RET[0,20]|...(+12) decision=None skip=not_violated_directional theta_total=4560.000059999999 rec_total=4560.00006 raw_rhs_total=4560.00006 rhs_total=4560.000059999999 lhs_total=4560.000059999999
Timing: master=0.899s sp_solve=0.028s cutgen=0.029s cutadd=0.004s cuts_added=0 total_cuts=23
MP stats: nodes=2398 best_bound=4558.3495534579615 incumbent=4561.99006 gap=0.0007980084336348786
[CHECK] GAP: LB=4189.12 UB=4228.99 gap=39.8738 rel=0.00943

=== Iteration 66 ===
Solving Master (MP)...
[TIGHTEN] no new cuts for 42 iters: time_limit_s=532 mipgap=0.001
[MIPSTART] x-only start applied: n_out=44 n_ret=44
[MP] Wrote LP: Report\master_iter_066_cuts_023_20260806_045628.lp
2026-08-06 04:56:30,661 INFO | mobauto2_benders.benders.solver | iter=66 master status=SolveStatus.FEASIBLE obj=4561.99 lb=4558.35
Solver log file: C:\Users\fabio\AppData\Local\Temp\tmp07s6uis8.log
MP raw solver: status=ok term=optimal incumbent=4561.99006 best_bound=4558.3495534579615
MP solutions: count=1 keys=['Gap', 'Status', 'Message', 'Problem', 'Objective', 'Variable', 'Constraint']
[MP] Solver log: Report\master_iter_066_cuts_023_20260806_045628.log
Shuttle totals (OUT+RET): q0=12, q1=12
MP stats (solver): nodes=2398 best_bound=4558.3495534579615 incumbent=4561.99006 gap=0.0007980084336348786
MP result: status=SolveStatus.FEASIBLE obj=4561.99 lb=4558.35
[CHECK] MP: first=1.99 theta=4560 mp_total=4561.99 inc_obj=4561.99 best_bound=4558.35
[CHECK] MP bounds: mp_obj=4561.99 mp_best_bound=4558.35 mp_best_integer=4561.99 term=optimal status=ok gap=0.000798008
[MP] iter=66 incumbent=4561.99 best_bound=4558.35 gap=0.000798008 (src: inc=cplex_api bb=cplex_api gap=cplex_api)
[MP] iter=66 cuts=23 obj=4561.990 last_const=16486.000 last_nnz=28
[MW] core updated (t=0..): min=0.001 max=2 mean=0.546
Evaluating Subproblem (SP) at candidate...
2026-08-06 04:56:30,795 WARNING | mobauto2_benders.benders.solver | [CHECK FAIL] LB exceeds UB: LB=4558.35 UB=4228.99
2026-08-06 04:56:30,795 WARNING | mobauto2_benders.benders.solver | [CHECK] LB invalid; reverting to previous LB=4189.12
2026-08-06 04:56:30,811 INFO | mobauto2_benders.benders.solver | bounds: best_lb=4189.12 best_ub=4228.99 gap=39.8738 rel=0.00943
SP result: recourse=4560 feasible=True
[SP PIPELINE] iter=66 build=0.000s solve=0.000s extract=0.000s post=0.000s cutgen=0.025s mode=mw lb_valid=True tl_inc=False vars=- bin=- cons=- lp=-
[CHECK] SP: recourse=4560 first=1.99 sp_total=4561.99
[CUT TIGHTNESS] raw_line(y)=4560  SP_ub=4560  diff=-1.82e-12
[CUT DEBUG] Not violated (dir). viol_out=0 viol_ret=0
[CUT DEBUG] Not violated (dir). viol_out=0 viol_ret=0
Master updated: no new cuts (all skipped / duplicates)
[CUT ATTEMPT] it=66 cand=OUT[0,2]|RET[0,3]|OUT[0,5]|RET[0,6]|OUT[0,7]|RET[0,9]|OUT[0,12]|RET[0,13]|OUT[0,17]|RET[0,18]|OUT[0,19]|RET[0,20]|...(+12) theta_out=2934.0000299999992 theta_ret=1626.0000300000002 theta_total=4560.000059999999 rec_out=2934.00003 rec_ret=1626.00003 rec_total=4560.00006 raw_rhs_out=2934.0000299999997 raw_rhs_ret=1626.0000300000002 raw_rhs_total=4560.00006 raw_gap=0.0 lhs_out=2934.0000299999992 lhs_ret=1626.0000300000002 lhs_total=4560.000059999999 rhs_out=2934.0000299999992 rhs_ret=1626.0000300000002 rhs_total=4560.000059999999 tol_master=1e-08 tol_filter=None skip=not_violated_directional
[CUT SUMMARY] it=66 cand=OUT[0,2]|RET[0,3]|OUT[0,5]|RET[0,6]|OUT[0,7]|RET[0,9]|OUT[0,12]|RET[0,13]|OUT[0,17]|RET[0,18]|OUT[0,19]|RET[0,20]|...(+12) decision=None skip=not_violated_directional theta_total=4560.000059999999 rec_total=4560.00006 raw_rhs_total=4560.00006 rhs_total=4560.000059999999 lhs_total=4560.000059999999
Timing: master=1.826s sp_solve=0.027s cutgen=0.025s cutadd=0.002s cuts_added=0 total_cuts=23
MP stats: nodes=2398 best_bound=4558.3495534579615 incumbent=4561.99006 gap=0.0007980084336348786
[CHECK] GAP: LB=4189.12 UB=4228.99 gap=39.8738 rel=0.00943

=== Iteration 67 ===
Solving Master (MP)...
[TIGHTEN] no new cuts for 43 iters: time_limit_s=532 mipgap=0.001
[MIPSTART] x-only start applied: n_out=44 n_ret=44
[MP] Wrote LP: Report\master_iter_067_cuts_023_20260806_045630.lp
2026-08-06 04:56:31,852 INFO | mobauto2_benders.benders.solver | iter=67 master status=SolveStatus.FEASIBLE obj=4561.99 lb=4558.35
Solver log file: C:\Users\fabio\AppData\Local\Temp\tmpdyfofdkp.log
MP raw solver: status=ok term=optimal incumbent=4561.99006 best_bound=4558.3495534579615
MP solutions: count=1 keys=['Gap', 'Status', 'Message', 'Problem', 'Objective', 'Variable', 'Constraint']
[MP] Solver log: Report\master_iter_067_cuts_023_20260806_045630.log
Shuttle totals (OUT+RET): q0=12, q1=12
MP stats (solver): nodes=2398 best_bound=4558.3495534579615 incumbent=4561.99006 gap=0.0007980084336348786
MP result: status=SolveStatus.FEASIBLE obj=4561.99 lb=4558.35
[CHECK] MP: first=1.99 theta=4560 mp_total=4561.99 inc_obj=4561.99 best_bound=4558.35
[CHECK] MP bounds: mp_obj=4561.99 mp_best_bound=4558.35 mp_best_integer=4561.99 term=optimal status=ok gap=0.000798008
[MP] iter=67 incumbent=4561.99 best_bound=4558.35 gap=0.000798008 (src: inc=cplex_api bb=cplex_api gap=cplex_api)
[MP] iter=67 cuts=23 obj=4561.990 last_const=16486.000 last_nnz=28
[MW] core updated (t=0..): min=0.001 max=2 mean=0.546
Evaluating Subproblem (SP) at candidate...
2026-08-06 04:56:31,994 WARNING | mobauto2_benders.benders.solver | [CHECK FAIL] LB exceeds UB: LB=4558.35 UB=4228.99
2026-08-06 04:56:31,994 WARNING | mobauto2_benders.benders.solver | [CHECK] LB invalid; reverting to previous LB=4189.12
2026-08-06 04:56:31,998 INFO | mobauto2_benders.benders.solver | bounds: best_lb=4189.12 best_ub=4228.99 gap=39.8738 rel=0.00943
SP result: recourse=4560 feasible=True
[SP PIPELINE] iter=67 build=0.000s solve=0.000s extract=0.000s post=0.000s cutgen=0.026s mode=mw lb_valid=True tl_inc=False vars=- bin=- cons=- lp=-
[CHECK] SP: recourse=4560 first=1.99 sp_total=4561.99
[CUT TIGHTNESS] raw_line(y)=4560  SP_ub=4560  diff=-1.82e-12
[CUT DEBUG] Not violated (dir). viol_out=0 viol_ret=0
[CUT DEBUG] Not violated (dir). viol_out=0 viol_ret=0
Master updated: no new cuts (all skipped / duplicates)
[CUT ATTEMPT] it=67 cand=OUT[0,2]|RET[0,3]|OUT[0,5]|RET[0,6]|OUT[0,7]|RET[0,9]|OUT[0,12]|RET[0,13]|OUT[0,17]|RET[0,18]|OUT[0,19]|RET[0,20]|...(+12) theta_out=2934.0000299999992 theta_ret=1626.0000300000002 theta_total=4560.000059999999 rec_out=2934.00003 rec_ret=1626.00003 rec_total=4560.00006 raw_rhs_out=2934.0000299999997 raw_rhs_ret=1626.0000300000002 raw_rhs_total=4560.00006 raw_gap=0.0 lhs_out=2934.0000299999992 lhs_ret=1626.0000300000002 lhs_total=4560.000059999999 rhs_out=2934.0000299999992 rhs_ret=1626.0000300000002 rhs_total=4560.000059999999 tol_master=1e-08 tol_filter=None skip=not_violated_directional
[CUT SUMMARY] it=67 cand=OUT[0,2]|RET[0,3]|OUT[0,5]|RET[0,6]|OUT[0,7]|RET[0,9]|OUT[0,12]|RET[0,13]|OUT[0,17]|RET[0,18]|OUT[0,19]|RET[0,20]|...(+12) decision=None skip=not_violated_directional theta_total=4560.000059999999 rec_total=4560.00006 raw_rhs_total=4560.00006 rhs_total=4560.000059999999 lhs_total=4560.000059999999
Timing: master=1.040s sp_solve=0.028s cutgen=0.026s cutadd=0.002s cuts_added=0 total_cuts=23
MP stats: nodes=2398 best_bound=4558.3495534579615 incumbent=4561.99006 gap=0.0007980084336348786
[CHECK] GAP: LB=4189.12 UB=4228.99 gap=39.8738 rel=0.00943

=== Iteration 68 ===
Solving Master (MP)...
[TIGHTEN] no new cuts for 44 iters: time_limit_s=532 mipgap=0.001
[MIPSTART] x-only start applied: n_out=44 n_ret=44
[MP] Wrote LP: Report\master_iter_068_cuts_023_20260806_045631.lp
2026-08-06 04:56:34,295 INFO | mobauto2_benders.benders.solver | iter=68 master status=SolveStatus.FEASIBLE obj=4561.99 lb=4558.35
Solver log file: C:\Users\fabio\AppData\Local\Temp\tmpf1eskec5.log
MP raw solver: status=ok term=optimal incumbent=4561.99006 best_bound=4558.3495534579615
MP solutions: count=1 keys=['Gap', 'Status', 'Message', 'Problem', 'Objective', 'Variable', 'Constraint']
[MP] Solver log: Report\master_iter_068_cuts_023_20260806_045632.log
Shuttle totals (OUT+RET): q0=12, q1=12
MP stats (solver): nodes=2398 best_bound=4558.3495534579615 incumbent=4561.99006 gap=0.0007980084336348786
MP result: status=SolveStatus.FEASIBLE obj=4561.99 lb=4558.35
[CHECK] MP: first=1.99 theta=4560 mp_total=4561.99 inc_obj=4561.99 best_bound=4558.35
[CHECK] MP bounds: mp_obj=4561.99 mp_best_bound=4558.35 mp_best_integer=4561.99 term=optimal status=ok gap=0.000798008
[MP] iter=68 incumbent=4561.99 best_bound=4558.35 gap=0.000798008 (src: inc=cplex_api bb=cplex_api gap=cplex_api)
[MP] iter=68 cuts=23 obj=4561.990 last_const=16486.000 last_nnz=28
[MW] core updated (t=0..): min=0.001 max=2 mean=0.546
Evaluating Subproblem (SP) at candidate...
2026-08-06 04:56:34,466 WARNING | mobauto2_benders.benders.solver | [CHECK FAIL] LB exceeds UB: LB=4558.35 UB=4228.99
2026-08-06 04:56:34,466 WARNING | mobauto2_benders.benders.solver | [CHECK] LB invalid; reverting to previous LB=4189.12
2026-08-06 04:56:34,466 INFO | mobauto2_benders.benders.solver | bounds: best_lb=4189.12 best_ub=4228.99 gap=39.8738 rel=0.00943
SP result: recourse=4560 feasible=True
[SP PIPELINE] iter=68 build=0.000s solve=0.000s extract=0.000s post=0.000s cutgen=0.025s mode=mw lb_valid=True tl_inc=False vars=- bin=- cons=- lp=-
[CHECK] SP: recourse=4560 first=1.99 sp_total=4561.99
[CUT TIGHTNESS] raw_line(y)=4560  SP_ub=4560  diff=-1.82e-12
[CUT DEBUG] Not violated (dir). viol_out=0 viol_ret=0
[CUT DEBUG] Not violated (dir). viol_out=0 viol_ret=0
Master updated: no new cuts (all skipped / duplicates)
[CUT ATTEMPT] it=68 cand=OUT[0,2]|RET[0,3]|OUT[0,5]|RET[0,6]|OUT[0,7]|RET[0,9]|OUT[0,12]|RET[0,13]|OUT[0,17]|RET[0,18]|OUT[0,19]|RET[0,20]|...(+12) theta_out=2934.0000299999992 theta_ret=1626.0000300000002 theta_total=4560.000059999999 rec_out=2934.00003 rec_ret=1626.00003 rec_total=4560.00006 raw_rhs_out=2934.0000299999997 raw_rhs_ret=1626.0000300000002 raw_rhs_total=4560.00006 raw_gap=0.0 lhs_out=2934.0000299999992 lhs_ret=1626.0000300000002 lhs_total=4560.000059999999 rhs_out=2934.0000299999992 rhs_ret=1626.0000300000002 rhs_total=4560.000059999999 tol_master=1e-08 tol_filter=None skip=not_violated_directional
[CUT SUMMARY] it=68 cand=OUT[0,2]|RET[0,3]|OUT[0,5]|RET[0,6]|OUT[0,7]|RET[0,9]|OUT[0,12]|RET[0,13]|OUT[0,17]|RET[0,18]|OUT[0,19]|RET[0,20]|...(+12) decision=None skip=not_violated_directional theta_total=4560.000059999999 rec_total=4560.00006 raw_rhs_total=4560.00006 rhs_total=4560.000059999999 lhs_total=4560.000059999999
Timing: master=2.299s sp_solve=0.063s cutgen=0.025s cutadd=0.001s cuts_added=0 total_cuts=23
MP stats: nodes=2398 best_bound=4558.3495534579615 incumbent=4561.99006 gap=0.0007980084336348786
[CHECK] GAP: LB=4189.12 UB=4228.99 gap=39.8738 rel=0.00943

=== Iteration 69 ===
Solving Master (MP)...
[TIGHTEN] no new cuts for 45 iters: time_limit_s=532 mipgap=0.001
[MIPSTART] x-only start applied: n_out=44 n_ret=44
[MP] Wrote LP: Report\master_iter_069_cuts_023_20260806_045634.lp
2026-08-06 04:56:36,201 INFO | mobauto2_benders.benders.solver | iter=69 master status=SolveStatus.FEASIBLE obj=4561.99 lb=4558.35
Solver log file: C:\Users\fabio\AppData\Local\Temp\tmpauni3717.log
MP raw solver: status=ok term=optimal incumbent=4561.99006 best_bound=4558.3495534579615
MP solutions: count=1 keys=['Gap', 'Status', 'Message', 'Problem', 'Objective', 'Variable', 'Constraint']
[MP] Solver log: Report\master_iter_069_cuts_023_20260806_045634.log
Shuttle totals (OUT+RET): q0=12, q1=12
MP stats (solver): nodes=2398 best_bound=4558.3495534579615 incumbent=4561.99006 gap=0.0007980084336348786
MP result: status=SolveStatus.FEASIBLE obj=4561.99 lb=4558.35
[CHECK] MP: first=1.99 theta=4560 mp_total=4561.99 inc_obj=4561.99 best_bound=4558.35
[CHECK] MP bounds: mp_obj=4561.99 mp_best_bound=4558.35 mp_best_integer=4561.99 term=optimal status=ok gap=0.000798008
[MP] iter=69 incumbent=4561.99 best_bound=4558.35 gap=0.000798008 (src: inc=cplex_api bb=cplex_api gap=cplex_api)
[MP] iter=69 cuts=23 obj=4561.990 last_const=16486.000 last_nnz=28
[MW] core updated (t=0..): min=0.001 max=2 mean=0.546
Evaluating Subproblem (SP) at candidate...
2026-08-06 04:56:36,316 WARNING | mobauto2_benders.benders.solver | [CHECK FAIL] LB exceeds UB: LB=4558.35 UB=4228.99
2026-08-06 04:56:36,316 WARNING | mobauto2_benders.benders.solver | [CHECK] LB invalid; reverting to previous LB=4189.12
2026-08-06 04:56:36,316 INFO | mobauto2_benders.benders.solver | bounds: best_lb=4189.12 best_ub=4228.99 gap=39.8738 rel=0.00943
SP result: recourse=4560 feasible=True
[SP PIPELINE] iter=69 build=0.000s solve=0.000s extract=0.000s post=0.000s cutgen=0.025s mode=mw lb_valid=True tl_inc=False vars=- bin=- cons=- lp=-
[CHECK] SP: recourse=4560 first=1.99 sp_total=4561.99
[CUT TIGHTNESS] raw_line(y)=4560  SP_ub=4560  diff=-1.82e-12
[CUT DEBUG] Not violated (dir). viol_out=0 viol_ret=0
[CUT DEBUG] Not violated (dir). viol_out=0 viol_ret=0
Master updated: no new cuts (all skipped / duplicates)
[CUT ATTEMPT] it=69 cand=OUT[0,2]|RET[0,3]|OUT[0,5]|RET[0,6]|OUT[0,7]|RET[0,9]|OUT[0,12]|RET[0,13]|OUT[0,17]|RET[0,18]|OUT[0,19]|RET[0,20]|...(+12) theta_out=2934.0000299999992 theta_ret=1626.0000300000002 theta_total=4560.000059999999 rec_out=2934.00003 rec_ret=1626.00003 rec_total=4560.00006 raw_rhs_out=2934.0000299999997 raw_rhs_ret=1626.0000300000002 raw_rhs_total=4560.00006 raw_gap=0.0 lhs_out=2934.0000299999992 lhs_ret=1626.0000300000002 lhs_total=4560.000059999999 rhs_out=2934.0000299999992 rhs_ret=1626.0000300000002 rhs_total=4560.000059999999 tol_master=1e-08 tol_filter=None skip=not_violated_directional
[CUT SUMMARY] it=69 cand=OUT[0,2]|RET[0,3]|OUT[0,5]|RET[0,6]|OUT[0,7]|RET[0,9]|OUT[0,12]|RET[0,13]|OUT[0,17]|RET[0,18]|OUT[0,19]|RET[0,20]|...(+12) decision=None skip=not_violated_directional theta_total=4560.000059999999 rec_total=4560.00006 raw_rhs_total=4560.00006 rhs_total=4560.000059999999 lhs_total=4560.000059999999
Timing: master=1.739s sp_solve=0.021s cutgen=0.025s cutadd=0.003s cuts_added=0 total_cuts=23
MP stats: nodes=2398 best_bound=4558.3495534579615 incumbent=4561.99006 gap=0.0007980084336348786
[CHECK] GAP: LB=4189.12 UB=4228.99 gap=39.8738 rel=0.00943

=== Iteration 70 ===
Solving Master (MP)...
[TIGHTEN] no new cuts for 46 iters: time_limit_s=532 mipgap=0.001
[MIPSTART] x-only start applied: n_out=44 n_ret=44
[MP] Wrote LP: Report\master_iter_070_cuts_023_20260806_045636.lp
2026-08-06 04:56:38,203 INFO | mobauto2_benders.benders.solver | iter=70 master status=SolveStatus.FEASIBLE obj=4561.99 lb=4558.35
Solver log file: C:\Users\fabio\AppData\Local\Temp\tmpoetfaywm.log
MP raw solver: status=ok term=optimal incumbent=4561.99006 best_bound=4558.3495534579615
MP solutions: count=1 keys=['Gap', 'Status', 'Message', 'Problem', 'Objective', 'Variable', 'Constraint']
[MP] Solver log: Report\master_iter_070_cuts_023_20260806_045636.log
Shuttle totals (OUT+RET): q0=12, q1=12
MP stats (solver): nodes=2398 best_bound=4558.3495534579615 incumbent=4561.99006 gap=0.0007980084336348786
MP result: status=SolveStatus.FEASIBLE obj=4561.99 lb=4558.35
[CHECK] MP: first=1.99 theta=4560 mp_total=4561.99 inc_obj=4561.99 best_bound=4558.35
[CHECK] MP bounds: mp_obj=4561.99 mp_best_bound=4558.35 mp_best_integer=4561.99 term=optimal status=ok gap=0.000798008
[MP] iter=70 incumbent=4561.99 best_bound=4558.35 gap=0.000798008 (src: inc=cplex_api bb=cplex_api gap=cplex_api)
[MP] iter=70 cuts=23 obj=4561.990 last_const=16486.000 last_nnz=28
[MW] core updated (t=0..): min=0.001 max=2 mean=0.546
Evaluating Subproblem (SP) at candidate...
2026-08-06 04:56:38,331 WARNING | mobauto2_benders.benders.solver | [CHECK FAIL] LB exceeds UB: LB=4558.35 UB=4228.99
2026-08-06 04:56:38,331 WARNING | mobauto2_benders.benders.solver | [CHECK] LB invalid; reverting to previous LB=4189.12
2026-08-06 04:56:38,333 INFO | mobauto2_benders.benders.solver | bounds: best_lb=4189.12 best_ub=4228.99 gap=39.8738 rel=0.00943
2026-08-06 04:56:38,333 WARNING | mobauto2_benders.benders.solver | Time limit reached after 70 iterations
SP result: recourse=4560 feasible=True
[SP PIPELINE] iter=70 build=0.000s solve=0.000s extract=0.000s post=0.000s cutgen=0.033s mode=mw lb_valid=True tl_inc=False vars=- bin=- cons=- lp=-
[CHECK] SP: recourse=4560 first=1.99 sp_total=4561.99
[CUT TIGHTNESS] raw_line(y)=4560  SP_ub=4560  diff=-1.82e-12
[CUT DEBUG] Not violated (dir). viol_out=0 viol_ret=0
[CUT DEBUG] Not violated (dir). viol_out=0 viol_ret=0
Master updated: no new cuts (all skipped / duplicates)
[CUT ATTEMPT] it=70 cand=OUT[0,2]|RET[0,3]|OUT[0,5]|RET[0,6]|OUT[0,7]|RET[0,9]|OUT[0,12]|RET[0,13]|OUT[0,17]|RET[0,18]|OUT[0,19]|RET[0,20]|...(+12) theta_out=2934.0000299999992 theta_ret=1626.0000300000002 theta_total=4560.000059999999 rec_out=2934.00003 rec_ret=1626.00003 rec_total=4560.00006 raw_rhs_out=2934.0000299999997 raw_rhs_ret=1626.0000300000002 raw_rhs_total=4560.00006 raw_gap=0.0 lhs_out=2934.0000299999992 lhs_ret=1626.0000300000002 lhs_total=4560.000059999999 rhs_out=2934.0000299999992 rhs_ret=1626.0000300000002 rhs_total=4560.000059999999 tol_master=1e-08 tol_filter=None skip=not_violated_directional
[CUT SUMMARY] it=70 cand=OUT[0,2]|RET[0,3]|OUT[0,5]|RET[0,6]|OUT[0,7]|RET[0,9]|OUT[0,12]|RET[0,13]|OUT[0,17]|RET[0,18]|OUT[0,19]|RET[0,20]|...(+12) decision=None skip=not_violated_directional theta_total=4560.000059999999 rec_total=4560.00006 raw_rhs_total=4560.00006 rhs_total=4560.000059999999 lhs_total=4560.000059999999
Timing: master=1.884s sp_solve=0.026s cutgen=0.033s cutadd=0.001s cuts_added=0 total_cuts=23
MP stats: nodes=2398 best_bound=4558.3495534579615 incumbent=4561.99006 gap=0.0007980084336348786
[CHECK] GAP: LB=4189.12 UB=4228.99 gap=39.8738 rel=0.00943

Time limit reached after 70 iterations.
Total solve time: 120.231 seconds
Best bounds: LB=4189.12 UB=4228.99 gap=39.8738 rel=0.00943

Best Master Solution:
Q=2 T=22
theta = 4149
  - theta_out = 2986
  - theta_ret = 1163
Timeline (per shuttle):
           0     1     2     3     4     5     6     7     8     9    10    11    12    13    14    15    16    17    18    19    20    21
  q=0:   IDL   OUT   RET   CHR   OUT   RET   OUT   RET   CHR   CHR   CHR   OUT   RET   CHR   CHR   OUT   IDL   IDL   RET   OUT   RET   IDL
  q=1:   IDL   IDL   OUT   RET   CHR   OUT   RET   OUT   IDL   RET   CHR   CHR   CHR   OUT   RET   CHR   CHR   OUT   RET   OUT   RET   IDL
Battery (per shuttle):
           0     1     2     3     4     5     6     7     8     9    10    11    12    13    14    15    16    17    18    19    20    21
  q=0:   150   150   150   120    90   125    95    65    35    35     5    40    75    45    15    50    85   120    90    60    30     0
  q=1:   150   150   150   120    90   125    95    95    65   100   135   105    75   110   145   115    85   120    90    60    30     0

Demand per slot (OUT/RET):
         0   1   2   3   4   5   6   7   8   9  10  11  12  13  14  15  16  17  18  19  20  21
  OUT:  19  22  29  22  17   8   4   4   2   4   5   3   1   4   1   2   0   1   0   2   0   0
  RET:   3   1   2   0   0   4   3   7   4   4   8  12   8   7   6   7  19  15  24  16   0   0

Pax per shuttle and slot (total):
         0   1   2   3   4   5   6   7   8   9  10  11  12  13  14  15  16  17  18  19  20  21
  q=0:   0  15   4   0  15   0  15   3   0   0   0   9  15   0   0   5   0   0  15   1  15   0
  q=1:   0   0  15   2   0  15   4  12   0  11   0   0   0   4  15   0   0   2  15   0  15   0
Pax served: 222/300
Pax served: 222/300
Subproblem (last): obj=4228 wait_slots=328 fill_eps=3e-05 penalty_cost=3900 penalty_pax=78 total_demand=300
Avg wait (min): 44.3243
UB_total (best): 4228.99

Result: status=UNKNOWN iterations=70 best_lb=4189.116232756909 best_ub=4228.99003
